s27.2_ni56_5_efin_1.06E+51,1268.5043837421849,6.5
s26.0_ni56_5_efin_5.20E+50,2595.7405774879062,6.5
s18.2_ni56_3_efin_1.60E+50,10021.306668846624,6.5
s19.4_ni56_7_efin_1.60E+50,8593.6400170668749,6.5
s14.6_ni56_7_efin_9.40E+50,324.69354567994276,6.5
s14.0_ni56_3_efin_3.40E+50,4878.6537228061206,6.5
s14.6_ni56_3_efin_7.60E+50,1032.0005482742306,6.5
s11.0_ni56_3_efin_8.20E+50,1058.0055464198192,6.5
s14.0_ni56_5_efin_1.60E+50,10482.066463370862,6.5
s16.4_ni56_5_efin_5.20E+50,2186.8406860206419,6.5
s15.8_ni56_3_efin_1.18E+51,244.81210032871928,6.5
s23.0_ni56_7_efin_8.20E+50,295.06684883683664,6.5
s21.2_ni56_7_efin_6.40E+50,319.90557411447247,6.5
s21.2_ni56_7_efin_5.20E+50,699.41092267891315,6.5
s15.8_ni56_3_efin_1.12E+51,291.55031176266004,6.5
s14.6_ni56_7_efin_7.60E+50,672.88511985017226,6.5
s17.0_ni56_3_efin_1.60E+50,10737.448631243124,6.5
s12.2_ni56_5_efin_1.18E+51,262.77277757501525,6.5
s13.4_ni56_5_efin_8.20E+50,652.34073483375744,6.0
s11.6_ni56_7_efin_1.24E+51,545.2419154266895,5.0
s14.6_ni56_3_efin_6.40E+50,1577.5035526094903,4.0
s21.2_ni56_7_efin_8.20E+50,167.49641706824747,6.5
s25.4_ni56_5_efin_9.40E+50,449.10168269887731,6.5
s27.8_ni56_3_efin_8.20E+50,1674.9858557158,6.5
s14.6_ni56_3_efin_4.60E+50,3015.0662195507075,6.5
s25.4_ni56_7_efin_5.20E+50,341.73685453553128,6.5
s23.0_ni56_7_efin_8.80E+50,378.6782870863658,6.5
s23.0_ni56_3_efin_8.80E+50,515.8714927999024,6.5
s15.8_ni56_7_efin_1.12E+51,160.87955830636497,6.5
s17.6_ni56_7_efin_8.20E+50,614.29014180377158,6.5
s11.6_ni56_3_efin_8.20E+50,1238.5896433259622,6.5
s15.2_ni56_5_efin_1.12E+51,195.71790803937193,6.5
s26.0_ni56_5_efin_7.00E+50,726.27727031838958,6.5
s16.4_ni56_7_efin_8.20E+50,572.97535640145804,6.5
s14.0_ni56_3_efin_6.40E+50,1601.2132141012951,6.5
s27.2_ni56_5_efin_4.00E+50,4551.126639405009,6.0
s15.2_ni56_7_efin_1.06E+51,206.044148460267,5.0
s27.8_ni56_3_efin_5.80E+50,1923.064655168849,4.0
s12.8_ni56_7_efin_1.12E+51,375.37619267056141,3.5
s26.0_ni56_3_efin_6.40E+50,1046.7203595191686,3.0
s13.4_ni56_7_efin_8.80E+50,463.81177042004964,2.5
s17.6_ni56_5_efin_7.00E+50,1169.593251948397,2.0
s15.2_ni56_5_efin_2.20E+50,7639.9810975018954,6.5
s19.4_ni56_5_efin_7.00E+50,1019.9544198850518,6.5
s24.8_ni56_5_efin_8.80E+50,625.55881727722294,6.5
s19.4_ni56_5_efin_4.00E+50,3126.2284789488981,6.5
s27.2_ni56_7_efin_5.80E+50,705.78961175166103,6.5
s23.0_ni56_3_efin_7.60E+50,472.16475474193146,6.5
s16.4_ni56_7_efin_9.40E+50,335.88153365918157,6.5
s25.4_ni56_7_efin_4.60E+50,557.67948110222915,6.5
s20.6_ni56_7_efin_6.40E+50,471.54564216913536,6.5
s14.6_ni56_3_efin_5.80E+50,1951.5127284773939,6.5
s19.4_ni56_3_efin_7.60E+50,845.88229494272525,6.5
s17.6_ni56_5_efin_5.80E+50,1789.9777533203312,6.5
s17.0_ni56_7_efin_1.00E+51,245.47094221549591,5.5
s12.8_ni56_5_efin_1.18E+51,237.78220196639322,4.5
s12.8_ni56_3_efin_1.24E+51,250.32481881241631,3.5
s18.8_ni56_3_efin_1.18E+51,214.63643135785372,3.0
s20.6_ni56_5_efin_7.60E+50,256.67172331200578,2.5
s22.4_ni56_7_efin_2.80E+50,3192.6817080801798,2.0
s11.6_ni56_3_efin_4.00E+50,5107.744725680127,2.0
s21.2_ni56_3_efin_7.60E+50,294.78338276756733,1.5
s14.6_ni56_5_efin_1.06E+51,243.39300138755107,1.0
s21.8_ni56_5_efin_7.00E+50,479.2720900798156,6.5
s12.2_ni56_3_efin_8.80E+50,772.94632457459261,6.5
s11.0_ni56_3_efin_4.60E+50,3753.5835133389273,6.5
s19.4_ni56_7_efin_1.24E+51,79.70684562859789,6.5
s26.6_ni56_3_efin_8.20E+50,868.47956015086299,6.5
s26.6_ni56_7_efin_1.06E+51,884.34909943482933,6.5
s19.4_ni56_3_efin_5.80E+50,1633.3241738746783,6.5
s25.4_ni56_5_efin_4.60E+50,1476.0628679646027,6.5
s19.4_ni56_7_efin_5.80E+50,1473.3911146361711,6.5
s21.8_ni56_5_efin_1.18E+51,153.91019103903881,6.5
s15.8_ni56_5_efin_7.00E+50,1111.9342272985275,6.5
s15.8_ni56_7_efin_6.40E+50,1146.4364460219952,6.5
s20.0_ni56_5_efin_1.60E+50,9258.6892380126446,6.5
s23.0_ni56_5_efin_1.18E+51,717.39485474126309,6.5
s20.6_ni56_7_efin_1.12E+51,185.55753404564484,6.5
s24.2_ni56_3_efin_1.24E+51,719.29261653046819,6.5
s27.8_ni56_7_efin_9.40E+50,1346.5754534703776,6.5
s19.4_ni56_5_efin_3.40E+50,4023.0730001370152,6.5
s23.6_ni56_7_efin_5.20E+50,449.22107065494538,6.5
s16.4_ni56_5_efin_7.60E+50,919.24712336223297,6.5
s17.6_ni56_5_efin_4.60E+50,2769.4646687626928,6.0
s19.4_ni56_5_efin_1.60E+50,8976.584653241538,6.5
s19.4_ni56_5_efin_8.20E+50,645.53560533377947,6.5
s19.4_ni56_7_efin_6.40E+50,1182.0271855047724,6.5
s12.8_ni56_7_efin_4.00E+50,3170.5627725937397,6.5
s15.2_ni56_5_efin_1.18E+51,155.91305438140211,6.5
s24.2_ni56_3_efin_1.00E+51,503.4155624420676,6.5
s17.6_ni56_7_efin_1.18E+51,119.17038769828496,6.5
s14.6_ni56_3_efin_1.60E+50,11157.848536911748,6.5
s11.6_ni56_5_efin_1.60E+50,13559.644492607535,6.5
s15.8_ni56_5_efin_1.00E+51,341.0735940015403,6.5
s18.8_ni56_7_efin_4.60E+50,2467.2773259300125,6.5
s26.6_ni56_5_efin_4.00E+50,1174.5624807049153,6.5
s26.0_ni56_5_efin_5.80E+50,951.01591687150176,6.5
s16.4_ni56_7_efin_7.00E+50,947.24626371816476,6.5
s12.2_ni56_5_efin_1.12E+51,295.38266907723801,6.5
s20.6_ni56_5_efin_4.60E+50,1302.0251845273408,6.5
s19.4_ni56_3_efin_1.24E+51,160.23865484689273,6.0
s11.0_ni56_3_efin_1.12E+51,383.34398940347819,4.5
s26.6_ni56_3_efin_7.00E+50,837.07104006016675,4.0
s15.8_ni56_3_efin_5.20E+50,2339.2092395245854,3.0
s26.6_ni56_5_efin_6.40E+50,647.54020307028986,3.0
s17.6_ni56_7_efin_5.20E+50,2017.5986126070297,6.5
s24.2_ni56_3_efin_1.12E+51,599.05433374490804,6.5
s11.0_ni56_3_efin_2.20E+50,10133.345543653331,6.5
s26.0_ni56_5_efin_8.80E+50,892.88666419065692,6.5
s16.4_ni56_5_efin_6.40E+50,1425.3752065136325,6.5
s27.2_ni56_7_efin_7.00E+50,821.38144577446587,6.5
s14.0_ni56_3_efin_2.20E+50,8585.415378120917,6.5
s26.6_ni56_3_efin_3.40E+50,5024.0905155409164,6.5
s21.8_ni56_7_efin_5.80E+50,819.57651613158055,6.5
s15.2_ni56_5_efin_5.20E+50,2157.9958818534024,6.5
s27.8_ni56_7_efin_5.80E+50,1054.2213861228699,6.5
s18.2_ni56_3_efin_5.80E+50,1791.2770355309879,6.5
s20.0_ni56_5_efin_2.80E+50,4848.1724819257579,6.5
s17.0_ni56_7_efin_1.18E+51,118.34157181278518,6.0
s17.6_ni56_3_efin_9.40E+50,536.33741662026296,5.0
s20.0_ni56_3_efin_8.20E+50,527.4912470960636,4.0
s20.0_ni56_7_efin_1.06E+51,112.3933422468445,3.5
s18.2_ni56_5_efin_8.80E+50,560.08466303605178,2.5
s18.2_ni56_5_efin_1.24E+51,142.34566133355878,2.5
s15.8_ni56_3_efin_2.80E+50,6002.4504932659929,2.0
s25.4_ni56_7_efin_1.00E+51,482.70767805948526,2.0
s24.2_ni56_7_efin_9.40E+50,343.49712437830283,6.5
s13.4_ni56_3_efin_4.60E+50,3117.2124386403452,6.5
s17.0_ni56_3_efin_7.00E+50,1215.4955327756472,6.5
s21.2_ni56_7_efin_1.06E+51,256.1385173287436,6.5
s13.4_ni56_3_efin_1.12E+51,300.30994363210476,6.5
s12.2_ni56_3_efin_5.80E+50,2222.7713693038918,6.5
s15.2_ni56_7_efin_1.12E+51,173.14936634782143,6.5
s14.6_ni56_5_efin_3.40E+50,4409.0113808784581,6.5
s24.2_ni56_5_efin_7.00E+50,222.49328398289396,6.5
s27.2_ni56_3_efin_1.12E+51,1442.121382166127,6.5
s15.8_ni56_3_efin_8.20E+50,821.59183972345318,6.5
s20.0_ni56_5_efin_1.00E+50,12654.214758318538,6.5
s20.0_ni56_5_efin_1.00E+51,202.40868635003991,6.5
s12.2_ni56_3_efin_2.80E+50,6936.9883837361558,6.5
s21.8_ni56_3_efin_1.06E+51,175.14358689548169,6.5
s22.4_ni56_3_efin_9.40E+50,188.537482804609,6.5
s15.2_ni56_3_efin_1.18E+51,244.57592497285179,6.0
s15.8_ni56_5_efin_8.80E+50,557.96053157359597,5.5
s23.6_ni56_7_efin_7.60E+50,142.34045376903495,5.0
s14.0_ni56_5_efin_8.80E+50,511.67245299831114,4.5
s14.6_ni56_3_efin_1.18E+51,240.59842898615932,6.5
s11.6_ni56_3_efin_7.60E+50,1516.5676918695362,6.5
s11.0_ni56_7_efin_4.60E+50,2693.2396776723131,6.5
s17.6_ni56_3_efin_4.00E+50,3664.960089328993,6.5
s18.2_ni56_7_efin_4.00E+50,3131.7857286370831,6.5
s27.8_ni56_5_efin_5.20E+50,1735.8407625845784,6.5
s26.6_ni56_5_efin_7.60E+50,718.54328242358656,6.5
s11.6_ni56_3_efin_1.06E+51,544.14948636445752,6.5
s11.6_ni56_7_efin_9.40E+50,690.16060550291422,6.5
s23.0_ni56_5_efin_7.60E+50,300.52363710850182,6.5
s27.8_ni56_7_efin_1.18E+51,1536.4581623200108,6.5
s23.0_ni56_5_efin_5.20E+50,1404.3251885925583,6.5
s11.0_ni56_3_efin_1.18E+51,318.17420392523366,6.5
s12.2_ni56_3_efin_8.20E+50,958.34206373440827,6.5
s20.0_ni56_5_efin_1.12E+51,131.22673453275246,5.5
s26.6_ni56_7_efin_1.12E+51,946.14063696183143,5.0
s11.6_ni56_3_efin_9.40E+50,821.5922891956925,4.0
s27.2_ni56_7_efin_8.80E+50,1011.7857674274514,3.5
s11.6_ni56_7_efin_4.60E+50,3031.3759101276496,3.0
s19.4_ni56_7_efin_7.60E+50,739.21611714582309,2.5
s24.2_ni56_7_efin_1.06E+51,495.71542989762099,6.5
s26.6_ni56_3_efin_5.80E+50,830.89297484519,6.5
s11.0_ni56_7_efin_2.80E+50,5618.4902794559439,6.5
s11.6_ni56_5_efin_1.24E+51,328.26543274994953,6.5
s27.2_ni56_3_efin_8.80E+50,1339.8562986454658,6.5
s21.2_ni56_3_efin_3.40E+50,2164.8931905181676,6.5
s22.4_ni56_5_efin_4.60E+50,1358.3515652998501,6.5
s18.8_ni56_3_efin_4.60E+50,2739.097721782693,6.5
s11.6_ni56_5_efin_5.80E+50,2315.8390068191038,6.5
s12.8_ni56_7_efin_1.06E+51,400.4421593710054,6.5
s17.6_ni56_3_efin_8.20E+50,818.35519619546858,6.5
s17.6_ni56_7_efin_2.20E+50,7312.6158684272423,6.0
s27.2_ni56_3_efin_1.18E+51,1471.8051932064955,5.0
s27.2_ni56_7_efin_8.20E+50,949.21914621605674,4.0
s21.8_ni56_3_efin_2.20E+50,5104.3727925109888,3.5
s26.6_ni56_3_efin_8.80E+50,899.13035492655945,3.0
s11.0_ni56_7_efin_1.00E+50,16300.008557045672,2.5
s11.0_ni56_7_efin_1.00E+51,663.07197481275648,2.5
s27.8_ni56_7_efin_1.06E+51,1450.2111240202794,2.0
s18.2_ni56_3_efin_1.00E+51,394.56375901843944,2.0
s11.0_ni56_7_efin_7.00E+50,1178.4318032740302,6.5
s15.2_ni56_5_efin_1.06E+51,250.15060182922258,6.5
s20.6_ni56_7_efin_7.60E+50,206.62542103591431,6.5
s24.8_ni56_5_efin_9.40E+50,696.96429796709515,6.5
s24.8_ni56_7_efin_1.24E+51,986.55988086968455,6.5
s13.4_ni56_3_efin_1.60E+50,11960.606782682073,6.5
s27.2_ni56_3_efin_7.60E+50,1293.3155256168639,6.5
s14.0_ni56_3_efin_1.06E+51,359.83615581609024,6.5
s11.0_ni56_3_efin_5.20E+50,3033.1415777643069,6.5
s26.6_ni56_7_efin_3.40E+50,1200.8074240558171,6.5
s21.8_ni56_3_efin_1.12E+51,179.94627189996919,6.5
s26.0_ni56_3_efin_8.80E+50,1094.2172423804036,6.5
s12.8_ni56_7_efin_4.00E+49,26873.457819804978,6.5
s21.2_ni56_7_efin_4.00E+50,1413.2237381182274,6.5
s18.2_ni56_5_efin_5.80E+50,1701.8465021720842,6.5
s12.2_ni56_5_efin_8.80E+50,596.95021087304281,6.5
s18.8_ni56_3_efin_1.06E+51,310.09624245298437,6.5
s21.2_ni56_7_efin_9.40E+50,186.76881958174633,6.0
s25.4_ni56_5_efin_6.40E+50,249.6128948925496,5.5
s18.2_ni56_5_efin_2.80E+50,5575.5326394977747,5.0
s27.8_ni56_7_efin_7.60E+50,1180.7837592041253,4.5
s26.6_ni56_7_efin_1.24E+51,1064.7600226520713,6.5
s17.0_ni56_7_efin_1.24E+51,101.61079955961981,6.5
s18.8_ni56_5_efin_1.60E+50,9773.1648020061657,6.5
s23.0_ni56_5_efin_1.00E+51,513.52628770797673,6.5
s27.8_ni56_5_efin_7.60E+50,1432.5417855195515,6.5
s21.2_ni56_7_efin_1.12E+51,297.14089882091758,6.5
s21.2_ni56_3_efin_1.12E+51,307.69045133302654,6.5
s15.8_ni56_3_efin_4.00E+50,3681.2220216241094,6.5
s17.6_ni56_5_efin_8.20E+50,753.73992272013902,6.5
s21.8_ni56_5_efin_5.20E+50,1163.0107956249103,6.5
s23.0_ni56_3_efin_1.00E+51,595.56728249102753,6.5
s11.0_ni56_7_efin_6.40E+50,1417.0018646616199,6.5
s15.2_ni56_7_efin_6.40E+50,1118.6760237832375,6.5
s11.0_ni56_5_efin_1.18E+51,394.49623445145573,6.5
s22.4_ni56_3_efin_1.06E+51,189.04310940537999,6.5
s14.6_ni56_3_efin_1.00E+51,433.48608601910996,6.5
s19.4_ni56_3_efin_4.60E+50,2558.0618930083292,5.5
s24.8_ni56_3_efin_4.60E+50,4086.4387426012372,4.5
s21.2_ni56_3_efin_1.18E+51,333.69887644435926,4.0
s13.4_ni56_3_efin_4.00E+50,3920.906519340775,3.5
s27.8_ni56_3_efin_1.12E+51,1706.6559970488843,3.0
s24.8_ni56_3_efin_6.40E+50,739.90914165704839,6.5
s12.8_ni56_3_efin_8.20E+50,1001.1016627402823,6.5
s17.0_ni56_7_efin_1.60E+50,9600.8605912200837,6.5
s21.8_ni56_5_efin_2.80E+50,3697.6302359186166,6.5
s24.8_ni56_3_efin_9.40E+50,823.22814070247159,6.5
s24.2_ni56_7_efin_7.00E+50,146.95383434794834,6.5
s14.6_ni56_7_efin_1.24E+51,161.86992509863578,6.5
s25.4_ni56_5_efin_5.20E+50,887.08598523578542,6.5
s21.8_ni56_5_efin_5.80E+50,868.64911575244673,6.5
s15.2_ni56_3_efin_1.12E+51,291.83569591344423,6.5
s21.8_ni56_3_efin_4.60E+50,1595.4816728216745,6.5
s18.8_ni56_3_efin_1.12E+51,255.955125585068,6.5
s24.8_ni56_3_efin_7.60E+50,695.99825163562002,6.5
s14.0_ni56_7_efin_5.20E+50,1797.4284100000305,6.0
s22.4_ni56_5_efin_1.24E+51,240.16745327907122,4.5
s27.2_ni56_7_efin_4.00E+50,1617.9430814562684,4.0
s21.2_ni56_5_efin_3.40E+50,2102.1773560741535,3.5
s15.8_ni56_3_efin_7.00E+50,1251.5233329630967,3.0
s17.0_ni56_7_efin_6.40E+50,1199.3788413727448,2.5
s17.0_ni56_5_efin_5.20E+50,2154.6691693342077,2.5
s15.2_ni56_3_efin_2.20E+50,8245.1224830478368,2.0
s15.8_ni56_3_efin_3.40E+50,4667.71984068241,6.5
s18.8_ni56_3_efin_6.40E+50,1433.9380386535327,6.5
s23.6_ni56_5_efin_8.80E+50,286.41130706417647,6.5
s18.8_ni56_3_efin_1.00E+51,383.00861603125293,6.5
s15.2_ni56_3_efin_1.60E+50,10733.476248821533,6.5
s22.4_ni56_5_efin_1.60E+50,5874.1552338523334,6.5
s24.2_ni56_3_efin_6.40E+50,1712.6823140036993,6.5
s18.8_ni56_5_efin_2.20E+50,7437.5310849584239,6.5
s20.0_ni56_7_efin_8.80E+50,279.34413473519163,6.5
s20.0_ni56_7_efin_5.80E+50,1252.5285492843882,6.5
s25.4_ni56_3_efin_1.06E+51,603.82554615557842,6.5
s17.6_ni56_7_efin_2.80E+50,5431.9097735662026,6.5
s11.0_ni56_3_efin_1.06E+51,464.1858746706182,6.5
s21.2_ni56_7_efin_5.80E+50,467.79513344452891,6.5
s12.2_ni56_5_efin_7.60E+50,923.7962968536724,6.5
s18.2_ni56_3_efin_7.00E+50,1169.7890872588255,6.5
s24.2_ni56_7_efin_7.60E+50,145.63953351090663,6.0
s23.6_ni56_7_efin_8.20E+50,185.62835689247132,5.5
s18.2_ni56_3_efin_4.00E+50,3499.5046777986236,5.0
s15.2_ni56_7_efin_4.00E+50,3018.7792911283477,6.5
s26.6_ni56_5_efin_8.80E+50,796.35093478975796,6.5
s11.6_ni56_7_efin_8.80E+50,790.25426970431943,6.5
s17.0_ni56_7_efin_7.00E+50,937.22059341243948,6.5
s22.4_ni56_3_efin_4.00E+50,1867.1883273816015,6.5
s18.2_ni56_7_efin_1.60E+50,9222.6157103956793,6.5
s13.4_ni56_3_efin_5.80E+50,2017.874842227573,6.5
s26.0_ni56_7_efin_1.06E+51,1015.4024363976849,6.5
s23.6_ni56_7_efin_1.06E+51,468.03464013895223,6.5
s26.6_ni56_5_efin_1.24E+51,1099.62721923661,6.5
s17.0_ni56_5_efin_8.80E+50,568.29638314231295,6.5
s16.4_ni56_7_efin_1.18E+51,128.58198871037251,6.5
s18.2_ni56_3_efin_2.20E+50,7739.6112725376897,6.5
s22.4_ni56_3_efin_5.80E+50,776.73805901509104,6.5
s12.2_ni56_7_efin_5.80E+50,1547.5751180087805,6.5
s14.0_ni56_5_efin_4.00E+50,3458.5327864033666,5.5
s23.0_ni56_7_efin_1.18E+51,747.46168969429993,5.0
s21.8_ni56_5_efin_4.00E+50,2047.2118733772729,4.0
s19.4_ni56_5_efin_1.06E+51,247.08408139732569,3.5
s17.6_ni56_5_efin_9.40E+50,482.08865949206506,6.5
s14.6_ni56_7_efin_7.00E+50,867.71487494595544,6.5
s20.0_ni56_3_efin_8.80E+50,415.20531733359985,6.5
s14.0_ni56_7_efin_1.06E+51,249.47042658619878,6.5
s20.0_ni56_3_efin_7.00E+50,857.97530664571048,6.5
s26.6_ni56_5_efin_1.06E+51,944.40430483906175,6.5
s14.6_ni56_7_efin_8.80E+50,406.97589031894717,6.5
s26.0_ni56_7_efin_8.20E+50,732.140969872504,6.5
s16.4_ni56_5_efin_8.20E+50,735.97547779805222,6.5
s14.0_ni56_5_efin_1.18E+51,158.65657586863961,6.5
s23.6_ni56_5_efin_5.80E+50,654.95705934854993,6.5
s20.0_ni56_5_efin_1.18E+51,118.06463305373298,6.5
s15.2_ni56_3_efin_6.40E+50,1547.7747392526312,5.5
s24.8_ni56_7_efin_1.18E+51,917.514040326442,4.5
s23.0_ni56_7_efin_7.60E+50,236.07370744595264,4.0
s22.4_ni56_3_efin_1.00E+51,182.52657736309845,3.5
s26.6_ni56_7_efin_9.40E+50,766.62298924494075,3.0
s14.0_ni56_3_efin_7.00E+50,1295.5298369832976,2.5
s24.2_ni56_7_efin_6.40E+50,211.6069491644694,2.5
s12.2_ni56_3_efin_1.24E+51,236.0016468668621,6.5
s14.0_ni56_5_efin_5.20E+50,2157.5656213851153,6.5
s11.0_ni56_5_efin_1.12E+51,420.50528647816674,6.5
s15.2_ni56_7_efin_2.20E+50,6842.8936577424511,6.5
s21.8_ni56_7_efin_6.40E+50,599.72723783686047,6.5
s13.4_ni56_5_efin_5.80E+50,1704.9547944769822,6.5
s16.4_ni56_3_efin_1.60E+50,11078.008417864126,6.5
s12.8_ni56_7_efin_1.24E+51,370.28043603595808,6.5
s12.8_ni56_5_efin_8.20E+50,766.80241370768385,6.5
s26.0_ni56_3_efin_5.20E+50,5788.0134240908556,6.5
s21.2_ni56_3_efin_1.60E+50,5660.289752144814,6.5
s11.0_ni56_5_efin_2.20E+50,8949.5141682735375,6.5
s26.0_ni56_7_efin_8.80E+50,811.78190869741275,6.5
s15.8_ni56_3_efin_2.20E+50,8150.8102491758045,6.5
s20.0_ni56_3_efin_4.60E+50,2286.3274926560739,6.5
s20.0_ni56_7_efin_4.00E+50,2649.6682653393336,6.5
s19.4_ni56_5_efin_5.20E+50,1956.5753711655771,6.5
s20.0_ni56_3_efin_1.06E+51,213.63786430066364,6.0
s12.8_ni56_3_efin_1.12E+51,361.78032456663044,5.5
s23.0_ni56_5_efin_5.80E+50,933.89734599882445,6.5
s11.0_ni56_5_efin_1.60E+50,12528.796485037341,6.5
s22.4_ni56_7_efin_6.40E+50,491.38256836005542,6.5
s20.6_ni56_7_efin_8.80E+50,118.41903341863407,6.5
s26.6_ni56_3_efin_5.20E+50,873.72743554680414,6.5
s18.8_ni56_7_efin_5.20E+50,1959.6140239961037,6.5
s17.0_ni56_7_efin_7.60E+50,726.85922404229575,6.5
s12.8_ni56_3_efin_9.40E+50,656.6165651835322,6.5
s22.4_ni56_3_efin_8.20E+50,246.11062419097237,6.5
s11.0_ni56_7_efin_5.20E+50,2157.1145757411286,6.5
s15.8_ni56_7_efin_9.40E+50,318.53398960406884,6.5
s12.2_ni56_5_efin_9.40E+50,491.35345911409604,6.5
s24.8_ni56_7_efin_5.20E+50,521.77219564810821,6.5
s12.2_ni56_7_efin_5.20E+50,1928.1074192261124,6.5
s23.6_ni56_3_efin_1.00E+51,476.13915879412036,6.5
s17.6_ni56_7_efin_6.40E+50,1281.4780557880149,6.5
s17.6_ni56_3_efin_2.20E+50,8091.43191503866,5.5
s13.4_ni56_5_efin_1.00E+51,319.46710916436058,5.0
s15.8_ni56_3_efin_1.60E+50,11048.47003179194,4.5
s12.8_ni56_7_efin_6.40E+50,1284.9645219714155,6.5
s12.8_ni56_5_efin_2.20E+50,8488.4522475885169,6.5
s24.8_ni56_5_efin_1.24E+51,993.90466894828774,6.5
s14.6_ni56_7_efin_5.20E+50,1830.0967769054157,6.5
s21.2_ni56_5_efin_5.80E+50,547.20422494822333,6.5
s22.4_ni56_7_efin_1.18E+51,206.12216935663196,6.5
s25.4_ni56_7_efin_1.12E+51,606.56129336790764,6.5
s21.8_ni56_3_efin_9.40E+50,199.96591476736222,6.5
s26.0_ni56_5_efin_1.06E+51,1057.7108171624402,6.5
s12.8_ni56_7_efin_5.80E+50,1602.8625352808524,6.5
s17.6_ni56_7_efin_7.60E+50,790.5658563690796,6.5
s21.8_ni56_7_efin_1.12E+51,134.7427069543445,6.5
s14.6_ni56_5_efin_1.00E+51,313.05186455140222,6.5
s12.2_ni56_7_efin_4.60E+50,2413.6362398569399,5.5
s23.6_ni56_5_efin_6.40E+50,485.73445593845906,4.5
s15.2_ni56_3_efin_1.24E+51,207.13042606158365,4.0
s18.2_ni56_3_efin_1.06E+51,321.94031969391835,3.5
s17.6_ni56_3_efin_1.06E+51,355.13850186031391,3.0
s17.0_ni56_3_efin_8.80E+50,641.16313572472643,3.0
s26.0_ni56_7_efin_1.24E+51,1220.7233118362001,6.5
s12.8_ni56_3_efin_4.00E+49,32788.591045594825,6.5
s17.0_ni56_5_efin_1.00E+51,356.19499645219014,6.5
s20.0_ni56_3_efin_6.40E+50,1103.2569548476336,6.5
s26.0_ni56_5_efin_7.60E+50,777.82507034843366,6.5
s26.0_ni56_5_efin_6.40E+50,739.47499171835898,6.5
s21.2_ni56_3_efin_2.20E+50,4434.8307341415439,6.5
s14.0_ni56_3_efin_5.80E+50,1979.215078492894,6.5
s14.0_ni56_3_efin_8.80E+50,683.35043901257859,6.5
s14.6_ni56_5_efin_1.12E+51,191.51384097497029,6.5
s17.6_ni56_3_efin_2.80E+50,5965.6832737214208,6.5
s13.4_ni56_3_efin_1.24E+51,206.73156783587439,6.5
s26.6_ni56_7_efin_5.80E+50,474.79469904374378,6.5
s20.0_ni56_5_efin_1.24E+51,115.16533509737897,6.5
s23.6_ni56_5_efin_1.00E+51,417.1424238359316,6.5
s11.0_ni56_5_efin_6.40E+50,1618.2739302441146,6.5
s20.6_ni56_5_efin_4.00E+50,1738.2438197776139,6.5
s19.4_ni56_3_efin_8.20E+50,672.45721268598277,6.0
s24.8_ni56_5_efin_5.20E+50,1623.9320740120027,5.5
s27.2_ni56_3_efin_7.00E+50,1278.9880950340698,6.5
s27.8_ni56_5_efin_6.40E+50,1416.2724741176366,6.5
s26.6_ni56_3_efin_1.12E+51,1066.884857935672,6.5
s17.6_ni56_3_efin_1.18E+51,247.37458588512985,6.5
s13.4_ni56_7_efin_4.00E+50,2950.2097393663503,6.5
s24.8_ni56_7_efin_9.40E+50,635.01639377064271,6.5
s18.2_ni56_5_efin_1.60E+50,9758.1654597149864,6.5
s26.6_ni56_5_efin_5.20E+50,656.4988980027523,6.5
s17.6_ni56_5_efin_1.18E+51,195.9890578802611,6.5
s18.2_ni56_5_efin_4.60E+50,2651.3321515675352,6.5
s18.2_ni56_5_efin_1.06E+51,279.62627805860734,6.5
s18.8_ni56_5_efin_8.20E+50,707.66167096421998,6.5
s15.8_ni56_7_efin_3.40E+50,3940.7848614265881,6.5
s19.4_ni56_5_efin_1.12E+51,194.8216560866814,6.5
s17.0_ni56_3_efin_1.00E+51,420.65713870472371,6.5
s13.4_ni56_5_efin_5.20E+50,2154.5256240223825,6.5
s18.8_ni56_7_efin_8.80E+50,474.37743340797391,6.5
s27.8_ni56_7_efin_8.20E+50,1234.217796226154,5.5
s20.0_ni56_5_efin_4.00E+50,2810.8567020190126,5.0
s27.2_ni56_7_efin_7.60E+50,885.49842877902233,6.5
s14.0_ni56_5_efin_3.40E+50,4414.2193999020255,6.5
s22.4_ni56_7_efin_5.20E+50,965.46513723499959,6.5
s17.6_ni56_5_efin_2.20E+50,7787.0144089784972,6.5
s19.4_ni56_7_efin_8.80E+50,434.99893214749767,6.5
s20.0_ni56_5_efin_7.00E+50,810.0589561310635,6.5
s12.8_ni56_5_efin_7.00E+50,1217.2182586946615,6.5
s26.6_ni56_7_efin_4.60E+50,449.33720548870417,6.5
s18.8_ni56_7_efin_8.20E+50,614.10766277775281,6.5
s18.8_ni56_5_efin_2.80E+50,5546.0859342674457,6.5
s17.0_ni56_3_efin_6.40E+50,1504.3628871552723,6.5
s27.2_ni56_5_efin_5.80E+50,979.13919034069283,6.5
s21.2_ni56_5_efin_7.00E+50,284.0099582350212,6.5
s18.8_ni56_7_efin_1.00E+51,268.27597397507265,5.5
s24.8_ni56_7_efin_1.00E+51,709.91657443886425,4.5
s21.2_ni56_5_efin_4.00E+50,1503.7413791822983,4.0
s15.8_ni56_3_efin_7.60E+50,1015.0869701122954,3.5
s20.0_ni56_3_efin_2.80E+50,4990.0660384159546,3.5
s13.4_ni56_5_efin_4.00E+50,3472.5495092543233,6.5
s18.2_ni56_7_efin_1.12E+51,136.85513008120319,6.5
s26.6_ni56_3_efin_1.06E+51,1019.2522250540446,6.5
s14.6_ni56_5_efin_9.40E+50,403.43671526684835,6.5
s24.2_ni56_3_efin_5.80E+50,1880.3410677603711,6.5
s11.6_ni56_7_efin_3.40E+50,4828.989045255832,6.5
s19.4_ni56_7_efin_8.20E+50,572.75593753562111,6.5
s14.6_ni56_5_efin_2.80E+50,5803.3479044745291,6.5
s11.0_ni56_5_efin_1.24E+51,386.20176767570865,6.5
s17.0_ni56_7_efin_2.80E+50,5243.6056578125481,6.5
s17.0_ni56_5_efin_1.60E+50,10314.147862672633,6.5
s12.2_ni56_3_efin_1.60E+50,12813.982182017658,6.5
s11.6_ni56_7_efin_1.60E+50,11718.585219976019,6.5
s11.6_ni56_7_efin_1.18E+51,530.34792210446744,6.5
s11.6_ni56_7_efin_8.20E+50,916.71463696807496,6.5
s24.8_ni56_5_efin_7.00E+50,487.12906462664324,6.5
s21.2_ni56_7_efin_1.24E+51,381.62738179632225,6.5
s26.6_ni56_3_efin_7.60E+50,848.93312303665834,6.5
s16.4_ni56_3_efin_5.80E+50,1916.9950203587193,5.5
s20.0_ni56_3_efin_1.12E+51,183.02707756456371,6.5
s26.6_ni56_3_efin_6.40E+50,823.00592990289169,6.5
s20.0_ni56_7_efin_1.12E+51,98.776300546245864,6.5
s16.4_ni56_5_efin_8.80E+50,586.9458061959001,6.5
s16.4_ni56_5_efin_1.24E+51,143.31972517019284,6.5
s13.4_ni56_3_efin_6.40E+50,1631.3452867564497,6.5
s15.2_ni56_3_efin_5.20E+50,2373.238687406405,6.5
s15.2_ni56_7_efin_1.24E+51,143.157691244554,6.5
s22.4_ni56_3_efin_1.12E+51,206.89865381744639,6.5
s26.0_ni56_7_efin_9.40E+50,876.25377010662783,6.5
s11.6_ni56_7_efin_7.60E+50,1081.6246917651674,6.5
s12.2_ni56_7_efin_1.00E+50,14661.379551651138,6.5
s18.2_ni56_3_efin_4.60E+50,2779.1525894226556,6.5
s15.8_ni56_3_efin_9.40E+50,536.8632447819241,6.5
s14.6_ni56_5_efin_1.18E+51,153.27067119834362,6.5
s21.8_ni56_7_efin_1.06E+51,117.96036792088934,6.5
s23.6_ni56_7_efin_6.40E+50,218.78559375990233,6.5
s11.0_ni56_3_efin_7.00E+50,1615.5698509612673,5.5
s25.4_ni56_7_efin_8.20E+50,260.69828096747619,6.5
s12.8_ni56_7_efin_1.18E+51,366.32775740817135,6.5
s27.2_ni56_3_efin_1.00E+51,1390.3817938378743,6.5
s15.8_ni56_7_efin_2.20E+50,7079.5880165624167,6.5
s11.6_ni56_5_efin_4.00E+49,37468.675342569775,6.5
s12.2_ni56_3_efin_7.00E+50,1466.4491061873687,6.5
s15.2_ni56_3_efin_2.80E+50,6117.3176773832338,6.5
s17.6_ni56_5_efin_3.40E+50,4432.9802234295512,6.5
s18.2_ni56_7_efin_1.06E+51,183.51265272063893,6.5
s11.6_ni56_7_efin_1.00E+51,616.91463360961382,6.5
s22.4_ni56_3_efin_1.60E+50,5924.8735384797255,6.5
s18.2_ni56_3_efin_3.40E+50,4431.7738153410564,6.5
s18.2_ni56_3_efin_8.20E+50,755.67057318254979,6.5
s16.4_ni56_7_efin_4.00E+50,3150.688870792887,6.0
s11.6_ni56_5_efin_6.40E+50,1866.3700255034687,5.0
s20.6_ni56_3_efin_7.60E+50,301.92496528858169,4.5
s18.8_ni56_3_efin_8.80E+50,596.50067460343848,4.0
s17.6_ni56_3_efin_1.24E+51,211.21220123903203,3.5
s23.0_ni56_7_efin_1.12E+51,668.08001492619542,6.5
s20.6_ni56_3_efin_5.20E+50,995.32313143325109,6.5
s25.4_ni56_5_efin_5.80E+50,656.69942191431323,6.5
s14.6_ni56_5_efin_7.00E+50,1090.9161425331858,6.5
s23.6_ni56_7_efin_1.00E+51,401.53855379734114,6.5
s14.6_ni56_7_efin_2.80E+50,5170.7385439011368,6.5
s20.0_ni56_5_efin_9.40E+50,271.13541172897658,6.5
s24.2_ni56_7_efin_1.00E+51,423.8895052218254,6.5
s18.8_ni56_5_efin_8.80E+50,563.9922746029373,6.5
s20.6_ni56_5_efin_1.24E+51,225.32966706749528,6.5
s22.4_ni56_7_efin_4.60E+50,1311.1473976658681,6.5
s26.0_ni56_3_efin_1.18E+51,1299.4430238145085,6.5
s27.8_ni56_3_efin_1.24E+51,1739.4552823232666,6.5
s20.6_ni56_3_efin_5.80E+50,754.63450547171533,6.5
s11.0_ni56_7_efin_1.06E+51,644.18593399550468,6.5
s20.6_ni56_7_efin_3.40E+50,2142.7851917172748,6.5
s18.2_ni56_7_efin_4.60E+50,2465.3215955323271,6.5
s25.4_ni56_7_efin_7.60E+50,194.01271120959765,6.0
s13.4_ni56_3_efin_9.40E+50,555.64236265276065,6.0
s19.4_ni56_7_efin_4.60E+50,2333.2786776029834,6.5
s18.2_ni56_5_efin_4.00E+50,3347.1484942641464,6.5
s21.8_ni56_7_efin_2.20E+50,4707.0424796426896,6.5
s22.4_ni56_7_efin_5.80E+50,699.13518279860682,6.5
s18.8_ni56_7_efin_9.40E+50,358.6006375346085,6.5
s15.8_ni56_5_efin_4.00E+50,3422.3444585380207,6.5
s17.6_ni56_3_efin_3.40E+50,4634.9423064989387,6.5
s21.2_ni56_7_efin_3.40E+50,1972.7296605463557,6.5
s26.0_ni56_7_efin_7.00E+50,561.86160106891248,6.5
s16.4_ni56_3_efin_1.00E+51,441.93863456562951,6.5
s26.0_ni56_7_efin_1.00E+51,949.55882806057048,6.5
s19.4_ni56_7_efin_1.00E+51,240.11946034858656,6.5
s18.8_ni56_5_efin_3.40E+50,4242.7734897987366,6.5
s22.4_ni56_5_efin_4.00E+50,1831.9525678287227,6.5
s25.4_ni56_7_efin_1.18E+51,679.62102587773961,6.5
s11.0_ni56_7_efin_9.40E+50,706.6228124504089,6.5
s16.4_ni56_5_efin_5.80E+50,1763.9229807085994,6.5
s14.6_ni56_5_efin_5.20E+50,2173.8677549454728,6.5
s14.6_ni56_3_efin_1.06E+51,351.79629990779358,6.5
s11.0_ni56_5_efin_5.20E+50,2536.5052902560246,6.5
s11.6_ni56_5_efin_8.80E+50,799.35588159912163,6.5
s17.6_ni56_3_efin_1.12E+51,293.79756022432434,6.5
s27.2_ni56_5_efin_1.18E+51,1355.8393774992926,6.5
s26.0_ni56_7_efin_4.00E+50,1666.5335062810991,6.5
s15.2_ni56_7_efin_1.00E+51,252.34575844700638,6.5
s12.2_ni56_5_efin_6.40E+50,1460.1786949444654,6.5
s16.4_ni56_5_efin_2.80E+50,5700.4409463620732,6.5
s11.6_ni56_5_efin_7.60E+50,1213.1891003293533,6.5
s18.2_ni56_5_efin_7.00E+50,1105.2606158964795,6.5
s19.4_ni56_3_efin_1.18E+51,186.69822389098164,6.5
s11.6_ni56_7_efin_4.00E+49,33291.658887560174,6.5
s18.8_ni56_3_efin_3.40E+50,4386.7331083050467,6.5
s14.0_ni56_3_efin_1.00E+51,442.41903025519787,6.5
s12.8_ni56_7_efin_1.60E+50,10339.479235606374,6.5
s27.8_ni56_7_efin_7.00E+50,1118.6190203822696,6.0
s25.4_ni56_7_efin_9.40E+50,416.55715861220961,5.5
s18.2_ni56_3_efin_2.80E+50,5733.3778765256857,5.0
s11.0_ni56_5_efin_2.80E+50,6689.9362567357512,4.0
s19.4_ni56_7_efin_2.20E+50,6625.7871406806389,6.5
s27.2_ni56_5_efin_8.20E+50,1092.2093913399583,6.5
s14.6_ni56_3_efin_8.80E+50,671.1772133179287,6.5
s23.6_ni56_3_efin_1.12E+51,564.93704247691619,6.5
s12.8_ni56_5_efin_7.60E+50,966.07844209264158,6.5
s25.4_ni56_5_efin_1.00E+51,501.53092607245947,6.5
s18.8_ni56_7_efin_1.60E+50,9321.813565352164,6.5
s12.8_ni56_5_efin_4.60E+50,2995.9103561280112,6.5
s12.2_ni56_7_efin_1.60E+50,9979.6648409336522,6.5
s11.0_ni56_3_efin_2.80E+50,7640.2300600799599,6.5
s22.4_ni56_5_efin_1.18E+51,203.21902796862736,6.5
s17.6_ni56_5_efin_1.60E+50,10288.153362823105,6.5
s20.0_ni56_5_efin_8.20E+50,480.70013895776879,6.5
s20.0_ni56_7_efin_1.24E+51,103.57154432257636,6.5
s26.6_ni56_5_efin_1.18E+51,1048.9775794121524,6.5
s26.0_ni56_3_efin_7.00E+50,1017.0697016742686,6.5
s23.0_ni56_5_efin_6.40E+50,610.96184728003607,6.5
s24.2_ni56_5_efin_1.00E+51,435.58875155759711,6.0
s27.8_ni56_7_efin_4.00E+50,2699.8453705491092,6.5
s19.4_ni56_3_efin_8.80E+50,532.62940430805349,6.5
s12.8_ni56_3_efin_2.80E+50,7080.9582763547151,6.5
s19.4_ni56_5_efin_2.20E+50,6961.3897430565476,6.5
s18.2_ni56_5_efin_1.00E+51,351.18697934436238,6.5
s24.2_ni56_3_efin_8.20E+50,335.88724464522198,6.5
s21.2_ni56_5_efin_2.20E+50,4107.6654925401226,6.5
s21.2_ni56_7_efin_2.20E+50,3732.3713923971359,6.5
s12.2_ni56_3_efin_4.60E+50,3373.1989867781767,6.5
s24.2_ni56_5_efin_1.24E+51,677.02841666392248,6.5
s25.4_ni56_7_efin_6.40E+50,154.19733996328114,6.5
s12.2_ni56_3_efin_1.06E+51,415.79651021301964,6.5
s15.2_ni56_7_efin_2.80E+50,5162.4856680085986,6.5
s27.8_ni56_5_efin_1.12E+51,1594.5216671899593,6.5
s23.6_ni56_5_efin_8.20E+50,230.14672509347722,6.5
s12.2_ni56_5_efin_5.20E+50,2297.7392729675666,6.5
s12.8_ni56_7_efin_4.60E+50,2508.3958494161184,6.5
s16.4_ni56_3_efin_7.00E+50,1264.2492677671853,6.5
s23.6_ni56_5_efin_7.60E+50,198.1955290887164,6.5
s15.2_ni56_7_efin_5.80E+50,1433.4141692172889,6.5
s16.4_ni56_3_efin_4.00E+50,3698.7594382290508,6.5
s19.4_ni56_7_efin_1.18E+51,95.589742127621122,6.5
s27.8_ni56_7_efin_6.40E+50,1068.7261884989641,6.5
s18.8_ni56_7_efin_2.80E+50,5299.3643570313743,6.5
s21.8_ni56_3_efin_7.00E+50,513.04980899900352,6.5
s16.4_ni56_7_efin_1.60E+50,9770.6907138477745,6.5
s11.6_ni56_5_efin_7.00E+50,1504.7134316937954,6.5
s17.0_ni56_3_efin_5.20E+50,2297.1344280004382,6.5
s11.0_ni56_3_efin_4.00E+49,37551.252459131974,6.5
s20.6_ni56_5_efin_1.18E+51,187.35374749318916,6.5
s26.6_ni56_7_efin_6.40E+50,503.06746287749183,6.5
s13.4_ni56_5_efin_1.12E+51,209.28439366778349,6.5
s11.6_ni56_5_efin_1.00E+51,556.09429269289694,6.5
s27.8_ni56_5_efin_3.40E+50,9379.7204810108669,6.5
s13.4_ni56_7_efin_1.60E+50,9418.313335872881,6.5
s12.8_ni56_3_efin_1.60E+50,13005.627785749846,6.5
s24.2_ni56_5_efin_8.20E+50,232.70190476642733,6.5
s20.0_ni56_3_efin_5.80E+50,1412.1176175977018,5.5
s21.8_ni56_3_efin_8.20E+50,293.7563366899704,5.0
s20.0_ni56_5_efin_8.80E+50,365.2179405958604,6.5
s13.4_ni56_3_efin_2.20E+50,8686.7431928365149,6.5
s22.4_ni56_3_efin_4.60E+50,1397.135706470807,6.5
s23.0_ni56_7_efin_6.40E+50,293.2888010875098,6.5
s26.6_ni56_5_efin_3.40E+50,3328.7861040291073,6.5
s21.8_ni56_5_efin_9.40E+50,147.75403990814812,6.5
s12.8_ni56_7_efin_1.00E+51,442.78259242546847,6.5
s12.8_ni56_7_efin_1.00E+50,15991.299561776334,6.5
s11.6_ni56_5_efin_1.00E+50,20650.52760423745,6.5
s20.0_ni56_5_efin_2.20E+50,6579.78212009243,6.5
s22.4_ni56_7_efin_7.60E+50,224.23087556399611,6.5
s24.2_ni56_7_efin_5.20E+50,422.5699313080429,6.5
s18.8_ni56_7_efin_4.00E+50,3137.2157637791934,6.5
s12.8_ni56_5_efin_1.60E+50,11864.585927093565,6.5
s21.2_ni56_5_efin_5.20E+50,781.58822548876708,6.5
s19.4_ni56_7_efin_5.20E+50,1844.3903502447401,6.5
s14.6_ni56_5_efin_8.80E+50,521.53786925688746,6.5
s21.8_ni56_7_efin_8.80E+50,147.05397136817948,6.5
s13.4_ni56_7_efin_3.40E+50,3831.3978440734845,6.5
s15.8_ni56_7_efin_1.06E+51,197.40087822665552,6.5
s17.0_ni56_3_efin_1.06E+51,343.39604224697172,6.5
s24.2_ni56_7_efin_1.12E+51,558.85604060436572,6.5
s18.8_ni56_5_efin_6.40E+50,1372.8721302434124,6.5
s18.8_ni56_3_efin_5.80E+50,1769.8162426282438,6.5
s15.2_ni56_5_efin_3.40E+50,4346.7759152326944,6.5
s20.6_ni56_5_efin_5.20E+50,955.35355943686523,6.5
s26.6_ni56_5_efin_7.00E+50,679.85145281403004,6.5
s15.2_ni56_5_efin_9.40E+50,413.82162540565491,6.5
s15.2_ni56_5_efin_4.00E+50,3414.7535767304589,6.5
s11.6_ni56_7_efin_7.00E+50,1308.2527014092584,6.5
s14.0_ni56_5_efin_7.60E+50,843.84801144044263,6.5
s11.6_ni56_7_efin_4.00E+50,3799.597620083468,6.5
s14.6_ni56_5_efin_5.80E+50,1730.7263225723646,6.5
s15.8_ni56_7_efin_7.00E+50,897.61491236764004,6.5
s20.0_ni56_7_efin_5.20E+50,1611.2898002612753,6.5
s14.6_ni56_3_efin_7.00E+50,1277.3364310590789,6.5
s20.6_ni56_7_efin_1.24E+51,276.20810552767034,6.5
s15.2_ni56_3_efin_3.40E+50,4682.644555946139,6.5
s20.0_ni56_7_efin_7.00E+50,722.35543678508191,6.5
s23.0_ni56_5_efin_8.80E+50,401.95557145670557,6.5
s13.4_ni56_5_efin_2.80E+50,5797.1437744877376,6.5
s17.0_ni56_5_efin_5.80E+50,1733.3010572582534,6.5
s14.0_ni56_7_efin_3.40E+50,3850.5149321138761,6.5
s15.8_ni56_7_efin_1.18E+51,136.50168617426704,6.5
s19.4_ni56_3_efin_2.80E+50,5392.7010415549703,6.5
s21.2_ni56_5_efin_1.60E+50,5496.8839754084293,6.5
s24.2_ni56_3_efin_8.80E+50,392.57417408740878,6.5
s14.0_ni56_7_efin_9.40E+50,351.20254560536625,6.5
s11.6_ni56_3_efin_4.60E+50,4119.5591948755218,6.5
s13.4_ni56_7_efin_5.80E+50,1405.0851439748094,6.5
s18.2_ni56_7_efin_8.80E+50,444.90899711970184,6.5
s12.8_ni56_3_efin_2.20E+50,9424.8884411373565,6.5
s13.4_ni56_7_efin_7.60E+50,694.2506891908281,6.5
s14.6_ni56_3_efin_3.40E+50,4786.8738769756837,6.5
s20.0_ni56_7_efin_3.40E+50,3477.4860417885002,6.5
s24.2_ni56_3_efin_7.60E+50,302.18673480427583,6.0
s17.0_ni56_5_efin_1.18E+51,176.37636077890869,5.0
s15.8_ni56_7_efin_1.24E+51,122.88588570199865,6.5
s24.8_ni56_7_efin_8.20E+50,486.35171297989029,6.5
s24.8_ni56_3_efin_1.06E+51,904.62693643871762,6.5
s27.8_ni56_3_efin_3.40E+50,11877.653279695531,6.5
s21.8_ni56_7_efin_7.60E+50,286.80416979389918,6.5
s25.4_ni56_7_efin_1.06E+51,543.04491612681693,6.5
s12.2_ni56_7_efin_1.12E+51,438.37647758244373,6.5
s27.8_ni56_3_efin_4.60E+50,3842.5149194430996,6.5
s23.0_ni56_3_efin_7.00E+50,603.46984518290719,6.5
s23.6_ni56_5_efin_1.18E+51,581.46714759038468,6.5
s27.2_ni56_3_efin_3.40E+50,7386.221729722085,6.5
s20.6_ni56_7_efin_5.20E+50,898.76949875980904,6.5
s27.2_ni56_5_efin_9.40E+50,1187.3311520409115,6.5
s14.0_ni56_3_efin_9.40E+50,548.4027137927892,6.5
s12.2_ni56_3_efin_4.00E+50,4214.1897263055034,6.5
s21.8_ni56_7_efin_1.60E+50,6259.0200915199248,6.5
s26.0_ni56_3_efin_7.60E+50,1034.5021791402137,6.5
s20.6_ni56_3_efin_6.40E+50,571.0302045686999,6.5
s18.8_ni56_5_efin_1.00E+51,354.58006072529508,6.5
s27.8_ni56_3_efin_7.00E+50,1713.0424145474381,6.5
s16.4_ni56_3_efin_1.06E+51,360.12365223510085,6.5
s21.8_ni56_7_efin_3.40E+50,2627.1646040990236,6.5
s14.6_ni56_3_efin_5.20E+50,2418.01332835227,6.5
s11.6_ni56_7_efin_5.20E+50,2440.3336505664006,6.5
s20.0_ni56_5_efin_4.60E+50,2193.4422966289203,6.5
s20.0_ni56_5_efin_1.06E+51,156.91895708592426,6.5
s21.8_ni56_3_efin_1.24E+51,217.10773196546302,6.5
s26.6_ni56_3_efin_2.80E+50,4320.0032843095978,6.5
s20.6_ni56_5_efin_9.40E+50,125.53492035787781,6.5
s20.0_ni56_5_efin_3.40E+50,3669.3467044703903,6.5
s27.2_ni56_5_efin_7.60E+50,1047.6496546455116,6.5
s17.0_ni56_3_efin_2.80E+50,5879.9955640304734,6.5
s27.2_ni56_3_efin_4.00E+50,7824.2379171179991,6.5
s17.0_ni56_5_efin_6.40E+50,1395.1531355156926,6.5
s17.6_ni56_7_efin_1.00E+51,270.17945721664671,6.5
s19.4_ni56_7_efin_1.06E+51,175.16725667998989,6.5
s17.6_ni56_7_efin_5.80E+50,1610.2099800574711,6.5
s27.8_ni56_7_efin_1.12E+51,1494.8005786081342,6.5
s21.2_ni56_5_efin_7.60E+50,222.75772222974302,6.5
s23.0_ni56_5_efin_1.06E+51,577.59542700368377,6.5
s19.4_ni56_3_efin_6.40E+50,1316.5228963345658,6.5
s18.2_ni56_7_efin_2.20E+50,7033.9438808260029,6.5
s23.6_ni56_3_efin_6.40E+50,1390.5514248456511,6.5
s18.8_ni56_5_efin_4.60E+50,2629.689162578683,6.5
s21.2_ni56_7_efin_7.60E+50,183.92326997803809,6.5
s11.0_ni56_3_efin_3.40E+50,5922.3016064781987,6.5
s26.6_ni56_7_efin_1.18E+51,1004.3737565855733,6.5
s11.0_ni56_3_efin_9.40E+50,696.52055303448697,6.5
s17.0_ni56_7_efin_2.20E+50,7172.0186752047111,6.5
s11.0_ni56_3_efin_4.00E+50,4684.7057035006355,6.5
s21.8_ni56_7_efin_4.60E+50,1480.4642675410848,6.5
s16.4_ni56_5_efin_1.60E+50,10541.284817991458,6.5
s12.8_ni56_5_efin_4.00E+50,3772.0892842099106,6.5
s16.4_ni56_5_efin_4.60E+50,2735.453988260148,6.5
s23.0_ni56_3_efin_6.40E+50,2169.3037335213398,6.5
s24.2_ni56_5_efin_1.18E+51,611.47230316754542,6.5
s16.4_ni56_5_efin_1.06E+51,289.11668236477624,6.0
s25.4_ni56_3_efin_1.18E+51,728.05638484557289,6.5
s13.4_ni56_7_efin_4.60E+50,2290.7835648533355,6.5
s20.6_ni56_5_efin_1.00E+51,126.31132422857561,6.5
s18.2_ni56_3_efin_1.24E+51,191.54428523254307,6.5
s25.4_ni56_5_efin_1.06E+51,555.48295392858915,6.5
s11.0_ni56_5_efin_3.40E+50,5146.1204181715329,6.5
s14.0_ni56_5_efin_6.40E+50,1355.6409684174116,6.5
s19.4_ni56_5_efin_6.40E+50,1268.419826345988,6.5
s12.8_ni56_7_efin_8.20E+50,701.81746620625142,6.5
s17.0_ni56_3_efin_7.60E+50,981.1401305211615,6.5
s22.4_ni56_3_efin_2.80E+50,3504.977029304102,6.5
s11.0_ni56_7_efin_4.00E+49,29873.247594123,6.5
s27.2_ni56_5_efin_4.60E+50,1447.191267026556,6.5
s25.4_ni56_3_efin_1.12E+51,666.30303225630712,6.5
s11.6_ni56_3_efin_5.80E+50,2750.0564357621097,6.5
s20.6_ni56_7_efin_7.00E+50,310.97262038729957,6.5
s18.8_ni56_5_efin_1.06E+51,282.67116885171066,6.5
s11.0_ni56_5_efin_4.00E+49,34650.204656319445,6.5
s27.8_ni56_3_efin_4.00E+50,11854.281480925998,6.5
s18.8_ni56_7_efin_1.12E+51,146.74454063204465,6.5
s12.2_ni56_7_efin_2.20E+50,7029.1009103824899,6.5
s15.2_ni56_3_efin_8.20E+50,821.54154799494017,6.5
s15.8_ni56_7_efin_8.80E+50,413.59999496148953,6.5
s13.4_ni56_7_efin_2.20E+50,6893.1565998118531,6.5
s25.4_ni56_3_efin_4.60E+50,1828.3073860387331,6.5
s27.8_ni56_7_efin_4.60E+50,1609.6085133549439,6.5
s14.6_ni56_7_efin_1.12E+51,186.71778492606725,6.5
s17.0_ni56_3_efin_1.12E+51,284.26727954764272,6.5
s22.4_ni56_7_efin_1.60E+50,5616.2018640878778,6.5
s18.8_ni56_3_efin_5.20E+50,2190.0239656456783,6.5
s27.8_ni56_3_efin_8.80E+50,1682.7246829962919,6.5
s16.4_ni56_7_efin_1.12E+51,156.8768966021722,6.5
s23.0_ni56_3_efin_1.24E+51,829.02183056164176,6.5
s27.2_ni56_3_efin_4.60E+50,2072.1485280384072,6.5
s22.4_ni56_5_efin_9.40E+50,146.1592155486469,6.5
s15.8_ni56_3_efin_5.80E+50,1895.7360208347595,6.5
s21.2_ni56_3_efin_8.20E+50,256.48703232701894,6.5
s23.6_ni56_3_efin_1.24E+51,681.56908114990142,6.5
s14.0_ni56_3_efin_8.20E+50,848.02850639747032,6.5
s12.2_ni56_3_efin_1.00E+51,507.07040226320987,6.5
s12.2_ni56_3_efin_1.00E+50,18838.992564292621,6.5
s22.4_ni56_5_efin_1.00E+51,144.5717907328515,6.5
s16.4_ni56_7_efin_2.80E+50,5274.0877497898009,6.5
s14.0_ni56_3_efin_2.80E+50,6314.5800872124537,6.5
s12.8_ni56_5_efin_1.24E+51,210.43311079936515,6.5
s23.6_ni56_3_efin_1.06E+51,516.24936371923116,6.5
s21.8_ni56_5_efin_7.60E+50,340.5662134343458,6.5
s15.8_ni56_7_efin_8.20E+50,539.04264378553444,6.5
s14.6_ni56_3_efin_1.24E+51,202.3671657945219,6.5
s11.0_ni56_3_efin_5.80E+50,2458.3299208651483,6.5
s25.4_ni56_3_efin_9.40E+50,510.09153402652566,6.5
s15.8_ni56_5_efin_5.80E+50,1722.6866574862584,6.5
s12.8_ni56_7_efin_2.20E+50,7314.4167527225036,6.5
s15.2_ni56_3_efin_4.00E+50,3704.4516445146364,6.5
s18.2_ni56_7_efin_5.20E+50,1951.078475979853,6.5
s21.2_ni56_3_efin_2.80E+50,3180.9152795112268,6.5
s21.2_ni56_7_efin_1.00E+51,217.50041458776087,6.0
s23.0_ni56_7_efin_1.00E+51,518.53681925911405,6.5
s14.0_ni56_7_efin_7.60E+50,674.18870789332198,6.5
s19.4_ni56_7_efin_1.12E+51,127.39208076272493,6.5
s11.6_ni56_3_efin_1.00E+50,22278.348706994151,6.5
s11.6_ni56_3_efin_1.00E+51,669.61843161308161,6.5
s11.6_ni56_3_efin_8.80E+50,1009.6048597804783,6.5
s21.8_ni56_7_efin_1.18E+51,160.93709739290807,6.5
s12.2_ni56_7_efin_8.20E+50,712.14355201730712,6.5
s18.2_ni56_7_efin_3.40E+50,4014.0986875757862,6.5
s19.4_ni56_5_efin_1.00E+51,313.68467401089629,6.5
s22.4_ni56_3_efin_2.20E+50,4583.0000030904084,6.5
s17.6_ni56_7_efin_4.00E+50,3237.8962376833388,6.5
s24.8_ni56_5_efin_1.06E+51,813.37872019210749,6.5
s16.4_ni56_7_efin_1.06E+51,198.22181248604178,6.5
s16.4_ni56_3_efin_3.40E+50,4690.4132953062608,6.5
s16.4_ni56_3_efin_8.20E+50,831.37008148191558,6.5
s17.6_ni56_3_efin_5.20E+50,2341.1680671028398,6.5
s12.8_ni56_5_efin_5.80E+50,1916.6700538642945,6.5
s11.6_ni56_5_efin_8.20E+50,980.30049223997548,6.5
s13.4_ni56_7_efin_1.18E+51,263.57402954100979,6.5
s23.0_ni56_3_efin_8.20E+50,487.81994121313869,6.5
s20.0_ni56_3_efin_7.60E+50,670.50658660662123,6.5
s27.8_ni56_5_efin_1.06E+51,1570.2207125182701,6.5
s12.2_ni56_5_efin_5.80E+50,1833.7711301361458,6.5
s14.6_ni56_7_efin_4.00E+50,3017.6974179207746,6.5
s22.4_ni56_7_efin_1.12E+51,169.56023441058318,6.5
s23.0_ni56_7_efin_1.24E+51,823.34262217177343,6.5
s24.8_ni56_3_efin_8.80E+50,777.85370624044219,6.5
s24.8_ni56_3_efin_5.80E+50,2584.8908508552759,6.5
s24.2_ni56_5_efin_5.80E+50,660.96036011144326,6.5
s24.2_ni56_3_efin_1.06E+51,546.83279525823605,6.5
s13.4_ni56_7_efin_1.24E+51,267.80667512053446,6.5
s24.8_ni56_5_efin_1.18E+51,932.94344841455859,6.5
s13.4_ni56_3_efin_1.06E+51,366.15334708663949,6.5
s16.4_ni56_7_efin_4.60E+50,2455.974740366355,6.5
s27.8_ni56_7_efin_8.80E+50,1293.0082594840717,6.5
s12.2_ni56_7_efin_7.60E+50,842.94253110396448,6.5
s11.0_ni56_5_efin_8.20E+50,861.08298223389193,6.5
s16.4_ni56_5_efin_4.00E+50,3467.2279839888529,6.5
s20.0_ni56_7_efin_2.20E+50,6322.4302271203178,6.5
s18.8_ni56_5_efin_1.18E+51,182.65268546843362,6.5
s14.0_ni56_5_efin_4.60E+50,2728.16165311441,6.5
s14.0_ni56_5_efin_7.00E+50,1070.932253071594,6.5
s17.6_ni56_3_efin_8.80E+50,662.20372156434178,6.5
s17.0_ni56_5_efin_7.00E+50,1118.2100688469641,6.5
s12.8_ni56_5_efin_4.00E+49,30269.081285399679,6.5
s24.2_ni56_3_efin_7.00E+50,337.29513776287473,6.5
s25.4_ni56_5_efin_8.20E+50,317.56042786409,6.5
s15.8_ni56_5_efin_4.60E+50,2695.5769474535705,6.5
s12.2_ni56_3_efin_5.20E+50,2734.0603309874768,6.5
s17.0_ni56_3_efin_1.24E+51,204.85890934994623,6.5
s11.0_ni56_7_efin_3.40E+50,4320.9852509362718,6.5
s24.8_ni56_7_efin_8.80E+50,554.72623449500497,6.5
s17.0_ni56_7_efin_1.12E+51,145.61968336559377,6.5
s24.8_ni56_7_efin_7.00E+50,341.13591910959707,6.5
s23.6_ni56_5_efin_9.40E+50,353.05196660347781,6.5
s12.2_ni56_7_efin_1.18E+51,439.51898809213895,6.5
s21.2_ni56_7_efin_7.00E+50,230.58946438474592,6.5
s11.0_ni56_7_efin_1.12E+51,652.50492361771853,6.5
s12.8_ni56_7_efin_3.40E+50,4078.5735701970925,6.5
s11.0_ni56_7_efin_4.00E+50,3387.4217156254722,6.5
s21.2_ni56_3_efin_8.80E+50,239.93789841443868,6.5
s11.0_ni56_5_efin_4.00E+50,4029.9708407454104,6.5
s16.4_ni56_5_efin_7.00E+50,1145.8283038208479,6.5
s27.2_ni56_7_efin_4.60E+50,898.86555726391623,6.5
s14.0_ni56_3_efin_4.60E+50,3067.3537503104053,6.5
s11.6_ni56_5_efin_4.60E+50,3571.5164275307061,6.5
s18.2_ni56_7_efin_5.80E+50,1553.1411228704037,6.5
s22.4_ni56_5_efin_8.20E+50,201.1918941393395,6.5
s12.2_ni56_7_efin_9.40E+50,535.70982420999019,6.5
s13.4_ni56_3_efin_7.00E+50,1319.659193997933,6.5
s16.4_ni56_3_efin_2.80E+50,6017.0058937659551,6.5
s21.2_ni56_5_efin_9.40E+50,184.12524525240337,6.5
s26.0_ni56_3_efin_9.40E+50,1118.8006298182004,6.5
s15.2_ni56_3_efin_7.60E+50,1015.43450973349,6.5
s14.0_ni56_5_efin_1.06E+51,245.24779813106218,6.5
s13.4_ni56_7_efin_2.80E+50,5052.0135571009268,6.5
s12.8_ni56_7_efin_9.40E+50,505.78695684733555,6.5
s23.6_ni56_3_efin_8.20E+50,328.18094042231496,6.5
s12.2_ni56_5_efin_1.00E+51,407.87789073269602,6.5
s12.2_ni56_5_efin_1.00E+50,17051.802242825219,6.5
s14.0_ni56_5_efin_2.20E+50,7825.4469731666359,6.5
s21.8_ni56_5_efin_2.20E+50,4974.9339283766931,6.5
s26.6_ni56_7_efin_8.80E+50,711.36116347361599,6.5
s12.8_ni56_3_efin_7.60E+50,1234.7275664135391,6.5
s14.0_ni56_7_efin_7.00E+50,859.87346916687852,6.5
s25.4_ni56_5_efin_7.00E+50,220.94787367642311,6.5
s20.6_ni56_5_efin_3.40E+50,2327.2266293197172,6.5
s24.8_ni56_7_efin_1.06E+51,781.29041228408255,6.5
s15.2_ni56_3_efin_1.06E+51,352.70830734304678,6.5
s15.2_ni56_7_efin_9.40E+50,315.20937247726164,6.5
s27.2_ni56_7_efin_1.24E+51,1348.3534950852193,6.5
s12.8_ni56_7_efin_7.60E+50,843.61662645966146,6.5
s12.2_ni56_7_efin_3.40E+50,3943.4313604672443,6.5
s24.2_ni56_5_efin_8.80E+50,295.19459591841843,6.5
s11.0_ni56_3_efin_1.60E+50,14026.871419515655,6.5
s15.2_ni56_3_efin_9.40E+50,534.41770920180261,6.5
s12.8_ni56_3_efin_6.40E+50,1866.753463886022,6.5
s20.0_ni56_3_efin_3.40E+50,3804.4810309958166,6.5
s17.6_ni56_7_efin_8.80E+50,472.09158888592549,6.5
s15.2_ni56_7_efin_4.60E+50,2357.4803482937759,6.5
s18.2_ni56_7_efin_6.40E+50,1237.0141083773788,6.5
s14.0_ni56_7_efin_5.80E+50,1405.4742049107972,6.5
s12.8_ni56_3_efin_4.60E+50,3471.7379600133381,6.5
s27.2_ni56_3_efin_5.80E+50,1306.0952866859652,6.5
s27.8_ni56_5_efin_1.00E+51,1544.5829131673399,6.5
s11.6_ni56_5_efin_1.12E+51,407.65529146139937,6.5
s22.4_ni56_5_efin_7.00E+50,373.07339163841658,6.5
s15.2_ni56_5_efin_1.24E+51,127.61426149338143,6.5
s26.0_ni56_5_efin_4.60E+50,3391.05225464264,6.5
s24.2_ni56_7_efin_8.20E+50,193.8678398587343,6.5
s11.6_ni56_7_efin_1.06E+51,566.9089857038515,6.5
s21.2_ni56_5_efin_8.20E+50,190.68817273691246,6.5
s20.0_ni56_7_efin_1.18E+51,96.182928583374647,6.5
s15.2_ni56_5_efin_5.80E+50,1719.0391591919506,6.5
s16.4_ni56_5_efin_1.00E+51,367.11752921334005,6.5
s14.6_ni56_7_efin_1.06E+51,217.83611108417509,6.5
s13.4_ni56_5_efin_6.40E+50,1347.8167857924441,6.5
s22.4_ni56_3_efin_6.40E+50,570.43178895388985,6.5
s25.4_ni56_3_efin_7.00E+50,319.92695093689406,6.5
s11.6_ni56_5_efin_2.20E+50,9728.6855558298994,6.5
s21.8_ni56_7_efin_4.00E+50,1967.9814728662438,6.5
s21.8_ni56_7_efin_7.00E+50,420.36771244642568,6.5
s12.2_ni56_7_efin_6.40E+50,1247.1637836007285,6.5
s24.2_ni56_5_efin_5.20E+50,1257.0462873572526,6.5
s27.8_ni56_3_efin_1.18E+51,1722.9003120323887,6.5
s24.2_ni56_5_efin_6.40E+50,508.61752191067058,6.5
s27.2_ni56_3_efin_1.06E+51,1413.4683639824777,6.5
s15.8_ni56_5_efin_1.18E+51,163.59336358540142,6.5
s17.6_ni56_5_efin_8.80E+50,603.45622948901359,6.5
s12.8_ni56_3_efin_5.80E+50,2292.3657690598752,6.0
s22.4_ni56_5_efin_3.40E+50,2482.5810243111991,5.5
s17.6_ni56_3_efin_1.00E+51,434.67316029366032,5.0
s24.8_ni56_7_efin_6.40E+50,309.33620360364301,4.5
s23.0_ni56_7_efin_9.40E+50,452.60920340151131,6.5
s23.0_ni56_5_efin_9.40E+50,456.81361472185199,6.5
s17.0_ni56_7_efin_5.20E+50,1926.7214822582398,6.5
s19.4_ni56_3_efin_1.00E+51,336.36308418710706,6.5
s27.8_ni56_5_efin_7.00E+50,1411.0951316858457,6.5
s18.2_ni56_3_efin_1.18E+51,224.05331924438815,6.5
s19.4_ni56_3_efin_7.00E+50,1058.4748483334442,6.5
s15.8_ni56_5_efin_1.24E+51,132.25453509042742,6.5
s27.8_ni56_3_efin_5.20E+50,2306.982462532892,6.5
s14.0_ni56_7_efin_6.40E+50,1098.6655975472224,6.5
s11.0_ni56_7_efin_5.80E+50,1740.8162950073261,6.5
s13.4_ni56_5_efin_9.40E+50,401.71502188082206,6.5
s12.2_ni56_5_efin_1.60E+50,11628.371105756789,6.5
s12.8_ni56_5_efin_1.06E+51,333.41994755595027,6.5
s27.8_ni56_7_efin_5.20E+50,1142.4901631521661,6.5
s23.0_ni56_7_efin_5.20E+50,509.493856437658,6.5
s26.6_ni56_5_efin_9.40E+50,842.73261636427765,6.5
s17.0_ni56_3_efin_4.00E+50,3611.3628042809223,6.0
s11.0_ni56_5_efin_7.60E+50,1048.0146406593988,5.5
s21.8_ni56_3_efin_7.60E+50,382.36911539617086,5.0
s22.4_ni56_7_efin_3.40E+50,2383.8879624693686,6.5
s21.8_ni56_3_efin_5.20E+50,1207.7785058501099,6.5
s18.8_ni56_3_efin_1.60E+50,9968.328305072293,6.5
s20.0_ni56_3_efin_2.20E+50,6704.0503140980072,6.5
s14.6_ni56_5_efin_6.40E+50,1375.3367444552377,6.5
s17.6_ni56_5_efin_1.00E+51,383.83043187027613,6.5
s20.0_ni56_3_efin_1.60E+50,9488.8108865065406,6.5
s14.6_ni56_3_efin_8.20E+50,833.46679710258502,6.5
s11.0_ni56_5_efin_1.06E+51,464.06650816526252,6.5
s18.8_ni56_3_efin_7.00E+50,1155.7541371675843,6.5
s11.6_ni56_5_efin_1.18E+51,360.50203153566798,6.5
s11.0_ni56_7_efin_1.24E+51,731.2204930171979,6.5
s23.6_ni56_3_efin_1.18E+51,620.74552643510128,6.5
s16.4_ni56_7_efin_8.80E+50,440.04832191342558,6.5
s11.0_ni56_5_efin_9.40E+50,611.67857177659732,6.5
s18.8_ni56_3_efin_4.00E+50,3457.6974052511823,6.5
s19.4_ni56_5_efin_1.24E+51,126.04308347470612,6.5
s12.2_ni56_3_efin_2.20E+50,9191.7510971097781,5.5
s17.6_ni56_5_efin_6.40E+50,1449.4713526702658,5.0
s22.4_ni56_5_efin_5.80E+50,737.65633914537671,4.5
s21.2_ni56_5_efin_4.60E+50,1084.1794194478634,6.5
s20.6_ni56_3_efin_2.80E+50,3258.5023267303973,6.0
s20.6_ni56_5_efin_8.20E+50,184.16521425138092,6.5
s11.0_ni56_3_efin_1.24E+51,266.55920021422321,6.5
s14.0_ni56_5_efin_9.40E+50,397.87287063918956,6.5
s23.6_ni56_5_efin_1.12E+51,522.72858081659751,6.5
s15.8_ni56_5_efin_1.60E+50,10432.927408598513,6.5
s13.4_ni56_3_efin_1.18E+51,247.78564450565494,6.5
s14.6_ni56_3_efin_4.00E+50,3780.3923090164881,6.5
s27.2_ni56_5_efin_7.00E+50,1008.2909685736672,6.5
s17.6_ni56_7_efin_1.60E+50,9668.7191415695943,6.5
s25.4_ni56_7_efin_1.24E+51,752.08921918021474,6.0
s22.4_ni56_5_efin_8.80E+50,162.49782147896133,5.5
s27.8_ni56_5_efin_5.80E+50,1488.524356166613,5.0
s27.8_ni56_5_efin_8.80E+50,1481.199536626086,4.5
s26.0_ni56_5_efin_1.12E+51,1116.6846821117126,4.0
s17.6_ni56_7_efin_4.60E+50,2547.8148612245136,3.5
s23.0_ni56_3_efin_1.12E+51,714.87840200072708,6.5
s17.6_ni56_3_efin_1.60E+50,10619.487025650456,6.5
s20.6_ni56_3_efin_1.00E+51,162.62393465117776,6.5
s12.2_ni56_3_efin_3.40E+50,5352.727918983489,6.5
s14.0_ni56_7_efin_4.60E+50,2307.4056312633193,6.5
s23.0_ni56_7_efin_5.80E+50,403.54913885377056,6.5
s11.6_ni56_5_efin_5.20E+50,2870.6957959518022,6.5
s21.8_ni56_7_efin_9.40E+50,118.2332688198594,6.5
s27.8_ni56_7_efin_3.40E+50,3433.7107474109152,6.5
s21.2_ni56_3_efin_6.40E+50,462.23158143451758,6.5
s21.2_ni56_5_efin_2.80E+50,2948.9379679955127,6.5
s17.0_ni56_5_efin_7.60E+50,893.3716697808328,6.5
s17.6_ni56_7_efin_1.06E+51,202.46771297745039,5.5
s24.8_ni56_7_efin_1.12E+51,850.15251576613673,5.0
s15.2_ni56_7_efin_8.80E+50,401.4356598422354,4.5
s21.8_ni56_3_efin_1.00E+51,181.17615348547727,4.0
s24.8_ni56_3_efin_1.12E+51,955.82433429089065,4.0
s17.6_ni56_3_efin_6.40E+50,1542.1081991573469,6.5
s26.0_ni56_3_efin_4.00E+50,6986.292813086513,6.5
s25.4_ni56_3_efin_6.40E+50,347.19923173065985,6.5
s18.2_ni56_3_efin_9.40E+50,488.69623184802526,6.5
s12.2_ni56_7_efin_1.06E+51,451.76121165667143,6.5
s22.4_ni56_7_efin_2.20E+50,4252.0672346567908,6.5
s21.8_ni56_5_efin_3.40E+50,2731.0597721649992,6.5
s23.6_ni56_3_efin_8.80E+50,378.22240620399396,6.5
s13.4_ni56_5_efin_7.60E+50,835.17132156416869,6.5
s23.0_ni56_5_efin_1.12E+51,648.75824007733922,6.5
s15.8_ni56_7_efin_4.60E+50,2372.6644052977754,6.0
s23.6_ni56_3_efin_9.40E+50,432.1790998128846,5.0
s18.2_ni56_3_efin_1.12E+51,266.98851733623769,4.5
s26.0_ni56_3_efin_5.80E+50,1464.6648772678013,4.0
s15.8_ni56_5_efin_3.40E+50,4360.9272890349066,3.5
s20.6_ni56_3_efin_1.12E+51,185.81660741339977,3.5
s11.6_ni56_7_efin_1.12E+51,538.29493689585729,6.5
s12.8_ni56_5_efin_3.40E+50,4818.6201886966737,6.5
s14.0_ni56_3_efin_1.60E+50,11513.344645438272,6.5
s17.6_ni56_5_efin_4.00E+50,3489.560424969,6.5
s14.0_ni56_5_efin_5.80E+50,1709.2578950254115,6.5
s18.2_ni56_7_efin_1.00E+51,248.17911234272489,6.5
s11.6_ni56_3_efin_1.18E+51,359.6863809545606,6.5
s18.2_ni56_3_efin_5.20E+50,2221.6225845041204,6.5
s27.2_ni56_3_efin_9.40E+50,1366.4243508361412,6.5
s27.2_ni56_5_efin_6.40E+50,979.41477902869769,6.5
s18.8_ni56_5_efin_4.00E+50,3326.727722514067,6.5
s18.2_ni56_7_efin_7.60E+50,759.43108138350931,5.5
s24.8_ni56_5_efin_5.80E+50,1174.8083386748942,5.0
s20.0_ni56_7_efin_8.20E+50,393.61451253836384,4.0
s21.2_ni56_7_efin_8.80E+50,169.0460916255108,4.0
s13.4_ni56_7_efin_6.40E+50,1105.5565144000905,3.5
s21.2_ni56_5_efin_1.24E+51,335.38060588261283,4.0
s15.8_ni56_5_efin_7.60E+50,888.48978559277771,3.5
s18.2_ni56_5_efin_2.20E+50,7461.3316632860306,3.5
s16.4_ni56_7_efin_2.20E+50,7238.312467042053,6.5
s26.0_ni56_3_efin_1.00E+51,1162.8666768064311,6.5
s23.6_ni56_3_efin_5.20E+50,2277.5598839368959,6.5
s21.8_ni56_5_efin_1.60E+50,6549.1968646152382,6.5
s18.8_ni56_7_efin_1.18E+51,110.08423251381272,6.5
s11.0_ni56_7_efin_2.20E+50,7538.5772478848448,6.5
s14.0_ni56_3_efin_4.00E+50,3852.1829177878008,6.5
s26.6_ni56_3_efin_1.24E+51,1150.5132308568025,6.5
s26.6_ni56_7_efin_2.80E+50,1569.9070397012042,6.5
s14.6_ni56_5_efin_8.20E+50,672.8671098683983,6.5
s27.2_ni56_7_efin_1.06E+51,1183.0860684697716,6.5
s17.0_ni56_7_efin_3.40E+50,4012.8511456002311,6.0
s14.0_ni56_7_efin_1.18E+51,208.81880988152787,5.5
s23.6_ni56_7_efin_9.40E+50,325.48090461588458,4.5
s20.6_ni56_7_efin_4.00E+50,1612.8539562087424,4.0
s12.2_ni56_3_efin_1.18E+51,283.02791565228034,4.0
s21.8_ni56_3_efin_4.00E+50,2103.2836520083961,3.5
s24.8_ni56_5_efin_4.60E+50,10000.0,4.0
s21.2_ni56_3_efin_1.00E+51,258.44752165548988,3.5
s16.4_ni56_3_efin_1.24E+51,212.30275357078381,4.5
s23.6_ni56_7_efin_8.80E+50,249.52131322852591,6.5
s12.2_ni56_5_efin_1.06E+51,343.02408355454116,6.5
s14.0_ni56_3_efin_1.24E+51,203.40982177285593,6.5
s18.2_ni56_5_efin_3.40E+50,4262.3966193671959,6.5
s13.4_ni56_7_efin_9.40E+50,387.34245628327886,6.5
s14.6_ni56_3_efin_1.12E+51,289.20156378913953,6.5
s26.0_ni56_7_efin_6.40E+50,521.74493033644058,6.5
s26.0_ni56_5_efin_1.24E+51,1234.4531508262787,6.5
s14.6_ni56_3_efin_9.40E+50,538.86326599819654,6.5
s11.6_ni56_5_efin_1.06E+51,472.5507492322065,6.5
s12.2_ni56_3_efin_1.12E+51,342.46751739799282,6.0
s26.0_ni56_3_efin_8.20E+50,1061.3109253018915,5.0
s21.8_ni56_7_efin_1.24E+51,193.07832719378644,4.0
s18.8_ni56_7_efin_7.00E+50,1002.5816863947373,4.0
s15.8_ni56_3_efin_1.00E+51,433.88683067473329,3.5
s18.8_ni56_7_efin_1.06E+51,198.15782021381125,3.5
s12.8_ni56_5_efin_1.00E+51,404.728199963436,3.5
s22.4_ni56_3_efin_8.80E+50,207.63272835638759,3.5
s21.8_ni56_7_efin_8.20E+50,200.3195511236847,6.5
s23.0_ni56_3_efin_1.06E+51,655.42984076814287,6.5
s21.2_ni56_3_efin_4.60E+50,1156.4751630578066,6.5
s17.0_ni56_7_efin_9.40E+50,323.83998369271433,6.5
s18.8_ni56_7_efin_1.24E+51,86.529395299912352,6.5
s15.8_ni56_7_efin_5.80E+50,1456.1018844782448,6.5
s17.0_ni56_7_efin_8.80E+50,427.45143879841487,6.5
s14.6_ni56_7_efin_6.40E+50,1114.8400760425798,6.5
s21.8_ni56_5_efin_1.00E+51,130.8591007218939,6.5
s23.0_ni56_3_efin_5.20E+50,3301.8938871680357,6.5
s14.6_ni56_5_efin_2.20E+50,7772.4815859466453,6.5
s14.0_ni56_3_efin_1.18E+51,243.94995381215818,6.5
s27.2_ni56_5_efin_1.00E+51,1229.2249167257389,6.5
s19.4_ni56_3_efin_5.20E+50,2035.2891435976337,6.5
s26.0_ni56_7_efin_1.18E+51,1152.2726373112482,5.5
s22.4_ni56_3_efin_1.24E+51,269.13329519994454,5.5
s20.0_ni56_7_efin_9.40E+50,196.59659624840072,5.0
s17.0_ni56_7_efin_5.80E+50,1522.2798658910497,4.5
s14.6_ni56_7_efin_5.80E+50,1430.1504300121765,4.0
s26.6_ni56_5_efin_5.80E+50,643.98799566635194,6.5
s23.6_ni56_7_efin_7.00E+50,143.97932730509348,6.5
s18.8_ni56_7_efin_6.40E+50,1261.68074208642,6.5
s21.8_ni56_3_efin_1.60E+50,6624.5411156761475,6.5
s15.8_ni56_3_efin_6.40E+50,1541.5253860183557,6.5
s25.4_ni56_5_efin_1.24E+51,755.60284771304941,6.5
s27.8_ni56_3_efin_6.40E+50,1777.3167123087485,6.5
s24.2_ni56_3_efin_1.18E+51,656.42109512528725,6.5
s11.6_ni56_7_efin_6.40E+50,1604.61482052001,6.5
s26.6_ni56_3_efin_4.60E+50,935.28909200379985,6.5
s17.0_ni56_3_efin_5.80E+50,1857.5155640339972,6.5
s12.8_ni56_3_efin_1.00E+51,534.13147905818346,6.5
s12.8_ni56_3_efin_1.00E+50,19788.533515110827,6.5
s24.2_ni56_5_efin_7.60E+50,197.02571723128449,6.5
s24.2_ni56_3_efin_5.20E+50,2022.939750747903,6.5
s19.4_ni56_5_efin_2.80E+50,5306.6977666908042,6.0
s18.2_ni56_7_efin_2.80E+50,5284.5425979941556,5.5
s12.2_ni56_3_efin_9.40E+50,624.05575933101682,5.0
s20.6_ni56_7_efin_5.80E+50,657.92077619133772,4.5
s11.0_ni56_3_efin_6.40E+50,1994.923253654624,6.5
s19.4_ni56_5_efin_5.80E+50,1570.6580499881304,6.5
s16.4_ni56_7_efin_5.20E+50,1932.0573064137998,6.5
s21.8_ni56_3_efin_1.18E+51,194.24874422422513,6.5
s21.2_ni56_3_efin_1.06E+51,282.6108753939036,6.5
s26.6_ni56_5_efin_1.00E+51,892.83325989260823,6.5
s12.2_ni56_5_efin_2.20E+50,8216.5305825140531,6.5
s14.0_ni56_7_efin_8.20E+50,532.2198955364197,6.5
s27.2_ni56_7_efin_1.12E+51,1239.0168316499514,6.5
s18.2_ni56_5_efin_1.18E+51,176.50958762025442,6.5
s27.2_ni56_3_efin_8.20E+50,1314.9721340435399,6.5
s15.8_ni56_5_efin_2.20E+50,7759.3518291463661,6.5
s18.2_ni56_3_efin_8.80E+50,607.41091257292533,6.5
s20.6_ni56_7_efin_1.18E+51,226.98955915479459,6.5
s11.6_ni56_3_efin_1.12E+51,441.78368705929154,6.0
s24.8_ni56_3_efin_1.24E+51,1060.1294091722107,5.5
s16.4_ni56_7_efin_3.40E+50,4052.4346531185524,5.0
s21.8_ni56_3_efin_5.80E+50,907.00297212928797,4.5
s18.8_ni56_3_efin_2.20E+50,7663.345237794927,4.0
s11.6_ni56_3_efin_2.20E+50,10852.548860711948,6.5
s18.2_ni56_5_efin_1.12E+51,221.47030387182707,6.5
s27.2_ni56_7_efin_3.40E+50,1982.9269574845116,6.5
s23.0_ni56_7_efin_7.00E+50,264.23764962780587,6.5
s17.0_ni56_3_efin_4.60E+50,2866.0579625597552,6.5
s20.0_ni56_3_efin_4.00E+50,2925.2394868346164,6.5
s11.6_ni56_3_efin_1.60E+50,14938.201640029107,6.5
s23.6_ni56_7_efin_1.18E+51,588.34256348640724,6.5
s16.4_ni56_3_efin_1.18E+51,248.82075872140052,6.5
s22.4_ni56_5_efin_5.20E+50,1004.9991899667762,6.5
s19.4_ni56_3_efin_1.60E+50,9124.5256036723695,6.5
s12.8_ni56_5_efin_6.40E+50,1529.0234989429966,6.5
s23.6_ni56_5_efin_5.20E+50,1251.0713434714025,6.5
s21.2_ni56_3_efin_4.00E+50,1568.8218590618396,6.0
s26.0_ni56_7_efin_5.20E+50,970.78183161349614,5.5
s14.0_ni56_3_efin_5.20E+50,2457.0563763427144,5.0
s11.6_ni56_5_efin_3.40E+50,5667.2803347936951,4.5
s26.6_ni56_5_efin_8.20E+50,756.1895782071125,4.0
s15.8_ni56_5_efin_6.40E+50,1386.4715313102445,4.0
s25.4_ni56_3_efin_5.20E+50,1897.1457625496914,6.5
s18.8_ni56_5_efin_1.24E+51,149.66056627842028,6.5
s20.6_ni56_5_efin_8.80E+50,142.47305645403441,6.5
s27.8_ni56_3_efin_1.00E+51,1693.6473285985321,6.5
s20.6_ni56_5_efin_7.00E+50,375.99902922939236,6.5
s20.6_ni56_3_efin_1.18E+51,211.96878914774595,6.5
s22.4_ni56_7_efin_1.06E+51,143.41463697050733,6.5
s17.6_ni56_5_efin_5.20E+50,2214.3480756892345,6.5
s11.0_ni56_7_efin_7.60E+50,1009.250391549599,6.5
s27.2_ni56_3_efin_6.40E+50,1277.714021766089,6.5
s15.8_ni56_3_efin_1.24E+51,209.26383887708116,6.5
s17.6_ni56_7_efin_3.40E+50,4137.8298625719699,6.5
s12.2_ni56_5_efin_8.20E+50,737.06601774875787,6.5
s18.8_ni56_5_efin_5.20E+50,2099.5127959727956,6.5
s18.2_ni56_5_efin_9.40E+50,443.56435276660432,6.0
s15.2_ni56_7_efin_3.40E+50,3893.0874461258154,5.5
s15.8_ni56_7_efin_5.20E+50,1852.7459812655691,4.5
s24.8_ni56_7_efin_5.80E+50,493.56628874163005,4.5
s15.8_ni56_5_efin_9.40E+50,436.88491032463571,4.0
s12.8_ni56_7_efin_7.00E+50,1036.0739975542649,6.5
s15.2_ni56_7_efin_1.18E+51,152.6948624747485,6.5
s15.2_ni56_7_efin_8.20E+50,518.59170013505604,6.5
s15.2_ni56_5_efin_6.40E+50,1371.8060127868646,6.5
s12.8_ni56_7_efin_8.80E+50,591.1627311244813,6.5
s17.0_ni56_5_efin_9.40E+50,450.33427914983133,6.5
s13.4_ni56_7_efin_1.12E+51,271.26658992948308,6.5
s22.4_ni56_7_efin_8.20E+50,161.95274846700937,6.5
s27.2_ni56_5_efin_1.24E+51,1398.6732164766538,6.5
s21.8_ni56_5_efin_4.60E+50,1544.1476356325575,6.5
s24.2_ni56_7_efin_8.80E+50,263.86142062462432,6.5
s27.2_ni56_7_efin_2.80E+50,2982.5236806465464,6.5
s27.2_ni56_5_efin_2.80E+50,6144.2665821498622,6.5
s26.0_ni56_3_efin_1.12E+51,1251.5259582580275,6.5
s11.6_ni56_3_efin_6.40E+50,2255.1634930420128,6.0
s18.2_ni56_3_efin_7.60E+50,941.25498243254322,5.0
s23.0_ni56_3_efin_1.18E+51,771.74656504554116,4.5
s20.6_ni56_5_efin_1.06E+51,137.56207778460174,4.0
s15.2_ni56_7_efin_7.60E+50,673.46500361518497,3.5
s24.8_ni56_5_efin_8.20E+50,564.19680618924758,3.0
s17.6_ni56_5_efin_1.06E+51,306.01853487222502,3.0
s16.4_ni56_7_efin_5.80E+50,1528.177910138395,3.0
s22.4_ni56_5_efin_1.12E+51,173.66876513683579,3.0
s12.2_ni56_7_efin_1.00E+51,483.68931726204113,3.0
s11.6_ni56_7_efin_2.20E+50,8364.8093114150706,3.0
s14.6_ni56_7_efin_1.18E+51,168.42010853808466,3.0
s18.2_ni56_3_efin_6.40E+50,1450.500638313971,2.5
s18.8_ni56_5_efin_7.00E+50,1105.9005456840512,2.5
s22.4_ni56_3_efin_5.20E+50,1045.07609164264,2.5
s27.2_ni56_7_efin_1.18E+51,1294.4396674647373,2.5
s17.0_ni56_7_efin_8.20E+50,559.94782287528358,2.5
s17.0_ni56_5_efin_4.00E+50,3419.997695528592,2.5
s22.4_ni56_7_efin_8.80E+50,127.77376633222181,3.0
s24.2_ni56_5_efin_1.06E+51,494.56570734024695,3.0
s24.8_ni56_3_efin_5.20E+50,3912.4495666694756,3.0
s18.8_ni56_7_efin_5.80E+50,1573.1911710476684,3.0
s17.6_ni56_7_efin_7.00E+50,1011.4020407173986,3.0
s15.2_ni56_5_efin_8.20E+50,682.01420519090061,3.0
s24.8_ni56_3_efin_7.00E+50,693.08550557576632,3.0
s12.2_ni56_5_efin_7.00E+50,1161.6896976593566,3.0
s17.0_ni56_5_efin_1.24E+51,142.39049471643807,2.5
s17.6_ni56_3_efin_5.80E+50,1898.5019337734304,2.5
s24.2_ni56_7_efin_1.18E+51,622.17390277758477,2.5
s12.2_ni56_5_efin_4.00E+50,3648.7370264385313,2.5
s23.0_ni56_3_efin_9.40E+50,549.43004805131943,2.5
s21.8_ni56_5_efin_6.40E+50,651.81334671453612,4.0
s19.4_ni56_3_efin_9.40E+50,421.31368444248994,4.0
s14.0_ni56_7_efin_1.24E+51,207.96583216390033,4.0
s18.2_ni56_7_efin_1.24E+51,87.397195132883226,3.5
s23.6_ni56_5_efin_1.24E+51,646.01703543940368,3.5
s25.4_ni56_3_efin_7.60E+50,355.10315723557767,3.0
s22.4_ni56_5_efin_2.20E+50,4498.374718479301,3.0
s21.2_ni56_7_efin_1.60E+50,5964.8740988974114,3.0
s16.4_ni56_7_efin_6.40E+50,1208.001909789409,2.5
s26.0_ni56_7_efin_4.60E+50,1123.8833349477832,2.5
s20.6_ni56_5_efin_6.40E+50,533.87713301733152,2.5
s27.8_ni56_5_efin_4.60E+50,2686.6605012767359,2.5
s24.8_ni56_5_efin_1.00E+51,756.11132693592208,2.5
s13.4_ni56_5_efin_1.06E+51,256.86001250721392,3.5
s20.6_ni56_7_efin_1.06E+51,152.48961157117333,3.0
s20.0_ni56_5_efin_7.60E+50,623.9988369818567,3.0
s20.6_ni56_3_efin_1.24E+51,246.75732632311312,4.5
s27.2_ni56_7_efin_6.40E+50,756.32162804470011,4.0
s12.8_ni56_7_efin_5.20E+50,2002.5786293163101,3.0
s25.4_ni56_7_efin_7.00E+50,148.63473756258628,3.0
s12.2_ni56_5_efin_2.80E+50,6143.4969761519533,3.0
s26.0_ni56_7_efin_5.80E+50,610.81941105228066,3.5
s17.0_ni56_5_efin_8.20E+50,712.82284469371325,3.0
s20.0_ni56_5_efin_5.20E+50,1725.4444533060484,2.5
s19.4_ni56_3_efin_1.06E+51,272.43604345128881,2.5
s21.2_ni56_5_efin_1.06E+51,232.96986772207075,2.5
s22.4_ni56_5_efin_1.06E+51,154.44483402051219,3.5
s27.2_ni56_5_efin_8.80E+50,1139.820744957929,3.0
s15.8_ni56_5_efin_2.80E+50,5648.9683542591283,3.0
s23.6_ni56_7_efin_1.24E+51,655.65439528284355,5.0
s13.4_ni56_5_efin_3.40E+50,4450.418802096332,4.5
s12.8_ni56_5_efin_1.00E+50,18302.432372383879,4.0
s11.6_ni56_3_efin_1.24E+51,296.34301754481476,3.5
s20.0_ni56_3_efin_1.24E+51,159.52415809725554,3.0
s22.4_ni56_7_efin_1.24E+51,249.0430494756074,3.0
s18.8_ni56_3_efin_7.60E+50,927.98132346341549,3.5
s20.0_ni56_5_efin_5.80E+50,1352.5489475236852,3.0
s13.4_ni56_5_efin_1.18E+51,174.5598381267535,2.5
s22.4_ni56_5_efin_7.60E+50,267.11152130382732,2.5
s19.4_ni56_7_efin_2.80E+50,5069.0095195734712,5.0
s26.0_ni56_5_efin_4.00E+50,4766.7684614018599,5.5
s21.8_ni56_5_efin_1.24E+51,177.7750800536684,5.0
s22.4_ni56_5_efin_6.40E+50,534.11969672716714,6.0
s17.6_ni56_5_efin_2.80E+50,5762.3409526336454,5.5
s12.8_ni56_5_efin_1.12E+51,278.08565211920489,4.5
s13.4_ni56_7_efin_1.06E+51,293.35088737857336,4.0
s14.0_ni56_7_efin_2.20E+50,6886.634284042475,3.5
s23.0_ni56_7_efin_1.06E+51,589.4420777293094,3.0
s15.2_ni56_5_efin_8.80E+50,532.46650576140155,3.5
s12.2_ni56_7_efin_4.00E+50,3056.3001995120503,3.5
s26.6_ni56_5_efin_1.12E+51,998.95375773479691,2.5
s14.0_ni56_5_efin_8.20E+50,658.43315100190284,2.5
s15.2_ni56_5_efin_7.60E+50,865.58996252024349,3.5
s13.4_ni56_5_efin_1.24E+51,151.27730234944886,3.5
s20.6_ni56_3_efin_4.00E+50,1917.827274566353,3.0
s15.8_ni56_7_efin_1.60E+50,9519.9631080909257,4.0
s18.8_ni56_7_efin_2.20E+50,7087.4968299948141,3.5
s17.0_ni56_3_efin_8.20E+50,792.50347470275256,3.0
s20.6_ni56_3_efin_7.00E+50,416.63999506263582,3.0
s26.0_ni56_3_efin_1.24E+51,1345.2295701168534,3.0
s24.2_ni56_5_efin_1.12E+51,550.18364640164384,3.5
s14.0_ni56_7_efin_8.80E+50,429.09538867012503,3.0
s14.6_ni56_5_efin_7.60E+50,860.60302274563981,3.0
s20.0_ni56_7_efin_4.60E+50,2058.4502396186035,2.5
s18.2_ni56_5_efin_5.20E+50,2114.7234894829417,2.5
s20.0_ni56_7_efin_6.40E+50,959.99368979960127,3.5
s14.6_ni56_5_efin_4.60E+50,2737.6168298377797,3.5
s18.8_ni56_3_efin_2.80E+50,5676.0663674367579,3.0
s13.4_ni56_3_efin_1.00E+51,448.92735375289101,5.0
s15.8_ni56_5_efin_1.12E+51,207.6376986279771,4.5
s25.4_ni56_5_efin_1.18E+51,689.25843805894601,4.0
s17.6_ni56_5_efin_7.60E+50,939.14797626499114,3.5
s17.0_ni56_5_efin_4.60E+50,2702.3792185617208,3.0
s27.2_ni56_5_efin_5.20E+50,1067.388331573824,3.0
s27.8_ni56_3_efin_7.60E+50,1691.0810881421071,3.5
s20.0_ni56_7_efin_7.60E+50,538.58240284787632,3.0
s18.8_ni56_5_efin_7.60E+50,885.62461945014331,2.5
s20.6_ni56_5_efin_1.12E+51,158.69359767481006,2.5
s18.8_ni56_7_efin_3.40E+50,4029.487995563908,4.5
s18.2_ni56_7_efin_8.20E+50,586.25272312653783,5.5
s14.6_ni56_3_efin_2.80E+50,6234.5974931730052,5.0
s13.4_ni56_7_efin_5.20E+50,1790.5964069764241,5.5
s21.8_ni56_5_efin_1.06E+51,128.93505111040002,5.5
s13.4_ni56_5_efin_2.20E+50,7888.0693935313047,4.5
s17.6_ni56_5_efin_1.12E+51,245.08503762190475,4.0
s20.0_ni56_7_efin_1.60E+50,8869.1747045887605,3.5
s12.2_ni56_7_efin_1.24E+51,458.4160305831017,3.0
s12.8_ni56_5_efin_9.40E+50,495.23409322756959,3.5
s23.6_ni56_7_efin_1.12E+51,527.60701317711425,3.5
s20.6_ni56_5_efin_2.80E+50,3040.8351084867409,3.0
s18.2_ni56_7_efin_9.40E+50,333.62272201869473,2.5
s12.8_ni56_5_efin_2.80E+50,6309.7825354419383,3.5
s17.6_ni56_7_efin_1.12E+51,153.23784995708405,3.0
s21.2_ni56_5_efin_6.40E+50,386.43534741311714,3.0
s14.6_ni56_7_efin_4.60E+50,2348.236863593786,3.0
s17.0_ni56_7_efin_1.06E+51,186.67563095904691,3.0
s21.2_ni56_5_efin_1.00E+51,203.44746559020723,3.0
s20.6_ni56_3_efin_3.40E+50,2598.2554791960565,3.0
s26.6_ni56_3_efin_4.00E+50,1654.8062655958643,3.0
s24.8_ni56_5_efin_7.60E+50,520.27845379751318,3.0
s12.2_ni56_3_efin_6.40E+50,1806.8997580614184,2.5
s11.6_ni56_3_efin_5.20E+50,3355.5074430571558,2.5
s11.0_ni56_3_efin_8.80E+50,857.33636748799336,2.5
s16.4_ni56_3_efin_9.40E+50,545.76271284719178,2.5
s15.2_ni56_5_efin_7.00E+50,1091.4130914315961,2.5
s11.0_ni56_3_efin_7.60E+50,1308.0397046315497,0.0
s22.4_ni56_7_efin_9.40E+50,118.18750271665031,3.0
s23.6_ni56_3_efin_7.60E+50,299.49776694695413,3.0
s16.4_ni56_3_efin_1.12E+51,296.48892000415617,3.0
s13.4_ni56_5_efin_8.80E+50,509.57750295170172,3.0
s25.4_ni56_3_efin_8.80E+50,467.89359769383287,3.0
s26.6_ni56_7_efin_1.00E+51,824.29869483819766,3.0
s20.6_ni56_3_efin_9.40E+50,167.40057818541297,3.0
s19.4_ni56_3_efin_4.00E+50,3231.2050683416874,3.0
s14.0_ni56_7_efin_2.80E+50,5091.5104593963979,2.5
s15.2_ni56_5_efin_2.80E+50,5743.8178307022254,2.5
s17.0_ni56_3_efin_9.40E+50,518.45235206421717,2.5
s24.8_ni56_5_efin_6.40E+50,505.21541364612818,2.5
s16.4_ni56_7_efin_1.00E+51,257.39286397042366,2.5
s26.0_ni56_5_efin_1.18E+51,1175.3646741740606,0.0
s11.6_ni56_3_efin_2.80E+50,8234.8052000495081,3.0
s26.0_ni56_3_efin_1.06E+51,1205.2478414693239,3.0
s16.4_ni56_3_efin_5.20E+50,2362.3755828531721,3.0
s26.0_ni56_3_efin_4.60E+50,5940.1958113655455,3.0
s14.0_ni56_5_efin_2.80E+50,5773.7542608852664,3.0
s13.4_ni56_3_efin_8.80E+50,691.76357057661744,3.0
s16.4_ni56_7_efin_7.60E+50,739.15952574611845,3.0
s27.2_ni56_7_efin_1.00E+51,1131.0574895112177,3.0
s27.8_ni56_7_efin_1.00E+51,1400.1806355956405,2.5
s20.6_ni56_7_efin_4.60E+50,1231.59174510869,2.5
s14.6_ni56_7_efin_1.00E+51,263.09315816656181,2.5
s23.0_ni56_3_efin_5.80E+50,3401.8146484643039,2.5
s18.2_ni56_5_efin_7.60E+50,884.15836530453544,2.5
s15.2_ni56_5_efin_1.00E+51,321.92246557881629,3.5
s26.0_ni56_7_efin_7.60E+50,640.37330796006574,3.5
s13.4_ni56_7_efin_8.20E+50,562.51538892703115,3.5
s24.8_ni56_7_efin_7.60E+50,420.67111454457847,4.5
s26.6_ni56_7_efin_4.00E+50,748.41745478102735,4.0
s16.4_ni56_5_efin_2.20E+50,7783.9747135501711,3.0
s14.6_ni56_5_efin_1.60E+50,10308.800996073051,3.0
s20.0_ni56_3_efin_1.18E+51,165.86520977118764,3.0
s21.8_ni56_3_efin_6.40E+50,686.3255937169688,3.5
s26.6_ni56_7_efin_7.00E+50,544.84963194674003,3.0
s11.6_ni56_5_efin_2.80E+50,7318.5856418716739,3.0
s26.6_ni56_3_efin_1.18E+51,1107.524310400109,3.0
s15.8_ni56_5_efin_1.06E+51,266.42732788992407,3.0
s15.8_ni56_7_efin_1.00E+51,248.04809072873576,2.5
s12.8_ni56_3_efin_1.18E+51,300.20176330060849,3.5
s27.8_ni56_7_efin_2.80E+50,6078.2986708055523,3.5
s12.8_ni56_7_efin_2.80E+50,5386.8553963131271,3.5
s21.2_ni56_5_efin_1.18E+51,300.13198699494126,5.0
s22.4_ni56_3_efin_1.18E+51,234.00919171654607,5.0
s24.8_ni56_5_efin_1.12E+51,871.74559055527482,4.0
s17.0_ni56_7_efin_4.60E+50,2450.2792118278062,3.5
s15.2_ni56_7_efin_7.00E+50,870.80584728355132,3.0
s18.2_ni56_7_efin_7.00E+50,973.87090487696105,3.5
s25.4_ni56_5_efin_1.12E+51,619.52161978827576,3.5
s27.8_ni56_5_efin_8.20E+50,1449.9675557231919,3.0
s12.2_ni56_7_efin_8.80E+50,611.41284890552458,3.0
s15.2_ni56_3_efin_7.00E+50,1253.3937615003961,3.0
s16.4_ni56_5_efin_3.40E+50,4419.8989135280581,2.5
s17.6_ni56_3_efin_7.00E+50,1250.4905836539083,4.5
s22.4_ni56_7_efin_7.00E+50,328.03286250101968,5.5
s22.4_ni56_7_efin_1.00E+51,125.53701466834271,5.0
s18.2_ni56_5_efin_6.40E+50,1375.7456565116745,6.5
s15.2_ni56_3_efin_4.60E+50,2959.1113650456709,5.5
s20.6_ni56_7_efin_9.40E+50,115.62319810255727,5.0
s15.8_ni56_3_efin_1.06E+51,353.32341485157008,4.0
s14.6_ni56_3_efin_2.20E+50,8435.5441991912267,3.5
s26.6_ni56_7_efin_5.20E+50,431.54198207667105,3.5
s20.0_ni56_3_efin_5.20E+50,1798.4845081922811,3.5
s17.6_ni56_5_efin_1.24E+51,158.51177335570645,3.5
s11.0_ni56_7_efin_1.18E+51,681.80016219389904,3.0
s12.2_ni56_5_efin_4.60E+50,2883.2302246919194,3.0
s19.4_ni56_5_efin_9.40E+50,398.54227917463646,2.5
s24.8_ni56_7_efin_4.60E+50,10000.0,2.0
s21.2_ni56_7_efin_1.18E+51,339.03069248924078,3.5
s17.0_ni56_5_efin_2.20E+50,7715.6719469418676,3.0
s18.8_ni56_7_efin_7.60E+50,787.79415180833701,3.0
s12.8_ni56_5_efin_5.20E+50,2395.6195167152487,3.0
s12.8_ni56_3_efin_1.06E+51,438.34128392033597,3.0
s23.6_ni56_7_efin_5.80E+50,285.97025010271318,3.0
s27.2_ni56_3_efin_5.20E+50,1449.701213427328,3.0
s19.4_ni56_5_efin_4.60E+50,2464.098391912069,3.0
s27.8_ni56_5_efin_4.00E+50,7584.6246157722126,2.5
s19.4_ni56_7_efin_3.40E+50,3848.0852151175977,2.5
s13.4_ni56_3_efin_2.80E+50,6429.6026856676453,2.5
s22.4_ni56_7_efin_4.00E+50,1768.2912298420667,2.5
s11.6_ni56_7_efin_1.00E+50,18022.320212819359,2.5
s18.8_ni56_3_efin_9.40E+50,477.88457727589008,2.5
s19.4_ni56_7_efin_9.40E+50,326.18694694860397,3.5
s18.8_ni56_5_efin_9.40E+50,448.02798457995209,3.5
s19.4_ni56_7_efin_4.00E+50,2973.8102488554068,3.0
s12.2_ni56_5_efin_3.40E+50,4687.838370266345,3.0
s11.0_ni56_7_efin_1.60E+50,10597.119719046979,3.0
s20.6_ni56_3_efin_8.20E+50,229.36317785874738,3.0
s25.4_ni56_3_efin_5.80E+50,1868.0705411900708,3.0
s23.0_ni56_5_efin_7.00E+50,364.35595112980491,3.0
s27.2_ni56_5_efin_3.40E+50,5463.9052927473331,3.0
s15.8_ni56_5_efin_5.20E+50,2146.1129774741912,2.5
s12.2_ni56_5_efin_1.24E+51,243.68511858329646,2.5
s17.0_ni56_5_efin_1.06E+51,282.1860860517711,2.5
s27.8_ni56_5_efin_1.24E+51,1653.5268620440634,2.5
s15.2_ni56_7_efin_5.20E+50,1838.1345238891213,2.5
s15.8_ni56_7_efin_2.80E+50,5159.3235136839439,2.5
s14.0_ni56_7_efin_1.00E+51,291.75699199085352,3.5
s23.6_ni56_5_efin_1.06E+51,469.8398505656221,3.5
s24.2_ni56_7_efin_1.24E+51,690.05561135857783,3.0
s26.6_ni56_5_efin_4.60E+50,721.73675464691246,3.0
s12.8_ni56_3_efin_8.80E+50,810.66565388486981,3.0
s27.2_ni56_7_efin_9.40E+50,1073.9262145660591,3.0
s17.0_ni56_5_efin_2.80E+50,5629.3383605186209,3.0
s22.4_ni56_3_efin_3.40E+50,2519.3694909081746,3.0
s11.0_ni56_3_efin_1.00E+50,21006.634799960841,3.0
s11.0_ni56_3_efin_1.00E+51,566.71902033448987,2.5
s14.0_ni56_7_efin_1.12E+51,222.5216596273186,2.5
s23.0_ni56_5_efin_8.20E+50,338.09464211377326,2.5
s19.4_ni56_5_efin_1.18E+51,154.85883145355007,2.5
s16.4_ni56_3_efin_2.20E+50,8089.6704301544778,2.5
s23.6_ni56_3_efin_7.00E+50,332.32840949750818,2.5
s12.2_ni56_7_efin_2.80E+50,5207.0467104551126,4.0
s21.8_ni56_3_efin_3.40E+50,2788.8164244590548,4.0
s18.8_ni56_5_efin_5.80E+50,1694.2539952151412,3.5
s25.4_ni56_3_efin_8.20E+50,411.60254746662974,3.5
s11.0_ni56_7_efin_8.80E+50,776.8660872370067,3.5
s16.4_ni56_5_efin_1.18E+51,178.60960949182123,3.5
s27.8_ni56_5_efin_9.40E+50,1512.7986538478553,3.5
s16.4_ni56_3_efin_8.80E+50,674.13441936686672,3.0
s27.8_ni56_5_efin_1.18E+51,1622.7468382350726,3.0
s18.8_ni56_3_efin_8.20E+50,744.19978585621948,3.0
s20.0_ni56_5_efin_6.40E+50,1051.5965982672685,3.0
s15.8_ni56_7_efin_7.60E+50,698.7608596015757,3.0
s15.8_ni56_7_efin_4.00E+50,3058.7295070091818,3.0
s21.8_ni56_3_efin_8.80E+50,235.24179709862273,3.0
s27.2_ni56_5_efin_1.12E+51,1312.5822711774786,3.0
s22.4_ni56_3_efin_7.00E+50,413.33848532442011,2.5
s24.2_ni56_7_efin_5.80E+50,266.69624456068385,2.5
s19.4_ni56_5_efin_7.60E+50,814.07876344463762,4.0
s20.0_ni56_3_efin_9.40E+50,326.19215323882054,4.0
s14.6_ni56_5_efin_4.00E+50,3457.0345504635034,3.5
s17.0_ni56_3_efin_1.18E+51,239.53122392739203,3.5
s21.2_ni56_7_efin_4.60E+50,1003.5872392715758,3.5
s14.0_ni56_3_efin_7.60E+50,1048.5850599337646,3.5
s18.8_ni56_5_efin_1.12E+51,226.59297961706923,3.5
s23.6_ni56_5_efin_7.00E+50,224.20536349670425,3.0
s16.4_ni56_5_efin_1.12E+51,227.11571288855532,3.0
s24.8_ni56_3_efin_1.18E+51,1008.1779189657466,3.0
s11.0_ni56_5_efin_7.00E+50,1296.6238044548804,3.0
s14.6_ni56_7_efin_8.20E+50,519.60912732760414,3.0
s11.6_ni56_7_efin_2.80E+50,6263.0265172493609,3.0
s11.0_ni56_5_efin_4.60E+50,3189.6856154344719,3.0
s17.0_ni56_3_efin_2.20E+50,7955.2420159693202,3.0
s17.6_ni56_7_efin_1.24E+51,97.873409211862139,2.5
s24.2_ni56_5_efin_9.40E+50,366.68848368999272,2.5
s17.6_ni56_7_efin_9.40E+50,358.01748353976785,4.0
s15.8_ni56_5_efin_8.20E+50,705.92056375601396,4.0
s14.0_ni56_5_efin_1.12E+51,195.95769692171649,4.5
s15.2_ni56_3_efin_5.80E+50,1911.7797381561488,4.5
s20.6_ni56_5_efin_5.80E+50,713.841213135261,3.5
s11.6_ni56_7_efin_5.80E+50,1976.0022945624269,3.5
s20.6_ni56_3_efin_8.80E+50,187.07479259207977,3.5
s27.8_ni56_7_efin_1.24E+51,1580.1858130990968,3.0
s21.8_ni56_3_efin_2.80E+50,3822.7935401843788,3.0
s25.4_ni56_5_efin_8.80E+50,387.6260197664979,3.0
s20.0_ni56_3_efin_1.00E+50,12788.251144853899,3.0
s20.0_ni56_3_efin_1.00E+51,259.18607112469954,3.0
s21.8_ni56_5_efin_1.12E+51,136.68059182297429,3.0
s17.6_ni56_3_efin_4.60E+50,2913.8899724500793,3.0
s14.0_ni56_5_efin_1.24E+51,132.80777499011538,3.0
s15.8_ni56_3_efin_4.60E+50,2918.9546097206212,2.5
s20.6_ni56_7_efin_8.20E+50,147.0255059084439,2.5
s21.8_ni56_5_efin_8.80E+50,184.81623213406183,3.5
s15.8_ni56_3_efin_8.80E+50,665.23019674783177,3.5
s27.8_ni56_3_efin_1.06E+51,1696.653887579213,3.5
s13.4_ni56_3_efin_5.20E+50,2500.0122852874711,3.5
s26.0_ni56_5_efin_9.40E+50,941.28420194999808,3.0
s13.4_ni56_5_efin_7.00E+50,1063.8076585700676,3.0
s13.4_ni56_3_efin_7.60E+50,1067.5649380544614,3.0
s16.4_ni56_5_efin_9.40E+50,465.42458024226556,3.0
s19.4_ni56_7_efin_7.00E+50,940.66536957838446,3.0
s26.0_ni56_5_efin_1.00E+51,1001.9446989371838,3.0
s11.0_ni56_7_efin_8.20E+50,877.19601241726787,3.0
s22.4_ni56_5_efin_2.80E+50,3363.2633006040455,2.5
s25.4_ni56_3_efin_1.00E+51,550.36550374285832,2.5
s20.0_ni56_7_efin_1.00E+50,12169.282591284566,2.5
s20.0_ni56_7_efin_1.00E+51,142.56994523036835,2.5
s21.2_ni56_7_efin_2.80E+50,2722.2027265629367,2.5
s14.0_ni56_3_efin_1.12E+51,295.46598408669661,3.5
s14.6_ni56_5_efin_1.24E+51,125.59060710236659,3.5
s14.6_ni56_7_efin_2.20E+50,6911.7765946331692,3.5
s16.4_ni56_3_efin_7.60E+50,1025.2072427701796,3.5
s21.2_ni56_3_efin_1.24E+51,363.8488415753302,3.5
s23.0_ni56_5_efin_1.24E+51,783.49294265465664,3.0
s23.6_ni56_3_efin_5.80E+50,1885.5060871317555,3.0
s12.8_ni56_5_efin_8.80E+50,611.56951007244197,3.0
s19.4_ni56_5_efin_8.80E+50,508.07784569806591,3.0
s15.2_ni56_3_efin_1.00E+51,432.15825003412141,3.0
s27.2_ni56_7_efin_5.20E+50,716.65688869485621,3.0
s14.0_ni56_7_efin_4.00E+50,2972.4735625606118,3.0
s15.2_ni56_3_efin_8.80E+50,663.35976397128695,2.5
s21.8_ni56_7_efin_2.80E+50,3520.2635534536548,2.5
s22.4_ni56_3_efin_7.60E+50,310.99009379042855,2.5
s13.4_ni56_5_efin_4.60E+50,2728.4445415217351,2.5
s16.4_ni56_3_efin_6.40E+50,1559.0128207871851,2.5
s11.6_ni56_5_efin_9.40E+50,661.14952264663123,3.5
s21.2_ni56_3_efin_9.40E+50,242.11068427748438,3.5
s11.6_ni56_5_efin_4.00E+50,4473.2651979800376,3.5
s17.0_ni56_3_efin_3.40E+50,4574.8178957579576,3.5
s20.6_ni56_7_efin_1.00E+51,128.83402663281069,3.5
s21.2_ni56_3_efin_5.20E+50,852.81358757911516,3.0
s12.8_ni56_3_efin_7.00E+50,1518.6498532862161,3.0
s13.4_ni56_5_efin_1.60E+50,10774.538385108932,3.0
s19.4_ni56_3_efin_2.20E+50,7145.8108522450257,3.0
s11.6_ni56_3_efin_3.40E+50,6422.8573684952034,3.0
s20.0_ni56_7_efin_2.80E+50,4624.1098859068325,3.0
s24.8_ni56_3_efin_1.00E+51,862.32996041871525,3.0
s14.0_ni56_5_efin_1.00E+51,311.234685026232,2.5
s26.0_ni56_7_efin_1.12E+51,1083.5135470778096,2.5
s26.6_ni56_5_efin_2.80E+50,3708.0029600821108,2.5
s21.2_ni56_5_efin_8.80E+50,178.84592234275465,2.5
s12.2_ni56_3_efin_7.60E+50,1186.3880979482149,2.5
s16.4_ni56_3_efin_4.60E+50,2935.8292069655326,3.5
s21.8_ni56_5_efin_8.20E+50,245.9544499477856,3.5
s25.4_ni56_5_efin_7.60E+50,255.86610014875777,3.0
s11.0_ni56_5_efin_5.80E+50,2025.6143339546866,3.0
s20.6_ni56_3_efin_4.60E+50,1333.4410706362949,3.0
s20.6_ni56_3_efin_1.06E+51,168.91973137183879,3.0
s12.8_ni56_3_efin_3.40E+50,5466.1293959571685,3.0
s11.6_ni56_3_efin_4.00E+49,40054.724739544174,3.0
s26.6_ni56_7_efin_7.60E+50,600.45531028463074,2.5
s17.6_ni56_3_efin_7.60E+50,1011.1423518723759,2.5
s21.2_ni56_3_efin_5.80E+50,620.37927895995199,2.5
s21.8_ni56_7_efin_5.20E+50,1109.3855575226703,2.5
s13.4_ni56_3_efin_3.40E+50,4984.3272485410489,2.5
s12.2_ni56_7_efin_7.00E+50,1014.5802759273415,2.5
s21.2_ni56_5_efin_1.12E+51,266.22293178983728,2.5
s13.4_ni56_7_efin_7.00E+50,874.38631721836089,2.5
s17.0_ni56_5_efin_3.40E+50,4347.2664447161851,3.5
s18.2_ni56_7_efin_1.18E+51,104.86532867889804,3.5
s25.4_ni56_7_efin_8.80E+50,340.17763243200346,3.0
s21.2_ni56_3_efin_7.00E+50,358.64942261469588,3.0
s24.2_ni56_3_efin_9.40E+50,452.70040478822148,3.0
s26.6_ni56_3_efin_9.40E+50,935.9548153742976,3.0
s25.4_ni56_7_efin_5.80E+50,262.31392969987274,3.0
s17.0_ni56_7_efin_4.00E+50,3132.3362642029806,3.0
s16.4_ni56_7_efin_1.24E+51,110.94160670558487,2.5
s18.8_ni56_3_efin_1.24E+51,183.50215117151095,2.5
s26.6_ni56_3_efin_1.00E+51,974.97480353030562,2.5
s12.8_ni56_3_efin_5.20E+50,2816.0840455101488,2.5
s27.2_ni56_3_efin_1.24E+51,1500.2559866136412,2.5
s12.8_ni56_3_efin_4.00E+50,4321.9554462556789,2.5
s13.4_ni56_3_efin_8.20E+50,860.43195549648419,2.5
s14.0_ni56_7_efin_1.60E+50,9255.4285047307749,2.5
s18.2_ni56_5_efin_8.20E+50,705.17215309225946,3.0
s14.6_ni56_7_efin_3.40E+50,3902.8297593443558,3.5
s24.8_ni56_3_efin_8.20E+50,725.76070524322529,3.5
s13.4_ni56_7_efin_1.00E+51,331.13768268553218,3.0
s17.0_ni56_5_efin_1.12E+51,222.85396085072313,3.0
s26.6_ni56_7_efin_8.20E+50,658.75975682057322,3.0
s19.4_ni56_3_efin_3.40E+50,4124.4359111144013,3.0
s15.2_ni56_5_efin_4.60E+50,2712.0120009039592,3.0
s11.0_ni56_5_efin_1.00E+50,19160.831028211829,3.0
s11.0_ni56_5_efin_1.00E+51,527.01939845576703,2.5
s19.4_ni56_3_efin_1.12E+51,222.93770976591478,2.5
s27.8_ni56_3_efin_9.40E+50,1689.39172668483,2.5
s25.4_ni56_3_efin_1.24E+51,788.1772844754189,2.5
s26.0_ni56_5_efin_8.20E+50,835.37031891663037,2.5
s11.6_ni56_3_efin_7.00E+50,1850.6561132738245,2.5
s11.0_ni56_5_efin_8.80E+50,721.15469194889329,2.5
s21.8_ni56_7_efin_1.00E+51,110.96991314113637,2.5
