N2188-1.Q2.B.161208_0232.C.041956.061035N3413.0060.nh.fits,2016-12-08T02:32:00.000,C,1.0,342.105752315,92.6548869536,-34.1411610363,nan,nan,nan,nan,21.4750815851
N2188-1.Q2.B.170201_2023.S.054100.061035N3413.0060.nh.fits,2017-02-01T20:23:00.000,S,2.0,397.849386574,92.6547671574,-34.1411123441,39.1804813055,23.6762887578,20.187285659,0.0467960586397,22.2414294968
N2188-1.Q2.B.170217_0435.C.056099.061035N3413.0060.nh.fits,2017-02-17T04:35:00.000,C,3.0,413.191099537,92.65477833,-34.1411136943,35.8659414704,26.8222042587,20.2837151376,0.0413611219465,22.9368736007
N2188-1.Q2.B.161216_0046.S.046073.061035N3413.0060.nh.fits,2016-12-16T00:46:00.000,S,4.0,350.032094907,92.6548086287,-34.1412175887,nan,nan,nan,nan,20.7298613863
N2188-1.Q2.B.161027_0816.C.033414.061035N3413.0060.nh.fits,2016-10-27T08:16:00.000,C,5.0,300.345138889,92.6547845141,-34.1411850363,nan,nan,nan,nan,23.3158858571
N2188-1.Q2.B.161115_1600.A.032984.061035N3413.0060.nh.fits,2016-11-15T16:00:00.000,A,6.0,319.667106481,92.6547768651,-34.1411353706,nan,nan,nan,nan,20.1777236521
N2188-1.Q2.B.161115_0630.C.036952.061035N3413.0060.nh.fits,2016-11-15T06:30:00.000,C,7.0,319.271053241,92.6548761402,-34.1411403339,nan,nan,nan,nan,21.7005740126
N2188-1.Q2.B.161118_0643.C.037873.061035N3413.0060.nh.fits,2016-11-18T06:43:00.000,C,8.0,322.280428241,92.6548665069,-34.1411921686,nan,nan,nan,nan,23.3661456807
N2188-1.Q2.B.170415_1746.S.004327.061035N3413.0060.nh.fits,2017-04-15T17:46:00.000,S,9.0,470.740636574,92.6548859698,-34.1412058428,nan,nan,nan,nan,21.8314396376
N2188-1.Q2.B.161218_0049.S.046566.061035N3413.0060.nh.fits,2016-12-18T00:49:00.000,S,10.0,352.034340278,92.6548810594,-34.14111453,nan,nan,nan,nan,21.4448844585
N2188-1.Q2.B.161104_1654.A.031492.061035N3413.0060.nh.fits,2016-11-04T16:54:00.000,A,11.0,308.704212963,92.6547953774,-34.1411696165,nan,nan,nan,nan,21.8904209989
N2188-1.Q2.B.170423_0002.C.006240.061035N3413.0060.nh.fits,2017-04-23T00:02:00.000,C,12.0,478.001458333,92.6549151967,-34.1412131545,6.85959779773,2.35122490545,22.0882946985,0.468899441346,22.2946567087
N2188-1.Q2.B.170207_0134.C.053562.061035N3413.0060.nh.fits,2017-02-07T01:34:00.000,C,13.0,403.065393519,92.6547662055,-34.1411441479,37.5839476687,14.729898864,20.2326708974,0.0750233062003,21.5962339318
N2188-1.Q2.B.161202_0741.C.040619.061035N3413.0060.nh.fits,2016-12-02T07:41:00.000,C,14.0,336.320381944,92.6548598097,-34.1411374704,nan,nan,nan,nan,22.1548054529
N2188-1.Q2.B.161205_0751.C.041351.061035N3413.0060.nh.fits,2016-12-05T07:51:00.000,C,15.0,339.327256944,92.6547911867,-34.1411203844,nan,nan,nan,nan,23.365215708
N2188-1.Q2.B.170205_2016.S.054895.061035N3413.0060.nh.fits,2017-02-05T20:16:00.000,S,16.0,401.845046296,92.6548040636,-34.1411479505,35.8933490243,8.59526496759,20.2828817901,0.128407695003,21.1527733749
N2188-1.Q2.B.170203_0127.C.052945.061035N3413.0060.nh.fits,2017-02-03T01:27:00.000,C,17.0,399.060717593,92.6547723189,-34.1411048996,43.2310374637,33.7208325473,20.0799582203,0.0329742874843,23.1600851202
N2188-1.Q2.B.170418_0933.A.054899.061035N3413.0060.nh.fits,2017-04-18T09:33:00.000,A,18.0,473.398263889,92.6547663454,-34.1411740389,nan,nan,nan,nan,20.9676506411
N2188-1.Q2.B.170329_2026.S.000736.061035N3413.0060.nh.fits,2017-03-29T20:26:00.000,S,19.0,453.852025463,92.6548702109,-34.1411905494,15.0368226229,12.9797261062,21.2320608482,0.0851248088225,23.0350676777
N2188-1.Q2.B.170311_0058.C.061199.061035N3413.0060.nh.fits,2017-03-11T00:58:00.000,C,20.0,435.040405093,92.6546822349,-34.141096112,17.005450956,9.10171940369,21.0978394722,0.121289852278,22.1195800068
N2188-1.Q2.B.170327_0203.C.065291.061035N3413.0060.nh.fits,2017-03-27T02:03:00.000,C,21.0,451.086087963,92.6547636054,-34.1411207359,20.2204208803,19.1758670931,20.9089319531,0.057725225069,23.380115746
N2188-1.Q2.B.170130_1917.S.053586.061035N3413.0060.nh.fits,2017-01-30T19:17:00.000,S,22.0,395.803888889,92.6547346091,-34.1411110144,37.398813023,18.6640279674,20.2380580726,0.0592683307241,21.8375464084
N2188-1.Q2.B.170125_2056.S.052630.061035N3413.0060.nh.fits,2017-01-25T20:56:00.000,S,23.0,390.872638889,92.6548146557,-34.1411398247,35.2733009034,15.9687350378,20.3018923017,0.0692454942607,21.6973216888
N2188-1.Q2.B.161221_2111.S.047438.061035N3413.0060.nh.fits,2016-12-21T21:11:00.000,S,24.0,355.882638889,92.6548225001,-34.1412137092,nan,nan,nan,nan,22.2574832531
N2188-1.Q2.B.161228_1058.A.040066.061035N3413.0060.nh.fits,2016-12-28T10:58:00.000,A,25.0,362.457037037,92.654849231,-34.1410671203,38.6661368543,3.93227802503,20.2017019842,0.280502350431,19.3968737463
N2188-1.Q2.B.170416_1749.S.004647.061035N3413.0060.nh.fits,2017-04-16T17:49:00.000,S,26.0,471.742962963,92.6547709607,-34.1411667339,3.65741206456,2.19548272968,22.7743840934,0.50204618875,21.7197560753
N2188-1.Q2.B.170129_2031.S.053374.061035N3413.0060.nh.fits,2017-01-29T20:31:00.000,S,27.0,394.855277778,92.6547720219,-34.1410672058,43.8114326271,29.6690383609,20.0654092266,0.0374137412932,22.5300182892
N2188-1.Q2.B.170115_1928.S.050841.061035N3413.0060.nh.fits,2017-01-15T19:28:00.000,S,28.0,380.811574074,92.6546588317,-34.1411363077,56.4531492061,17.0588711507,19.7888362204,0.0648409613549,21.3773394646
N2188-1.Q2.B.170331_0233.C.000916.061035N3413.0060.nh.fits,2017-03-31T02:33:00.000,C,30.0,455.106851852,92.6547700324,-34.1411240708,22.6409478276,8.58819033624,20.7855816678,0.128480836296,21.9792331848
N2188-1.Q2.B.170112_0706.C.048932.061035N3413.0060.nh.fits,2017-01-12T07:06:00.000,C,31.0,377.296423611,92.6547425017,-34.1411131265,51.0946790548,10.4112648624,19.897637216,0.106051543379,20.8595224147
N2188-1.Q2.B.170211_0120.C.054473.061035N3413.0060.nh.fits,2017-02-11T01:20:00.000,C,32.0,407.05587963,92.6548030572,-34.1410960824,37.6731326677,29.1051667525,20.2300851947,0.0381519301856,23.2603505782
N2188-1.Q2.B.170330_0024.C.000601.061035N3413.0060.nh.fits,2017-03-30T00:24:00.000,C,33.0,454.016805556,92.6546747478,-34.1410678651,13.2033163677,9.83473560343,21.3739211425,0.11222545594,22.1410296712
N2188-1.Q2.B.161130_1357.A.035423.061035N3413.0060.nh.fits,2016-11-30T13:57:00.000,A,34.0,334.581412037,92.6548584071,-34.1411296268,nan,nan,nan,nan,21.0270064884
N2188-1.Q2.B.170112_0601.C.048902.061035N3413.0060.nh.fits,2017-01-12T06:01:00.000,C,35.0,377.2509375,92.6547992327,-34.1410772815,70.2724149634,35.704558759,19.5499532978,0.0311686621477,22.7402862954
N2188-1.Q2.B.170320_0035.C.063373.061035N3413.0060.nh.fits,2017-03-20T00:35:00.000,C,37.0,444.024953704,92.6547662546,-34.1410927329,22.9855838498,23.6335704936,20.7691005974,0.0468868534648,23.0927629135
N2188-1.Q2.B.170402_1045.A.051806.061035N3413.0060.nh.fits,2017-04-02T10:45:00.000,A,39.0,457.448206019,92.6548767542,-34.1409260189,8.41276837237,2.99097087786,21.8656303165,0.368627745686,21.2734995676
N2188-1.Q2.B.170328_1939.S.000418.061035N3413.0060.nh.fits,2017-03-28T19:39:00.000,S,40.0,452.819247685,92.654783703,-34.141194496,16.6082938775,8.81625879704,21.1236204604,0.12516208479,21.6815544041
N2188-1.Q2.B.161220_0001.S.047039.061035N3413.0060.nh.fits,2016-12-20T00:01:00.000,S,41.0,354.001365741,92.6548635461,-34.1411846439,nan,nan,nan,nan,21.6162922311
N2188-1.Q2.B.161217_1413.A.037950.061035N3413.0060.nh.fits,2016-12-17T14:13:00.000,A,43.0,351.592476852,92.6547803449,-34.1411820464,nan,nan,nan,nan,20.7163787825
N2188-1.Q2.B.170408_0153.C.003089.061035N3413.0060.nh.fits,2017-04-08T01:53:00.000,C,44.0,463.078923611,92.6550966817,-34.1409495646,10.7778475837,1.8976709703,21.5953564343,0.580818310663,20.9171651553
N2188-1.Q2.B.161218_1301.A.038169.061035N3413.0060.nh.fits,2016-12-18T13:01:00.000,A,45.0,352.542916667,92.6547603642,-34.1411915381,nan,nan,nan,nan,20.5671926593
N2188-1.Q2.B.161228_2045.S.048657.061035N3413.0060.nh.fits,2016-12-28T20:45:00.000,S,46.0,362.864733796,92.6547772817,-34.1411240545,67.5651918866,29.51012796,19.5928127005,0.0376064961012,21.9019647684
N2188-1.Q2.B.161025_1727.A.029644.061035N3413.0060.nh.fits,2016-10-25T17:27:00.000,A,47.0,298.727592593,92.6548506843,-34.1411719439,nan,nan,nan,nan,21.7901233816
N2188-1.Q2.B.161120_0638.C.038307.061035N3413.0060.nh.fits,2016-11-20T06:38:00.000,C,49.0,324.276388889,92.6548650805,-34.1411680627,nan,nan,nan,nan,23.2225663991
N2188-1.Q2.B.161217_2341.S.046535.061035N3413.0060.nh.fits,2016-12-17T23:41:00.000,S,50.0,351.98724537,92.6548251797,-34.1411892946,2.12392396708,3.61145592668,23.3673038312,0.305257367198,22.0469336152
N2188-1.Q2.B.161201_0728.C.040384.061035N3413.0060.nh.fits,2016-12-01T07:28:00.000,C,51.0,335.311550926,92.6548835335,-34.1411697671,nan,nan,nan,nan,22.518681197
N2188-1.Q2.B.170223_0331.C.057637.061035N3413.0060.nh.fits,2017-02-23T03:31:00.000,C,52.0,419.147106481,92.6547640005,-34.1411399744,32.7316241018,27.7403084715,20.3834784148,0.0399972015403,22.8801727149
N2188-1.Q2.B.170420_0855.A.055384.061035N3413.0060.nh.fits,2017-04-20T08:55:00.000,A,53.0,475.371608796,92.6547275248,-34.1411100434,0.823202497904,2.28442950128,24.4013241339,0.48263266487,23.260451892
N2188-1.Q2.B.161027_0557.C.033354.061035N3413.0060.nh.fits,2016-10-27T05:57:00.000,C,54.0,300.247997685,92.6548655999,-34.1411253256,nan,nan,nan,nan,22.9926788925
N2188-1.Q2.B.170121_2127.S.052098.061035N3413.0060.nh.fits,2017-01-21T21:27:00.000,S,55.0,386.892638889,92.6547663882,-34.1410801563,50.2848661924,25.0601786177,19.9150664183,0.0442316984618,22.1114532932
N2188-1.Q2.B.170315_0952.A.049328.061035N3413.0060.nh.fits,2017-03-15T09:52:00.000,A,56.0,439.411736111,92.6547340383,-34.1411386291,23.3287639629,12.2644038256,20.7529328897,0.0900694537431,22.1083138832
N2188-1.Q2.B.170123_1101.A.042684.061035N3413.0060.nh.fits,2017-01-23T11:01:00.000,A,57.0,388.459097222,92.6547464762,-34.1410789832,50.265271443,28.2761242077,19.9154916161,0.0392586472867,22.6280465157
N2188-1.Q2.B.161223_1142.A.039207.061035N3413.0060.nh.fits,2016-12-23T11:42:00.000,A,58.0,357.487546296,92.6548226817,-34.1411543723,nan,nan,nan,nan,20.9726514284
N2188-1.Q2.B.161201_0622.C.040354.061035N3413.0060.nh.fits,2016-12-01T06:22:00.000,C,59.0,335.265763889,92.6548820346,-34.1411516571,nan,nan,nan,nan,23.4689183924
N2188-1.Q2.B.170125_0128.C.051503.061035N3413.0060.nh.fits,2017-01-25T01:28:00.000,C,60.0,390.0615625,92.6547657273,-34.1410990124,50.5199264682,36.2904307114,19.909978586,0.0306629576971,22.983192373
N2188-1.Q2.B.161217_1519.A.037978.061035N3413.0060.nh.fits,2016-12-17T15:19:00.000,A,61.0,351.638460648,92.6547586333,-34.1411965676,nan,nan,nan,nan,21.6427543403
N2188-1.Q2.B.170223_0100.C.057570.061035N3413.0060.nh.fits,2017-02-23T01:00:00.000,C,62.0,419.042071759,92.654757459,-34.1410938818,30.1462781118,17.651980274,20.4732418551,0.0626489283256,22.0772496178
N2188-1.Q2.B.161221_0053.S.047291.061035N3413.0060.nh.fits,2016-12-21T00:53:00.000,S,63.0,355.03693287,92.6547625022,-34.1413822151,2.00634632834,1.24029580529,23.4294332883,0.888707790173,21.7424174561
N2188-1.Q2.B.170205_0120.C.053156.061035N3413.0060.nh.fits,2017-02-05T01:20:00.000,C,64.0,401.055752315,92.6547543053,-34.1411127659,46.2750017045,32.2805614634,20.0057266471,0.0344285550284,22.9530133735
N2188-1.Q2.B.161026_1620.A.029735.061035N3413.0060.nh.fits,2016-10-26T16:20:00.000,A,65.0,299.681111111,92.6548233875,-34.141179543,nan,nan,nan,nan,21.6322411105
N2188-1.Q2.B.170220_0104.C.056798.061035N3413.0060.nh.fits,2017-02-20T01:04:00.000,C,66.0,416.044490741,92.6547724706,-34.1411086687,35.8332620143,31.1266872092,20.2847096139,0.0357023230484,23.4239334761
N2188-1.Q2.B.161022_1631.A.028878.061035N3413.0060.nh.fits,2016-10-22T16:31:00.000,A,67.0,295.688344907,92.6557624529,-34.1406415218,1.83043622714e-15,2.22556896387e-15,61.2095397513,495309123017000.0,20.5706623597
N2188-1.Q2.B.170404_0017.C.001938.061035N3413.0060.nh.fits,2017-04-04T00:17:00.000,C,68.0,459.0121875,92.6547835695,-34.1410331168,7.78038217927,5.71922306362,21.9508825757,0.192823042638,21.6621811454
N2188-1.Q2.B.170111_0639.C.048676.061035N3413.0060.nh.fits,2017-01-11T06:39:00.000,C,69.0,376.27755787,92.6547640536,-34.1410972019,72.7463375861,44.4004657956,19.5122073452,0.0251500824621,21.3876280538
N2188-1.Q2.B.170315_1103.A.049359.061035N3413.0060.nh.fits,2017-03-15T11:03:00.000,A,70.0,439.460555556,92.6547864437,-34.1411015369,21.7399432872,14.760387244,20.829883795,0.0748917822776,22.5541772661
N2188-1.Q2.B.170327_2028.S.000210.061035N3413.0060.nh.fits,2017-03-27T20:28:00.000,S,71.0,451.853321759,92.6547693328,-34.1410905995,16.8705307588,14.2412272088,21.106529503,0.0776046554853,22.7248962052
N2188-1.Q2.B.170317_0154.C.062593.061035N3413.0060.nh.fits,2017-03-17T01:54:00.000,C,72.0,441.079479167,92.6547525163,-34.1410875532,25.1553222562,21.0770337857,20.6706946411,0.0525440826467,23.1324506923
N2188-1.Q2.B.170108_0316.C.047853.061035N3413.0060.nh.fits,2017-01-08T03:16:00.000,C,73.0,373.136388889,92.6547470623,-34.1410886633,83.7305742628,49.7250475183,19.3587921296,0.0224847028248,23.0458184052
N2188-1.Q2.B.170220_0425.C.056888.061035N3413.0060.nh.fits,2017-02-20T04:25:00.000,C,75.0,416.184583333,92.6547456124,-34.1411014096,42.7337628561,29.2320640401,20.0925798202,0.0379870290468,23.3290161362
N2188-1.Q2.B.161115_1715.A.033015.061035N3413.0060.nh.fits,2016-11-15T17:15:00.000,A,76.0,319.718993056,92.6548670009,-34.1411864997,nan,nan,nan,nan,20.1423577515
N2188-1.Q2.B.161030_0805.C.034222.061035N3413.0060.nh.fits,2016-10-30T08:05:00.000,C,77.0,303.337025463,92.6548852564,-34.1411373633,nan,nan,nan,nan,23.4968636149
N2188-1.Q2.B.170218_1251.A.044983.061035N3413.0060.nh.fits,2017-02-18T12:51:00.000,A,78.0,414.535821759,92.6548038648,-34.1410932373,10.1805978601,3.97819269855,21.6575504263,0.277184807358,21.0840682314
N2188-1.Q2.B.170307_0312.C.060388.061035N3413.0060.nh.fits,2017-03-07T03:12:00.000,C,79.0,431.133773148,92.6547962874,-34.1411092259,39.4104791568,25.1541589353,20.1809002846,0.0440956447653,22.660901045
N2188-1.Q2.B.170317_0934.A.049704.061035N3413.0060.nh.fits,2017-03-17T09:34:00.000,A,80.0,441.398645833,92.6547480019,-34.1411010309,19.4594169017,12.7459187414,20.9507827987,0.0866538594795,22.0932890691
N2188-1.Q2.B.161214_0045.S.045624.061035N3413.0060.nh.fits,2016-12-14T00:45:00.000,S,81.0,348.031527778,92.6548256112,-34.1411654915,nan,nan,nan,nan,20.3535820567
N2188-1.Q2.B.170309_1943.S.061644.061035N3413.0060.nh.fits,2017-03-09T19:43:00.000,S,82.0,433.821793981,92.6546967643,-34.1412282657,24.3487417058,4.70180309881,20.706247888,0.234502862752,20.5744490554
N2188-1.Q2.B.170112_0456.C.048872.061035N3413.0060.nh.fits,2017-01-12T04:56:00.000,C,84.0,377.205636574,92.65474811,-34.1411139648,66.4532366397,25.9036422931,19.6109163734,0.0428415836512,22.6456965082
N2188-1.Q2.B.170109_0744.C.048221.061035N3413.0060.nh.fits,2017-01-09T07:44:00.000,C,85.0,374.322638889,92.6547540387,-34.1411019234,79.633691693,50.8699787311,19.4135216272,0.0219863871965,23.3088439774
N2188-1.Q2.B.170319_1924.S.063923.061035N3413.0060.nh.fits,2017-03-19T19:24:00.000,S,86.0,443.808368056,92.6547312979,-34.141098604,19.5395142877,9.80503577569,20.9463015382,0.112564890581,21.8941161249
N2188-1.Q2.B.170130_2028.S.053618.061035N3413.0060.nh.fits,2017-01-30T20:28:00.000,S,87.0,395.852893519,92.654777176,-34.1411009134,38.8048117117,23.6804232746,20.1977963347,0.046788009037,22.2508586288
N2188-1.Q2.B.170121_2018.S.052067.061035N3413.0060.nh.fits,2017-01-21T20:18:00.000,S,88.0,386.844664352,92.6547585921,-34.1411045258,52.2466761162,28.4647772796,19.8733135433,0.0389758807479,22.297454823
N2188-1.Q2.B.170301_1235.A.047102.061035N3413.0060.nh.fits,2017-03-01T12:35:00.000,A,89.0,425.524768519,92.6547416239,-34.1411166046,32.5587990822,23.4689232926,20.3892539481,0.0472022891435,22.5421748056
N2188-1.Q2.B.170311_1003.A.048968.061035N3413.0060.nh.fits,2017-03-11T10:03:00.000,A,90.0,435.419131944,92.6547830586,-34.1411069861,32.9978591119,19.4640780332,20.3746406739,0.0568773191499,22.4253298675
N2188-1.Q2.B.161119_0206.S.041913.061035N3413.0060.nh.fits,2016-11-19T02:06:00.000,S,91.0,323.087962963,92.6548677908,-34.1411108652,nan,nan,nan,nan,21.563930408
N2188-1.Q2.B.170216_0434.C.055842.061035N3413.0060.nh.fits,2017-02-16T04:34:00.000,C,92.0,412.190381944,92.6547161715,-34.141109834,40.4205096563,24.2732987571,20.1532932286,0.0456660276901,22.871623469
N2188-1.Q2.B.170121_1913.S.052037.061035N3413.0060.nh.fits,2017-01-21T19:13:00.000,S,93.0,386.799525463,92.654733896,-34.141114341,50.0088486476,33.4076183482,19.9210712109,0.0332739025173,22.6047091207
N2188-1.Q2.B.170110_0534.C.048405.061035N3413.0060.nh.fits,2017-01-10T05:34:00.000,C,94.0,375.232569444,92.6547579697,-34.1410966961,83.6015421965,50.1654790381,19.3604746191,0.0223125331507,23.414064757
N2188-1.Q2.B.170206_0121.C.053350.061035N3413.0060.nh.fits,2017-02-06T01:21:00.000,C,95.0,402.056412037,92.6547550315,-34.1411146004,38.059206449,29.1825048254,20.2189620742,0.0380438520496,22.7101709042
N2188-1.Q2.B.161118_0749.C.037903.061035N3413.0060.nh.fits,2016-11-18T07:49:00.000,C,96.0,322.325798611,92.654820218,-34.141135547,nan,nan,nan,nan,23.1664234572
N2188-1.Q2.B.170206_2016.S.055044.061035N3413.0060.nh.fits,2017-02-06T20:16:00.000,S,97.0,402.844837963,92.6547655359,-34.1411204133,48.6430790009,26.8175744633,19.9512800177,0.0413698995361,22.8483732619
N2188-1.Q2.B.170218_0109.C.056266.061035N3413.0060.nh.fits,2017-02-18T01:09:00.000,C,98.0,414.047835648,92.6547656024,-34.1411239462,31.9225358656,25.0512152479,20.4107842854,0.0442391194052,22.5013274587
N2188-1.Q2.B.170119_0158.C.050442.061035N3413.0060.nh.fits,2017-01-19T01:58:00.000,C,99.0,384.082430556,92.6547557104,-34.141103205,66.1052318188,33.9717078424,19.6166445016,0.0327252684588,22.57581846
N2188-1.Q2.B.170309_0213.C.060754.061035N3413.0060.nh.fits,2017-03-09T02:13:00.000,C,100.0,433.092453704,92.6548475297,-34.1411853693,34.4719150725,12.8953210407,20.3269638002,0.0857032402865,22.4319151696
N2188-1.Q2.B.170121_1048.A.042305.061035N3413.0060.nh.fits,2017-01-21T10:48:00.000,A,101.0,386.450648148,92.6548465407,-34.1412031171,51.7579549486,28.0469772406,19.8835664171,0.0395667408958,22.542930426
N2188-1.Q2.B.170123_1209.A.042714.061035N3413.0060.nh.fits,2017-01-23T12:09:00.000,A,102.0,388.506412037,92.6547415286,-34.1410875495,48.6201433877,27.9497162498,19.9517945299,0.0397116922394,22.6286189835
N2188-1.Q2.B.161213_1700.A.037688.061035N3413.0060.nh.fits,2016-12-13T17:00:00.000,A,103.0,347.708784722,92.6548721735,-34.1411416068,nan,nan,nan,nan,8.74687209657
N2188-1.Q2.B.170320_0138.C.063403.061035N3413.0060.nh.fits,2017-03-20T01:38:00.000,C,106.0,444.06875,92.6547704815,-34.141122421,23.4035216451,21.9740988544,20.7494425064,0.0504098627003,23.1783683792
N2188-1.Q2.B.170414_0928.A.053762.061035N3413.0060.nh.fits,2017-04-14T09:28:00.000,A,107.0,469.395034722,92.6547198566,-34.1412338862,4.77520680017,5.65630815018,22.4834485459,0.195004226969,23.0310016719
N2188-1.Q2.B.170119_1220.A.042219.061035N3413.0060.nh.fits,2017-01-19T12:20:00.000,A,108.0,384.514016204,92.6547284751,-34.141085461,45.8707964295,12.6980974531,20.015297776,0.0869837612691,21.2647248605
N2188-1.Q2.B.161201_1507.A.035612.061035N3413.0060.nh.fits,2016-12-01T15:07:00.000,A,109.0,335.630081019,92.6548204814,-34.1411542758,nan,nan,nan,nan,22.6173621087
N2188-1.Q2.B.161117_0749.C.037687.061035N3413.0060.nh.fits,2016-11-17T07:49:00.000,C,110.0,321.325856481,92.6548572062,-34.141181059,nan,nan,nan,nan,22.9335681876
N2188-1.Q2.B.170122_1045.A.042500.061035N3413.0060.nh.fits,2017-01-22T10:45:00.000,A,111.0,387.448564815,92.6547280105,-34.1411034684,44.7110351757,25.2881553813,20.0432351237,0.043840986201,22.198269313
N2188-1.Q2.B.170123_0135.C.051267.061035N3413.0060.nh.fits,2017-01-23T01:35:00.000,C,112.0,388.066145833,92.6547621937,-34.1411026135,51.0391466373,38.5473207142,19.8988235609,0.0288871381282,22.9795538681
N2188-1.Q2.B.170417_1808.S.004970.061035N3413.0060.nh.fits,2017-04-17T18:08:00.000,S,113.0,472.755891204,92.6547635528,-34.1411584672,nan,nan,nan,nan,21.8153526287
N2188-1.Q2.B.170206_1913.S.055014.061035N3413.0060.nh.fits,2017-02-06T19:13:00.000,S,114.0,402.800844907,92.6547540906,-34.141095595,42.8208904564,22.971518182,20.0903578092,0.0482334481088,22.2855606247
N2188-1.Q2.B.170331_1052.A.051263.061035N3413.0060.nh.fits,2017-03-31T10:52:00.000,A,115.0,455.453113426,92.6548983774,-34.1408821678,7.64621939022,2.25182849425,21.9698586646,0.489587301654,20.5973210119
N2188-1.Q2.B.170321_0149.C.063668.061035N3413.0060.nh.fits,2017-03-21T01:49:00.000,C,116.0,445.076273148,92.6547653012,-34.141089902,26.4325248842,20.4123956173,20.6166646248,0.0542410707147,23.1723869968
N2188-1.Q2.B.170307_0056.C.060327.061035N3413.0060.nh.fits,2017-03-07T00:56:00.000,C,117.0,431.038923611,92.6547592582,-34.1411235463,25.9557729321,25.4193632894,20.6365211899,0.0436377506482,23.3747187321
N2188-1.Q2.B.170305_2105.S.060506.061035N3413.0060.nh.fits,2017-03-05T21:05:00.000,S,118.0,429.878738426,92.6547440511,-34.141154406,30.2736571833,25.6885911982,20.4686419125,0.0431724065526,23.0892820695
N2188-1.Q2.B.161220_2234.S.047227.061035N3413.0060.nh.fits,2016-12-20T22:34:00.000,S,120.0,354.94087963,92.6548516838,-34.1411132987,nan,nan,nan,nan,22.8926799924
N2188-1.Q2.B.161228_1207.A.040097.061035N3413.0060.nh.fits,2016-12-28T12:07:00.000,A,121.0,362.505474537,92.6547283239,-34.1411061585,70.2247843929,16.0338851065,19.5506929918,0.0689494807348,21.1119441081
N2188-1.Q2.B.170117_0123.C.049961.061035N3413.0060.nh.fits,2017-01-17T01:23:00.000,C,122.0,382.058275463,92.6547508978,-34.1411147523,63.5380625542,41.5635590386,19.6598555856,0.0268212431539,22.9304410292
N2188-1.Q2.B.170211_1341.A.044453.061035N3413.0060.nh.fits,2017-02-11T13:41:00.000,A,123.0,407.570300926,92.6548770437,-34.1412513018,17.5155180549,1.18379144908,21.0655983698,0.93104225553,18.9089999881
N2188-1.Q2.B.161027_0704.C.033384.061035N3413.0060.nh.fits,2016-10-27T07:04:00.000,C,124.0,300.295092593,92.6548752897,-34.1411854115,nan,nan,nan,nan,23.1030726296
N2188-1.Q2.B.170131_1109.A.043571.061035N3413.0060.nh.fits,2017-01-31T11:09:00.000,A,125.0,396.464965278,92.6548082124,-34.1411512662,37.2792934985,13.7157678619,20.2415501179,0.0805861178334,22.1140158656
N2188-1.Q2.B.170416_1857.S.004679.061035N3413.0060.nh.fits,2017-04-16T18:57:00.000,S,126.0,471.789699074,92.6548971605,-34.141080224,4.47659724618,1.73568103285,22.5538954786,0.635044966098,21.5739912581
N2188-1.Q2.B.170221_1140.A.045772.061035N3413.0060.nh.fits,2017-02-21T11:40:00.000,A,128.0,417.486666667,92.6547632193,-34.1411195515,32.5036640814,28.7372572626,20.3911029226,0.0386299810816,23.2341535173
N2188-1.Q2.B.170331_1807.S.001251.061035N3413.0060.nh.fits,2017-03-31T18:07:00.000,S,129.0,455.7553125,92.6547597769,-34.1410838434,13.7029820012,13.6020733974,21.3333974137,0.0812475934726,23.104836928
N2188-1.Q2.B.170109_0533.C.048160.061035N3413.0060.nh.fits,2017-01-09T05:33:00.000,C,130.0,374.231377315,92.6547620451,-34.141110946,81.6546464054,45.1599002096,19.3861808859,0.0247201014823,22.901787731
N2188-1.Q2.B.161213_0750.C.042942.061035N3413.0060.nh.fits,2016-12-13T07:50:00.000,C,131.0,347.326631944,92.6548091196,-34.1411562209,nan,nan,nan,nan,22.2522728988
N2188-1.Q2.B.170105_0326.C.047133.061035N3413.0060.nh.fits,2017-01-05T03:26:00.000,C,132.0,370.143125,92.6548737815,-34.1411669977,86.9769750069,56.8696226736,19.3172933135,0.0197121247359,23.4110890979
N2188-1.Q2.B.161212_1654.A.037443.061035N3413.0060.nh.fits,2016-12-12T16:54:00.000,A,133.0,346.704548611,92.654879024,-34.1411473662,nan,nan,nan,nan,20.2152696864
N2188-1.Q2.B.170315_1935.S.062851.061035N3413.0060.nh.fits,2017-03-15T19:35:00.000,S,134.0,439.81625,92.6547599186,-34.1411129599,22.6563216284,10.9996022953,20.7848411369,0.100377246791,22.1202772004
N2188-1.Q2.B.161212_1554.A.037416.061035N3413.0060.nh.fits,2016-12-12T15:54:00.000,A,135.0,346.662893519,92.6547715667,-34.1411601089,nan,nan,nan,nan,20.8359227265
N2188-1.Q2.B.170116_0125.C.049731.061035N3413.0060.nh.fits,2017-01-16T01:25:00.000,C,136.0,381.059537037,92.6547584766,-34.1410974032,58.47866899,45.6722097142,19.7503792451,0.0244382278917,23.037672041
N2188-1.Q2.B.170213_0111.C.054966.061035N3413.0060.nh.fits,2017-02-13T01:11:00.000,C,137.0,409.049456019,92.6547627306,-34.1411096505,39.1188210391,29.068985332,20.1890038899,0.0382118282031,23.3957869629
N2188-1.Q2.B.161024_1622.A.029351.061035N3413.0060.nh.fits,2016-10-24T16:22:00.000,A,138.0,297.682233796,92.6548346976,-34.1412065907,nan,nan,nan,nan,22.0986590956
N2188-1.Q2.B.170402_0023.C.001407.061035N3413.0060.nh.fits,2017-04-02T00:23:00.000,C,139.0,457.01619213,92.6547436393,-34.1411122928,14.130712454,15.4571469048,21.2998647967,0.0715301639123,23.203440663
N2188-1.Q2.B.170330_0132.C.000628.061035N3413.0060.nh.fits,2017-03-30T01:32:00.000,C,140.0,454.063981481,92.6547921864,-34.1411812476,nan,nan,nan,nan,7.71829492611
N2188-1.Q2.B.170303_2003.S.059878.061035N3413.0060.nh.fits,2017-03-03T20:03:00.000,S,141.0,427.835486111,92.6547516763,-34.1410843386,27.978643466,23.8498442082,20.5546483579,0.0464615460163,22.8015191361
N2188-1.Q2.B.170213_0430.C.055056.061035N3413.0060.nh.fits,2017-02-13T04:30:00.000,C,142.0,409.187615741,92.654743098,-34.1411072592,33.6704104201,23.6516441135,20.3526289066,0.0468608119176,22.9367286255
N2188-1.Q2.B.170305_1956.S.060475.061035N3413.0060.nh.fits,2017-03-05T19:56:00.000,S,143.0,429.830810185,92.6547429045,-34.1411101944,25.503667702,15.2238733853,20.6556910784,0.0726196506621,22.2224198724
N2188-1.Q2.B.170402_1923.S.001872.061035N3413.0060.nh.fits,2017-04-02T19:23:00.000,S,144.0,457.808194444,92.6548059358,-34.1411640675,13.6442018978,10.261027282,21.3380871923,0.107591125853,22.5549605409
N2188-1.Q2.B.161212_0749.C.042698.061035N3413.0060.nh.fits,2016-12-12T07:49:00.000,C,145.0,346.326342593,92.6548122302,-34.141211885,nan,nan,nan,nan,22.8351581257
N2188-1.Q2.B.170309_0333.C.060788.061035N3413.0060.nh.fits,2017-03-09T03:33:00.000,C,146.0,433.148287037,92.6547527489,-34.1411145249,41.7788889984,8.70391598438,20.1172332132,0.126814818036,21.2930735138
N2188-1.Q2.B.170122_0227.C.051102.061035N3413.0060.nh.fits,2017-01-22T02:27:00.000,C,147.0,387.102164352,92.6547611182,-34.1410894381,57.4251863486,41.3205737222,19.770211651,0.0269713144165,22.9520393235
N2188-1.Q2.B.161220_0353.C.044062.061035N3413.0060.nh.fits,2016-12-20T03:53:00.000,C,149.0,354.162395833,92.6548540838,-34.1411319631,nan,nan,nan,nan,23.6123143262
N2188-1.Q2.B.170218_0325.C.056326.061035N3413.0060.nh.fits,2017-02-18T03:25:00.000,C,150.0,414.142488426,92.6547661348,-34.1411027724,41.4902190546,31.745335234,20.1247972448,0.0350003311618,23.2770149605
N2188-1.Q2.B.170430_0924.A.056476.061035N3413.0060.nh.fits,2017-04-30T09:24:00.000,A,151.0,485.392060185,92.6548325552,-34.141192865,nan,nan,nan,nan,21.493985327
N2188-1.Q2.B.170503_0858.A.056987.061035N3413.0060.nh.fits,2017-05-03T08:58:00.000,A,152.0,488.374050926,92.6548166948,-34.1411190932,nan,nan,nan,nan,20.0086631865
N2188-1.Q2.B.170417_0901.A.054566.061035N3413.0060.nh.fits,2017-04-17T09:01:00.000,A,153.0,472.376365741,92.6548417143,-34.1411527345,nan,nan,nan,nan,21.4601473426
N2188-1.Q2.B.161219_1510.A.038361.061035N3413.0060.nh.fits,2016-12-19T15:10:00.000,A,154.0,353.632418981,92.6547804748,-34.1411692914,nan,nan,nan,nan,22.5907216086
N2188-1.Q2.B.161219_0053.S.046814.061035N3413.0060.nh.fits,2016-12-19T00:53:00.000,S,155.0,353.037094907,92.6548368623,-34.1411424142,nan,nan,nan,nan,23.3009533173
N2188-1.Q2.B.170410_1751.S.003293.061035N3413.0060.nh.fits,2017-04-10T17:51:00.000,S,156.0,465.744074074,92.6546177202,-34.1413731172,3.26790757265,2.44509104989,22.8972312639,0.450806051053,21.7147705617
N2188-1.Q2.B.170114_0715.C.049414.061035N3413.0060.nh.fits,2017-01-14T07:15:00.000,C,157.0,379.30224537,92.6547436115,-34.1411256561,61.9478214572,34.5545011434,19.6875075055,0.0321983520212,22.6835590016
N2188-1.Q2.B.170318_1819.S.063706.061035N3413.0060.nh.fits,2017-03-18T18:19:00.000,S,159.0,442.763298611,92.654791202,-34.141088209,18.1681553771,9.0825821632,21.0256880945,0.121497707683,21.682063188
N2188-1.Q2.B.170402_2027.S.001903.061035N3413.0060.nh.fits,2017-04-02T20:27:00.000,S,160.0,457.85275463,92.6547312122,-34.1411019169,14.1115373138,11.8491320298,21.3013461998,0.0932152606343,22.5434142834
N2188-1.Q2.B.161201_1618.A.035644.061035N3413.0060.nh.fits,2016-12-01T16:18:00.000,A,161.0,335.679479167,92.6548651965,-34.1412071421,nan,nan,nan,nan,21.6889005645
N2188-1.Q2.B.161218_0445.C.043604.061035N3413.0060.nh.fits,2016-12-18T04:45:00.000,C,162.0,352.198368056,92.654878486,-34.1411280472,nan,nan,nan,nan,23.5229017498
N2188-1.Q2.B.161207_0350.C.041741.061035N3413.0060.nh.fits,2016-12-07T03:50:00.000,C,163.0,341.16,92.6548536127,-34.1411572267,nan,nan,nan,nan,23.1627694312
N2188-1.Q2.B.170307_0204.C.060358.061035N3413.0060.nh.fits,2017-03-07T02:04:00.000,C,164.0,431.086527778,92.6547589586,-34.1410990502,27.7474447555,24.821060312,20.5637007485,0.044674309017,23.1468711322
N2188-1.Q2.B.161220_0111.S.047071.061035N3413.0060.nh.fits,2016-12-20T01:11:00.000,S,165.0,354.04962963,92.6548665387,-34.1415383379,5.85597342797,1.37873198857,22.2608679803,0.799575853543,21.0650893426
N2188-1.Q2.B.161215_0147.S.045903.061035N3413.0060.nh.fits,2016-12-15T01:47:00.000,S,166.0,349.074872685,92.6547966267,-34.1411976426,nan,nan,nan,nan,22.722873286
N2188-1.Q2.B.161213_1547.A.037656.061035N3413.0060.nh.fits,2016-12-13T15:47:00.000,A,167.0,347.657986111,92.655353705,-34.1412967647,6.7769302174,0.73654472381,22.1015219825,1.49672177056,20.0396262371
N2188-1.Q2.B.161025_0816.C.032886.061035N3413.0060.nh.fits,2016-10-25T08:16:00.000,C,168.0,298.344502315,92.654877006,-34.1411734428,nan,nan,nan,nan,23.2580916294
N2188-1.Q2.B.170217_0213.C.056039.061035N3413.0060.nh.fits,2017-02-17T02:13:00.000,C,169.0,413.092523148,92.6547581107,-34.1411200967,33.7320670706,29.5402147582,20.3506330095,0.0375874625884,23.2505793966
N2188-1.Q2.B.170105_0430.C.047163.061035N3413.0060.nh.fits,2017-01-05T04:30:00.000,C,170.0,370.188078704,92.6547475094,-34.1410956914,87.3223371174,56.3017474198,19.3129700318,0.0198997940147,23.329104726
N2188-1.Q2.B.161219_0157.S.046844.061035N3413.0060.nh.fits,2016-12-19T01:57:00.000,S,171.0,353.081261574,92.654844207,-34.1411153228,nan,nan,nan,nan,22.8173926459
N2188-1.Q2.B.170219_1143.A.045219.061035N3413.0060.nh.fits,2017-02-19T11:43:00.000,A,172.0,415.48837963,92.6547870131,-34.1411229412,18.7200624362,9.97779883171,20.9930409932,0.110651091729,21.6407968759
N2188-1.Q2.B.170120_1850.S.051816.061035N3413.0060.nh.fits,2017-01-20T18:50:00.000,S,173.0,385.785162037,92.6547165424,-34.1410587807,50.891455071,9.90581411046,19.9019850039,0.111426309849,20.9264160181
N2188-1.Q2.B.170131_2030.S.053868.061035N3413.0060.nh.fits,2017-01-31T20:30:00.000,S,174.0,396.854340278,92.6547518116,-34.1411066136,46.0873719064,34.1563302066,20.0101590707,0.0325562508576,23.0567343574
N2188-1.Q2.B.161025_1624.A.029614.061035N3413.0060.nh.fits,2016-10-25T16:24:00.000,A,175.0,298.683587963,92.6548796877,-34.1411932755,nan,nan,nan,nan,21.849125696
N2188-1.Q2.B.170227_1141.A.046915.061035N3413.0060.nh.fits,2017-02-27T11:41:00.000,A,176.0,423.487175926,92.6547334811,-34.1410869552,22.475444848,12.7541794202,20.7935856726,0.0865978566104,21.9839343286
N2188-1.Q2.B.161201_1724.A.035674.061035N3413.0060.nh.fits,2016-12-01T17:24:00.000,A,177.0,335.725335648,92.6548328385,-34.1411596156,nan,nan,nan,nan,21.7403596658
N2188-1.Q2.B.161116_1607.A.033213.061035N3413.0060.nh.fits,2016-11-16T16:07:00.000,A,178.0,320.672141204,92.6548135633,-34.1411941995,nan,nan,nan,nan,21.9851983904
N2188-1.Q2.B.170207_2022.S.055259.061035N3413.0060.nh.fits,2017-02-07T20:22:00.000,S,182.0,403.848645833,92.6547762514,-34.1410965883,33.7421570349,25.6677580596,20.3503067331,0.0432093445705,22.9395880464
N2188-1.Q2.B.161219_1618.A.038391.061035N3413.0060.nh.fits,2016-12-19T16:18:00.000,A,183.0,353.679178241,92.6550541627,-34.1405515715,4.74072681398e-09,4.35824211676e-09,45.0993544496,252892865.594,21.0538448047
N2188-1.Q2.B.170218_0214.C.056296.061035N3413.0060.nh.fits,2017-02-18T02:14:00.000,C,184.0,414.093090278,92.6547542556,-34.1410884186,35.816184239,18.6917378318,20.2852296727,0.0591914268123,22.2508418902
N2188-1.Q2.B.161226_2056.S.048296.061035N3413.0060.nh.fits,2016-12-26T20:56:00.000,S,187.0,360.872361111,92.6547667712,-34.1411036412,64.6399304446,26.6579055634,19.6410987013,0.0415935194025,21.8544154359
N2188-1.Q2.B.170402_1152.A.051837.061035N3413.0060.nh.fits,2017-04-02T11:52:00.000,A,188.0,457.495046296,92.6548122085,-34.1411328733,5.17278366212,1.69578567123,22.3962014322,0.650092264188,21.2367340539
N2188-1.Q2.B.161217_1723.A.038033.061035N3413.0060.nh.fits,2016-12-17T17:23:00.000,A,189.0,351.724780093,92.6548197544,-34.1411205899,2.13036897132,1.53961553832,23.363998385,0.716034050805,20.1581221525
N2188-1.Q2.B.170219_1249.A.045249.061035N3413.0060.nh.fits,2017-02-19T12:49:00.000,A,190.0,415.534641204,92.6547413669,-34.1410465443,18.1972247006,9.70455716127,21.0239439565,0.113758809309,21.6431614591
N2188-1.Q2.B.161115_0032.S.041239.061035N3413.0060.nh.fits,2016-11-15T00:32:00.000,S,191.0,319.022256944,92.654761494,-34.141024189,0.545192697055,0.338648694802,24.8508632382,3.25513923083,20.0812836943
N2188-1.Q2.B.170112_0136.C.048781.061035N3413.0060.nh.fits,2017-01-12T01:36:00.000,C,192.0,377.066979167,92.6547461562,-34.1410874336,72.8460138907,40.98027097,19.5107135627,0.0272219499495,23.0948778968
N2188-1.Q2.B.161219_0448.C.043840.061035N3413.0060.nh.fits,2016-12-19T04:48:00.000,C,193.0,353.200393519,92.65486682,-34.1411404879,nan,nan,nan,nan,22.5110310861
N2188-1.Q2.B.161218_2348.S.046784.061035N3413.0060.nh.fits,2016-12-18T23:48:00.000,S,194.0,352.992002315,92.6548438693,-34.1411470964,nan,nan,nan,nan,23.3191813505
N2188-1.Q2.B.161222_2112.S.047583.061035N3413.0060.nh.fits,2016-12-22T21:12:00.000,S,196.0,356.883935185,92.654886372,-34.1411553433,nan,nan,nan,nan,22.9826538252
N2188-1.Q2.B.170320_0235.C.063430.061035N3413.0060.nh.fits,2017-03-20T02:35:00.000,C,197.0,444.108252315,92.6547555734,-34.1410910682,22.6509681946,19.9134535165,20.7850989461,0.0555889061461,22.8589929308
N2188-1.Q2.B.170307_1853.S.061043.061035N3413.0060.nh.fits,2017-03-07T18:53:00.000,S,198.0,431.787326389,92.6547488764,-34.1411736818,22.6438231118,15.4178116231,20.7854431319,0.0717083601382,22.6001742414
N2188-1.Q2.B.170301_0335.C.059027.061035N3413.0060.nh.fits,2017-03-01T03:35:00.000,C,200.0,425.149872685,92.6547391776,-34.1410943232,32.7715446603,25.200001229,20.38214867,0.0439950219982,22.8067278467
N2188-1.Q2.B.161115_0136.S.041269.061035N3413.0060.nh.fits,2016-11-15T01:36:00.000,S,201.0,319.067094907,92.6548347131,-34.1412007498,nan,nan,nan,nan,20.1159058093
N2188-1.Q2.B.161207_0458.C.041771.061035N3413.0060.nh.fits,2016-12-07T04:58:00.000,C,203.0,341.207002315,92.6548195167,-34.1411999854,nan,nan,nan,nan,22.2180832518
N2188-1.Q2.B.170412_1800.S.003903.061035N3413.0060.nh.fits,2017-04-12T18:00:00.000,S,204.0,467.750671296,92.6546548029,-34.1415117529,0.014562729004,0.0153147809263,28.8030110801,71.9662756772,21.5619392253
N2188-1.Q2.B.170227_1032.A.046885.061035N3413.0060.nh.fits,2017-02-27T10:32:00.000,A,205.0,423.439444444,92.6547730403,-34.1410910625,29.5274190712,16.6672003848,20.4958704874,0.0663351085638,22.1961336721
N2188-1.Q2.B.161207_1656.A.036514.061035N3413.0060.nh.fits,2016-12-07T16:56:00.000,A,206.0,341.706111111,92.654826742,-34.1411203829,nan,nan,nan,nan,22.2916177363
N2188-1.Q2.B.161201_1358.A.035581.061035N3413.0060.nh.fits,2016-12-01T13:58:00.000,A,207.0,335.58255787,92.6547741209,-34.1412017876,nan,nan,nan,nan,22.4372218781
N2188-1.Q2.B.170118_0127.C.050175.061035N3413.0060.nh.fits,2017-01-18T01:27:00.000,C,208.0,383.060497685,92.6547821941,-34.1411346763,58.0084231205,41.0324668779,19.7591873704,0.0271783163919,23.4385530379
N2188-1.Q2.B.170212_1156.A.044536.061035N3413.0060.nh.fits,2017-02-12T11:56:00.000,A,209.0,408.497546296,92.6548266783,-34.1412056783,nan,nan,nan,nan,19.9304428372
N2188-1.Q2.B.170213_0323.C.055026.061035N3413.0060.nh.fits,2017-02-13T03:23:00.000,C,211.0,409.141203704,92.6547535881,-34.1411006945,43.8377545732,27.0503901767,20.064753981,0.0410241302297,23.0125502644
N2188-1.Q2.B.161130_0506.C.040090.061035N3413.0060.nh.fits,2016-11-30T05:06:00.000,C,212.0,334.21318287,92.6548381986,-34.1411745174,nan,nan,nan,nan,23.2944219582
N2188-1.Q2.B.170129_1924.S.053344.061035N3413.0060.nh.fits,2017-01-29T19:24:00.000,S,213.0,394.808483796,92.6547543455,-34.1411063129,42.6072814717,23.8443987407,20.095813544,0.0464652644182,22.1988114733
N2188-1.Q2.B.161226_1130.A.039612.061035N3413.0060.nh.fits,2016-12-26T11:30:00.000,A,214.0,360.47931713,92.6547482516,-34.1411182119,60.5237951026,18.3218097809,19.7128784183,0.0603813313453,21.3705014002
N2188-1.Q2.B.161218_0700.C.043664.061035N3413.0060.nh.fits,2016-12-18T07:00:00.000,C,215.0,352.292118056,92.6548126844,-34.1411246311,nan,nan,nan,nan,23.5757165788
N2188-1.Q2.B.170108_0730.C.047973.061035N3413.0060.nh.fits,2017-01-08T07:30:00.000,C,216.0,373.312604167,92.6547788317,-34.1411028919,83.3245281398,48.9039207818,19.3640954812,0.0228533540788,23.1513888749
N2188-1.Q2.B.161202_0636.C.040590.061035N3413.0060.nh.fits,2016-12-02T06:36:00.000,C,217.0,336.275532407,92.6547671178,-34.1411824082,nan,nan,nan,nan,22.0125453759
N2188-1.Q2.B.170112_0243.C.048811.061035N3413.0060.nh.fits,2017-01-12T02:43:00.000,C,218.0,377.113356481,92.6547319854,-34.1411064521,72.3131066176,41.9729762934,19.5187237599,0.0265781883237,22.8165056664
N2188-1.Q2.B.161121_1718.A.034143.061035N3413.0060.nh.fits,2016-11-21T17:18:00.000,A,219.0,325.721516204,92.6548502505,-34.1411791686,nan,nan,nan,nan,20.9506606488
N2188-1.Q2.B.170412_1905.S.003933.061035N3413.0060.nh.fits,2017-04-12T19:05:00.000,S,220.0,467.795393519,92.6546808667,-34.1411006043,10.0970233532,2.88309580116,21.6665431908,0.382435158435,20.2044343809
N2188-1.Q2.B.170208_2029.S.055473.061035N3413.0060.nh.fits,2017-02-08T20:29:00.000,S,221.0,404.853923611,92.6547517364,-34.1411176297,36.4623831955,7.78543002755,20.2657221451,0.141705509935,20.8752727581
N2188-1.Q2.B.170301_0221.C.058995.061035N3413.0060.nh.fits,2017-03-01T02:21:00.000,C,222.0,425.098530093,92.6547541821,-34.1411131424,35.1631045269,26.1119331899,20.3053058373,0.042472948882,23.047334845
N2188-1.Q2.B.170227_1251.A.046947.061035N3413.0060.nh.fits,2017-02-27T12:51:00.000,A,223.0,423.536030093,92.654753577,-34.1410754943,20.6662331224,11.388154879,20.8851404669,0.0969527048879,21.8504743764
N2188-1.Q2.B.170212_1300.A.044566.061035N3413.0060.nh.fits,2017-02-12T13:00:00.000,A,224.0,408.54193287,92.6547838016,-34.1412011153,nan,nan,nan,nan,19.486678112
N2188-1.Q2.B.170109_0425.C.048130.061035N3413.0060.nh.fits,2017-01-09T04:25:00.000,C,225.0,374.184733796,92.6547453119,-34.1410848607,74.9282125612,48.1389926211,19.4799677373,0.023214205699,22.8198126087
N2188-1.Q2.B.170408_0025.C.003054.061035N3413.0060.nh.fits,2017-04-08T00:25:00.000,C,226.0,463.017650463,92.6547669524,-34.1411176557,nan,nan,nan,nan,20.93442732
N2188-1.Q2.B.161026_0641.C.033098.061035N3413.0060.nh.fits,2016-10-26T06:41:00.000,C,227.0,299.279143519,92.6547783573,-34.1411322801,nan,nan,nan,nan,22.9091450796
N2188-1.Q2.B.161208_0705.C.042079.061035N3413.0060.nh.fits,2016-12-08T07:05:00.000,C,228.0,342.295162037,92.6547774873,-34.1418445033,2.05997339089,1.27018360614,23.4006565473,0.867709612825,21.8901916384
N2188-1.Q2.B.170311_1223.A.049033.061035N3413.0060.nh.fits,2017-03-11T12:23:00.000,A,229.0,435.516284722,92.6548405491,-34.1411921909,25.1196575037,13.5186624759,20.6722424642,0.0817520813208,22.3556009066
N2188-1.Q2.B.161207_1553.A.036487.061035N3413.0060.nh.fits,2016-12-07T15:53:00.000,A,230.0,341.662303241,92.65485658,-34.1411338917,nan,nan,nan,nan,20.9439081761
N2188-1.Q2.B.161219_0555.C.043870.061035N3413.0060.nh.fits,2016-12-19T05:55:00.000,C,232.0,353.246539352,92.6548735796,-34.1411903884,nan,nan,nan,nan,23.1568612315
N2188-1.Q2.B.170109_0322.C.048100.061035N3413.0060.nh.fits,2017-01-09T03:22:00.000,C,233.0,374.140486111,92.654746758,-34.1410866287,78.1133632752,39.3005470193,19.4345508656,0.0283476977638,22.7489877454
N2188-1.Q2.B.170223_1314.A.046325.061035N3413.0060.nh.fits,2017-02-23T13:14:00.000,A,235.0,419.552048611,92.654771199,-34.1411157455,29.7893057834,27.1010218799,20.4862372323,0.0409395500602,23.0818985509
N2188-1.Q2.B.170319_0247.C.063174.061035N3413.0060.nh.fits,2017-03-19T02:47:00.000,C,236.0,443.116585648,92.6547249901,-34.1411136963,27.3303678173,23.7192033528,20.5802234759,0.0467263123471,23.2370878431
N2188-1.Q2.B.170406_1757.S.002847.061035N3413.0060.nh.fits,2017-04-06T17:57:00.000,S,239.0,461.748032407,92.6544023877,-34.1414347959,3.34080556443e-09,2.00728200753e-09,45.4811626977,549327519.498,19.3096965194
N2188-1.Q2.B.170305_1847.S.060444.061035N3413.0060.nh.fits,2017-03-05T18:47:00.000,S,240.0,429.782986111,92.6547722068,-34.1411391688,27.1694769854,16.3181132927,20.5866647419,0.067760332436,22.2006775424
N2188-1.Q2.B.161217_0035.S.046314.061035N3413.0060.nh.fits,2016-12-17T00:35:00.000,S,241.0,351.024479167,92.6548712334,-34.1411813455,nan,nan,nan,nan,22.5495450494
N2188-1.Q2.B.170221_1354.A.045834.061035N3413.0060.nh.fits,2017-02-21T13:54:00.000,A,242.0,417.579421296,92.654827999,-34.1411253394,37.1976572842,29.1942343945,20.2439417539,0.0380298231832,23.1910255808
N2188-1.Q2.B.161205_0640.C.041321.061035N3413.0060.nh.fits,2016-12-05T06:40:00.000,C,243.0,339.277974537,92.6548643567,-34.1411860067,nan,nan,nan,nan,23.4786427619
N2188-1.Q2.B.170223_0215.C.057603.061035N3413.0060.nh.fits,2017-02-23T02:15:00.000,C,244.0,419.094386574,92.6547359729,-34.1410913789,29.1998043616,23.2260289028,20.5080424994,0.0476942961662,22.5115688423
N2188-1.Q2.B.161217_0139.S.046344.061035N3413.0060.nh.fits,2016-12-17T01:39:00.000,S,245.0,351.069039352,92.6548249033,-34.1411640261,nan,nan,nan,nan,21.5173586358
N2188-1.Q2.B.161218_2237.S.046752.061035N3413.0060.nh.fits,2016-12-18T22:37:00.000,S,246.0,352.943043981,92.6548822939,-34.1411422371,nan,nan,nan,nan,22.8844485497
N2188-1.Q2.B.170204_1917.S.054655.061035N3413.0060.nh.fits,2017-02-04T19:17:00.000,S,248.0,400.804155093,92.6548030014,-34.1411321964,36.8030711113,13.9654359135,20.2555761522,0.0791116710547,21.3123980151
N2188-1.Q2.B.161120_0029.S.042067.061035N3413.0060.nh.fits,2016-11-20T00:29:00.000,S,249.0,324.020428241,92.6548418909,-34.1411735034,nan,nan,nan,nan,19.9310384031
N2188-1.Q2.B.170305_0311.C.059978.061035N3413.0060.nh.fits,2017-03-05T03:11:00.000,C,250.0,429.133287037,92.6547581236,-34.1411198209,35.7907070703,26.9269606405,20.2860059739,0.0412070351678,23.2029419064
N2188-1.Q2.B.161219_1252.A.038299.061035N3413.0060.nh.fits,2016-12-19T12:52:00.000,A,251.0,353.536527778,92.6548258483,-34.1411211081,nan,nan,nan,nan,22.7060048364
N2188-1.Q2.B.170219_0326.C.056589.061035N3413.0060.nh.fits,2017-02-19T03:26:00.000,C,252.0,415.143136574,92.6547476105,-34.1410981129,37.0487003348,30.647788622,20.2483191933,0.0362435379174,23.3637052459
N2188-1.Q2.B.170207_1916.S.055229.061035N3413.0060.nh.fits,2017-02-07T19:16:00.000,S,254.0,403.803217593,92.6547733915,-34.1410836135,28.0569551426,24.1459731823,20.551599082,0.0459093818386,22.798564884
N2188-1.Q2.B.161121_1558.A.034112.061035N3413.0060.nh.fits,2016-11-21T15:58:00.000,A,255.0,325.665381944,92.654927718,-34.1410330286,0.62301964207,0.559931988553,24.7052885447,1.96834302309,20.8661684835
N2188-1.Q2.B.170309_1217.A.048487.061035N3413.0060.nh.fits,2017-03-09T12:17:00.000,A,256.0,433.511956019,92.6546724754,-34.1411117769,11.2968166589,3.50211241867,21.5440512389,0.314778935817,20.2697079461
N2188-1.Q2.B.161218_0153.S.046596.061035N3413.0060.nh.fits,2016-12-18T01:53:00.000,S,257.0,352.078773148,92.6547971153,-34.1412843105,1.10219774463,1.83846340487,24.0829210037,0.599631244895,22.1854711715
N2188-1.Q2.B.170327_1027.A.050453.061035N3413.0060.nh.fits,2017-03-27T10:27:00.000,A,258.0,451.435844907,92.6547544602,-34.1410897891,18.6728983167,19.0586419915,20.9957930415,0.0580716773304,23.1926322005
N2188-1.Q2.B.161212_0642.C.042668.061035N3413.0060.nh.fits,2016-12-12T06:42:00.000,C,259.0,346.279224537,92.6547961567,-34.1411137845,nan,nan,nan,nan,22.8884793138
N2188-1.Q2.B.170131_1924.S.053838.061035N3413.0060.nh.fits,2017-01-31T19:24:00.000,S,260.0,396.808564815,92.6547478822,-34.141095838,45.3180107523,33.5443340748,20.0285245676,0.0331418183869,22.9887481772
N2188-1.Q2.B.161205_0526.C.041291.061035N3413.0060.nh.fits,2016-12-05T05:26:00.000,C,261.0,339.226921296,92.6548794529,-34.141208838,nan,nan,nan,nan,22.7261141447
N2188-1.Q2.B.170113_0703.C.049170.061035N3413.0060.nh.fits,2017-01-13T07:03:00.000,C,262.0,378.293773148,92.6547493565,-34.1411080227,79.1300600182,19.5349442319,19.4204430772,0.0566568081373,21.812874274
N2188-1.Q2.B.170116_0232.C.049761.061035N3413.0060.nh.fits,2017-01-16T02:32:00.000,C,263.0,381.105625,92.6547533404,-34.1411121396,64.368652164,42.1408835401,19.6456867815,0.0264683533733,22.991171776
N2188-1.Q2.B.170303_0101.C.059439.061035N3413.0060.nh.fits,2017-03-03T01:01:00.000,C,264.0,427.042407407,92.6547579012,-34.1411018343,26.8972927057,27.2552123642,20.5976489873,0.0407086075265,23.2322239201
N2188-1.Q2.B.170415_0934.A.054050.061035N3413.0060.nh.fits,2017-04-15T09:34:00.000,A,265.0,470.398668981,92.6547586348,-34.1411534142,3.19682717588,4.89189514693,22.9212223869,0.225520134575,23.3853560303
N2188-1.Q2.B.161207_0715.C.041832.061035N3413.0060.nh.fits,2016-12-07T07:15:00.000,C,267.0,341.302523148,92.6547888048,-34.1411768316,nan,nan,nan,nan,23.6052733973
N2188-1.Q2.B.170301_0104.C.058963.061035N3413.0060.nh.fits,2017-03-01T01:04:00.000,C,268.0,425.044722222,92.65473993,-34.1410962947,28.8539162029,17.6966723317,20.5210425403,0.0625079448983,22.4121807282
N2188-1.Q2.B.170124_2043.S.052404.061035N3413.0060.nh.fits,2017-01-24T20:43:00.000,S,269.0,389.862025463,92.6547795271,-34.1411671223,36.8500278445,15.696876006,20.2541851082,0.0704396083754,21.6625786801
N2188-1.Q2.B.161220_2129.S.047197.061035N3413.0060.nh.fits,2016-12-20T21:29:00.000,S,270.0,354.895648148,92.6548207243,-34.1412032051,nan,nan,nan,nan,22.0810542392
N2188-1.Q2.B.170404_1106.A.052134.061035N3413.0060.nh.fits,2017-04-04T11:06:00.000,A,271.0,459.46287037,92.654869259,-34.1413056294,11.3485496267,3.08951077419,21.5390667258,0.356874834648,20.8704239467
N2188-1.Q2.B.170122_1149.A.042530.061035N3413.0060.nh.fits,2017-01-22T11:49:00.000,A,272.0,387.492407407,92.6548748544,-34.1412091695,49.4217710555,29.5051164098,19.933954132,0.0376420663591,23.3030007086
N2188-1.Q2.B.170319_2029.S.063953.061035N3413.0060.nh.fits,2017-03-19T20:29:00.000,S,273.0,443.853726852,92.6547278995,-34.1410526218,17.423725824,10.2303798321,21.0713306494,0.107895876458,21.9581080697
N2188-1.Q2.B.170202_1917.S.054285.061035N3413.0060.nh.fits,2017-02-02T19:17:00.000,S,274.0,398.803796296,92.6547541938,-34.1411377489,25.7727594691,10.0606717101,20.6442406804,0.109711360248,21.4993620712
N2188-1.Q2.B.161104_1542.A.031460.061035N3413.0060.nh.fits,2016-11-04T15:42:00.000,A,275.0,308.654675926,92.6545589193,-34.1410613405,1396.90022719,19.33362703,16.2884214583,0.0805594374159,18.0404291647
N2188-1.Q2.B.170318_2036.S.063768.061035N3413.0060.nh.fits,2017-03-18T20:36:00.000,S,276.0,442.858518519,92.6547875805,-34.1412159905,2.64144769481,2.01577995972,23.1294097704,0.546900517959,21.3829984523
N2188-1.Q2.B.170419_0938.A.055123.061035N3413.0060.nh.fits,2017-04-19T09:38:00.000,A,277.0,474.402083333,92.6548004585,-34.1411387668,nan,nan,nan,nan,21.774907008
N2188-1.Q2.B.170220_0209.C.056828.061035N3413.0060.nh.fits,2017-02-20T02:09:00.000,C,278.0,416.089976852,92.6547625374,-34.1411214155,33.5689448913,30.1054148423,20.3559214329,0.0368901872399,23.3980804652
N2188-1.Q2.B.161207_0606.C.041801.061035N3413.0060.nh.fits,2016-12-07T06:06:00.000,C,279.0,341.254409722,92.6548702727,-34.1411429687,nan,nan,nan,nan,23.3450668727
N2188-1.Q2.B.161116_0645.C.037394.061035N3413.0060.nh.fits,2016-11-16T06:45:00.000,C,280.0,320.28193287,92.6547804209,-34.1411102266,nan,nan,nan,nan,22.6796250794
N2188-1.Q2.B.161205_0415.C.041260.061035N3413.0060.nh.fits,2016-12-05T04:15:00.000,C,281.0,339.177141204,92.6548522249,-34.1411389721,nan,nan,nan,nan,23.4224190373
N2188-1.Q2.B.170318_1929.S.063738.061035N3413.0060.nh.fits,2017-03-18T19:29:00.000,S,282.0,442.812384259,92.6547191393,-34.1411078646,11.7333121999,7.09549600229,21.5026922991,0.155459465219,21.9187931541
N2188-1.Q2.B.170208_0116.C.053765.061035N3413.0060.nh.fits,2017-02-08T01:16:00.000,C,283.0,404.052824074,92.6547800758,-34.1411294608,46.4933951765,9.4872560219,20.0005900637,0.116329365141,20.5642583069
N2188-1.Q2.B.161104_1544.A.031461.061035N3413.0060.nh.fits,2016-11-04T15:44:00.000,A,285.0,308.65619213,92.6548042938,-34.1411906107,nan,nan,nan,nan,21.7664107481
N2188-1.Q2.B.161115_1451.A.032954.061035N3413.0060.nh.fits,2016-11-15T14:51:00.000,A,286.0,319.618888889,92.6547730623,-34.1411237296,nan,nan,nan,nan,21.0987929664
N2188-1.Q2.B.170126_0125.C.051730.061035N3413.0060.nh.fits,2017-01-26T01:25:00.000,C,287.0,391.059351852,92.654765174,-34.1411117821,45.9344068102,35.688262852,20.0137859748,0.0311727748227,22.9398204622
N2188-1.Q2.B.170208_1916.S.055442.061035N3413.0060.nh.fits,2017-02-08T19:16:00.000,S,289.0,404.803391204,92.6547869273,-34.1411339312,37.3896736775,18.8334495032,20.2383247058,0.0587627473877,22.3225964925
N2188-1.Q2.B.161227_1156.A.039854.061035N3413.0060.nh.fits,2016-12-27T11:56:00.000,A,290.0,361.497349537,92.6547373766,-34.141081073,65.7729688235,23.7675300389,19.6221417305,0.0466291659194,21.6913367543
N2188-1.Q2.B.170307_2103.S.061104.061035N3413.0060.nh.fits,2017-03-07T21:03:00.000,S,291.0,431.877650463,92.654748387,-34.1411272988,35.3854753516,12.9900124792,20.2984284273,0.0850343026086,21.9242247157
N2188-1.Q2.B.161023_1618.A.029096.061035N3413.0060.nh.fits,2016-10-23T16:18:00.000,A,292.0,296.679490741,92.6548687342,-34.1411923343,nan,nan,nan,nan,21.9609568367
N2188-1.Q2.B.170331_1913.S.001281.061035N3413.0060.nh.fits,2017-03-31T19:13:00.000,S,293.0,455.800763889,92.6547310061,-34.1411276006,18.5438509132,14.1172803584,21.0033586962,0.0782898773812,23.145374723
N2188-1.Q2.B.170119_0307.C.050472.061035N3413.0060.nh.fits,2017-01-19T03:07:00.000,C,294.0,384.130277778,92.6547641738,-34.1411079721,62.2095064626,45.2787696009,19.6829087421,0.0246530982934,23.3286714522
N2188-1.Q2.B.161221_1127.A.038752.061035N3413.0060.nh.fits,2016-12-21T11:27:00.000,A,295.0,355.477604167,92.6547848607,-34.1411152481,nan,nan,nan,nan,21.1947172643
N2188-1.Q2.B.161214_0041.S.045622.061035N3413.0060.nh.fits,2016-12-14T00:41:00.000,S,296.0,348.028715278,92.6549384175,-34.1415225662,0.00833293287201,0.00413341882044,29.4120326302,266.693950539,20.4594287149
N2188-1.Q2.B.170211_0226.C.054503.061035N3413.0060.nh.fits,2017-02-11T02:26:00.000,C,297.0,407.101400463,92.6547044434,-34.1411463146,38.0702584534,23.3930227543,20.2186453201,0.0473788805678,22.5774536596
N2188-1.Q2.B.170218_1148.A.044953.061035N3413.0060.nh.fits,2017-02-18T11:48:00.000,A,298.0,414.492060185,92.6547248,-34.1411490466,15.8102515959,7.19461827834,21.1773426948,0.153359218162,21.4252827379
N2188-1.Q2.B.161129_0233.C.039779.061035N3413.0060.nh.fits,2016-11-29T02:33:00.000,C,299.0,333.106712963,92.6548384529,-34.1411992878,nan,nan,nan,nan,20.1765214672
N2188-1.Q2.B.170111_0742.C.048706.061035N3413.0060.nh.fits,2017-01-11T07:42:00.000,C,300.0,376.321493056,92.6547591742,-34.1410769919,83.9920698806,34.667654695,19.3553903434,0.0320952065331,21.9798553456
N2188-1.Q2.B.170227_2003.S.058905.061035N3413.0060.nh.fits,2017-02-27T20:03:00.000,S,301.0,423.835706019,92.6547655511,-34.1411279968,31.1029946906,19.2868174216,20.4391577709,0.0573698799454,22.1832928336
N2188-1.Q2.B.161129_0508.C.039847.061035N3413.0060.nh.fits,2016-11-29T05:08:00.000,C,302.0,333.214513889,92.654817237,-34.1411308398,nan,nan,nan,nan,22.6618332783
N2188-1.Q2.B.161214_0149.S.045653.061035N3413.0060.nh.fits,2016-12-14T01:49:00.000,S,303.0,348.076284722,92.654829606,-34.1411830691,nan,nan,nan,nan,20.4237219428
N2188-1.Q2.B.170105_0219.C.047103.061035N3413.0060.nh.fits,2017-01-05T02:19:00.000,C,304.0,370.097037037,92.6547419125,-34.141086276,89.0672125771,51.9825483781,19.2913856462,0.0215230639251,23.1429005449
N2188-1.Q2.B.161130_0406.C.040063.061035N3413.0060.nh.fits,2016-11-30T04:06:00.000,C,305.0,334.171481481,92.6548605636,-34.141155979,nan,nan,nan,nan,23.3127620352
N2188-1.Q2.B.170108_0210.C.047822.061035N3413.0060.nh.fits,2017-01-08T02:10:00.000,C,306.0,373.09068287,92.6547279689,-34.1410962243,73.9741044807,40.0717561306,19.4939486654,0.0278097914148,22.4189870393
N2188-1.Q2.B.170223_1206.A.046294.061035N3413.0060.nh.fits,2017-02-23T12:06:00.000,A,307.0,419.504780093,92.6547777895,-34.1411236061,30.775334828,26.6203674775,20.4507115129,0.0416717048772,23.0522171541
N2188-1.Q2.B.161129_0346.C.039810.061035N3413.0060.nh.fits,2016-11-29T03:46:00.000,C,308.0,333.157361111,92.6548523551,-34.1411187045,nan,nan,nan,nan,22.9950180756
N2188-1.Q2.B.161129_0724.C.039907.061035N3413.0060.nh.fits,2016-11-29T07:24:00.000,C,309.0,333.308715278,92.6545386201,-34.1414162655,0.907832017379,1.77198110527,24.2945671086,0.622159385671,23.102892232
N2188-1.Q2.B.161119_0105.S.041886.061035N3413.0060.nh.fits,2016-11-19T01:05:00.000,S,311.0,323.045300926,92.654791708,-34.1411869654,nan,nan,nan,nan,21.817301641
N2188-1.Q2.B.170121_0126.C.050871.061035N3413.0060.nh.fits,2017-01-21T01:26:00.000,C,312.0,386.060104167,92.6547678242,-34.1410934831,56.9855133123,42.1647519728,19.7785965777,0.0264450316267,23.2177433062
N2188-1.Q2.B.170118_0236.C.050205.061035N3413.0060.nh.fits,2017-01-18T02:36:00.000,C,313.0,383.108923611,92.6556479457,-34.1404543856,42.8365699604,3.82866722801,20.0899584156,0.288106058143,21.0275445595
N2188-1.Q2.B.161217_2133.S.046475.061035N3413.0060.nh.fits,2016-12-17T21:33:00.000,S,314.0,351.898194444,92.6547941581,-34.1411943221,nan,nan,nan,nan,20.7905580196
N2188-1.Q2.B.170221_1247.A.045803.061035N3413.0060.nh.fits,2017-02-21T12:47:00.000,A,315.0,417.532696759,92.6547753213,-34.1411425529,35.3590375091,27.7292749525,20.2992438208,0.040009536924,22.7434677912
N2188-1.Q2.B.161219_0707.C.043900.061035N3413.0060.nh.fits,2016-12-19T07:07:00.000,C,316.0,353.29662037,92.6547824576,-34.1411161556,nan,nan,nan,nan,23.451994323
N2188-1.Q2.B.170202_2024.S.054317.061035N3413.0060.nh.fits,2017-02-02T20:24:00.000,S,317.0,398.850289352,92.6547984248,-34.1408268299,7.32664600403,3.42001491274,22.016435029,0.322393239058,20.8135814438
N2188-1.Q2.B.170328_1837.S.000388.061035N3413.0060.nh.fits,2017-03-28T18:37:00.000,S,319.0,452.775717593,92.6547706258,-34.1411289568,13.6309624941,8.49300129631,21.3391462876,0.129916237068,21.9824263022
N2188-1.Q2.B.170121_0240.C.050904.061035N3413.0060.nh.fits,2017-01-21T02:40:00.000,C,320.0,386.111724537,92.6547585868,-34.1411026813,59.5475478256,34.3452676261,19.7306188416,0.0323796879961,22.7992316178
N2188-1.Q2.B.170415_1849.S.004357.061035N3413.0060.nh.fits,2017-04-15T18:49:00.000,S,321.0,470.784618056,92.6548701182,-34.1412030512,nan,nan,nan,nan,21.3060225067
N2188-1.Q2.B.170205_1913.S.054865.061035N3413.0060.nh.fits,2017-02-05T19:13:00.000,S,322.0,401.800821759,92.6547698836,-34.1411182334,41.4630026018,24.4289783519,20.1255131116,0.0453684917085,22.3581012668
N2188-1.Q2.B.170218_1412.A.045019.061035N3413.0060.nh.fits,2017-02-18T14:12:00.000,A,323.0,414.592106481,92.6548186077,-34.1411102529,nan,nan,nan,nan,20.6648260027
N2188-1.Q2.B.161227_2045.S.048536.061035N3413.0060.nh.fits,2016-12-27T20:45:00.000,S,324.0,361.864837963,92.6548716035,-34.1411487956,39.7059274751,11.664811157,20.1727522863,0.0946873383973,21.026405794
N2188-1.Q2.B.170114_0131.C.049258.061035N3413.0060.nh.fits,2017-01-14T01:31:00.000,C,325.0,379.063703704,92.6547453051,-34.1411077053,71.7671694037,41.2646782133,19.5269912596,0.0270300474506,23.0707543965
N2188-1.Q2.B.161225_2049.S.048041.061035N3413.0060.nh.fits,2016-12-25T20:49:00.000,S,328.0,359.86755787,92.6547308154,-34.1410823742,58.820284953,29.0859177328,19.7440247772,0.0381566952103,22.2799634739
N2188-1.Q2.B.170108_0626.C.047943.061035N3413.0060.nh.fits,2017-01-08T06:26:00.000,C,329.0,373.268368056,92.6547465641,-34.1411022191,86.4581134789,53.3463995537,19.3238208565,0.0209826708847,23.3985347906
N2188-1.Q2.B.161219_2142.S.046978.061035N3413.0060.nh.fits,2016-12-19T21:42:00.000,S,330.0,353.904479167,92.6548026742,-34.1411162334,nan,nan,nan,nan,22.0706583548
N2188-1.Q2.B.170319_1818.S.063893.061035N3413.0060.nh.fits,2017-03-19T18:18:00.000,S,331.0,443.762824074,92.6548001297,-34.1411303648,16.0265618779,9.73120272664,21.1625179169,0.113416066138,21.9316339424
N2188-1.Q2.B.161129_0617.C.039877.061035N3413.0060.nh.fits,2016-11-29T06:17:00.000,C,332.0,333.261828704,92.654859916,-34.1412007714,nan,nan,nan,nan,22.3500278845
N2188-1.Q2.B.170418_1818.S.005279.061035N3413.0060.nh.fits,2017-04-18T18:18:00.000,S,333.0,473.762696759,92.6548817996,-34.1410190733,2.2486600367,2.3035356466,23.3050443232,0.47850008871,21.9310953813
N2188-1.Q2.B.170117_0229.C.049991.061035N3413.0060.nh.fits,2017-01-17T02:29:00.000,C,334.0,382.103715278,92.6547575832,-34.1411007017,68.3336249754,47.8527617622,19.5804751497,0.0233464420942,23.1968018587
N2188-1.Q2.B.170219_0105.C.056528.061035N3413.0060.nh.fits,2017-02-19T01:05:00.000,C,335.0,415.045601852,92.6547548808,-34.14110458,30.8767434365,29.5130742539,20.4471226122,0.0376220384847,23.335760744
N2188-1.Q2.B.170218_0434.C.056357.061035N3413.0060.nh.fits,2017-02-18T04:34:00.000,C,336.0,414.19068287,92.6547535718,-34.1411237566,37.9184819395,25.3250065814,20.2230033464,0.0437861428886,23.00552324
N2188-1.Q2.B.161219_2250.S.047008.061035N3413.0060.nh.fits,2016-12-19T22:50:00.000,S,337.0,353.951782407,92.6548794616,-34.1411448221,nan,nan,nan,nan,22.7357041885
N2188-1.Q2.B.161225_1134.A.039409.061035N3413.0060.nh.fits,2016-12-25T11:34:00.000,A,338.0,359.482395833,92.6547274021,-34.1411123099,41.9642054878,12.9580118657,20.1124048524,0.0852468810842,21.3373710465
N2188-1.Q2.B.161119_0004.S.041859.061035N3413.0060.nh.fits,2016-11-19T00:04:00.000,S,340.0,323.003287037,92.6547727942,-34.1411396607,nan,nan,nan,nan,22.3677220089
N2188-1.Q2.B.161116_0128.S.041473.061035N3413.0060.nh.fits,2016-11-16T01:28:00.000,S,341.0,320.061585648,92.6548414001,-34.1411699727,nan,nan,nan,nan,22.7990005964
N2188-1.Q2.B.161203_0742.C.040862.061035N3413.0060.nh.fits,2016-12-03T07:42:00.000,C,342.0,337.321319444,92.6548319905,-34.1411951871,nan,nan,nan,nan,23.2318358432
N2188-1.Q2.B.170319_0034.C.063113.061035N3413.0060.nh.fits,2017-03-19T00:34:00.000,C,343.0,443.023715278,92.6547475472,-34.1411347204,24.0402331913,20.0745466693,20.7201589588,0.0551331309709,22.7279007773
N2188-1.Q2.B.170218_1043.A.044923.061035N3413.0060.nh.fits,2017-02-18T10:43:00.000,A,344.0,414.447094907,92.6548334364,-34.1411384981,18.9038528546,9.24154223436,20.9823824887,0.119413868056,21.6417302874
N2188-1.Q2.B.161219_1359.A.038329.061035N3413.0060.nh.fits,2016-12-19T13:59:00.000,A,345.0,353.583298611,92.6548118307,-34.1411549693,nan,nan,nan,nan,22.8150276094
N2188-1.Q2.B.161201_0411.C.040294.061035N3413.0060.nh.fits,2016-12-01T04:11:00.000,C,346.0,335.174398148,92.6548340372,-34.1412120731,nan,nan,nan,nan,22.5126603314
N2188-1.Q2.B.161216_0630.C.043173.061035N3413.0060.nh.fits,2016-12-16T06:30:00.000,C,347.0,350.271458333,92.6548185488,-34.1411689767,nan,nan,nan,nan,23.6524770926
N2188-1.Q2.B.170123_0243.C.051297.061035N3413.0060.nh.fits,2017-01-23T02:43:00.000,C,348.0,388.113321759,92.6547474034,-34.1411240097,41.5451326012,19.1395507844,20.1233542975,0.0578246371994,21.980381852
N2188-1.Q2.B.161220_2340.S.047257.061035N3413.0060.nh.fits,2016-12-20T23:40:00.000,S,349.0,354.98619213,92.6548140555,-34.1411396094,nan,nan,nan,nan,22.9605845716
N2188-1.Q2.B.161030_0659.C.034193.061035N3413.0060.nh.fits,2016-10-30T06:59:00.000,C,350.0,303.29125,92.654802483,-34.1411641596,nan,nan,nan,nan,23.6109836307
N2188-1.Q2.B.161219_1722.A.038421.061035N3413.0060.nh.fits,2016-12-19T17:22:00.000,A,351.0,353.723946759,92.6548818018,-34.1411485834,nan,nan,nan,nan,20.7451748411
N2188-1.Q2.B.170110_0643.C.048435.061035N3413.0060.nh.fits,2017-01-10T06:43:00.000,C,352.0,375.279953704,92.6547655472,-34.1410848939,82.7810011876,44.1643568612,19.3712350583,0.0252663376835,23.0063101768
N2188-1.Q2.B.161206_0651.C.041567.061035N3413.0060.nh.fits,2016-12-06T06:51:00.000,C,353.0,340.285451389,92.6548258145,-34.1412116523,nan,nan,nan,nan,23.5180100144
N2188-1.Q2.B.161220_0506.C.044092.061035N3413.0060.nh.fits,2016-12-20T05:06:00.000,C,354.0,354.2128125,92.6548556643,-34.1411449473,nan,nan,nan,nan,22.9294826341
N2188-1.Q2.B.161207_0231.C.041705.061035N3413.0060.nh.fits,2016-12-07T02:31:00.000,C,355.0,341.10537037,92.6548116815,-34.1411943943,nan,nan,nan,nan,21.6848280301
N2188-1.Q2.B.170330_0136.C.000629.061035N3413.0060.nh.fits,2017-03-30T01:36:00.000,C,356.0,454.066921296,92.6547098383,-34.1411286535,21.8029915794,9.77599931137,20.8267245023,0.112898453785,21.9293741448
N2188-1.Q2.B.161227_1058.A.039826.061035N3413.0060.nh.fits,2016-12-27T10:58:00.000,A,358.0,361.457453704,92.6547642285,-34.1411034775,63.3792011567,22.5740226251,19.6625866494,0.0490699492712,21.5901772935
N2188-1.Q2.B.161220_0619.C.044122.061035N3413.0060.nh.fits,2016-12-20T06:19:00.000,C,359.0,354.263472222,92.6548002203,-34.1411864783,nan,nan,nan,nan,23.1070241139
N2188-1.Q2.B.170309_0057.C.060722.061035N3413.0060.nh.fits,2017-03-09T00:57:00.000,C,360.0,433.040023148,92.6547452547,-34.1410874063,32.9489618253,21.5448319549,20.3762584743,0.0514120308335,22.9893944239
N2188-1.Q2.B.170216_0206.C.055782.061035N3413.0060.nh.fits,2017-02-16T02:06:00.000,C,361.0,412.087673611,92.6547559319,-34.1411330457,35.1004633928,21.0211107373,20.3072510337,0.0526605902349,22.3029552765
N2188-1.Q2.B.170416_0903.A.054229.061035N3413.0060.nh.fits,2017-04-16T09:03:00.000,A,362.0,471.377453704,92.6548261617,-34.1411736716,nan,nan,nan,nan,-2.51941346163
N2188-1.Q2.B.161217_1305.A.037919.061035N3413.0060.nh.fits,2016-12-17T13:05:00.000,A,364.0,351.545763889,92.6548239753,-34.1411382897,nan,nan,nan,nan,20.5891859638
N2188-1.Q2.B.170215_0113.C.055496.061035N3413.0060.nh.fits,2017-02-15T01:13:00.000,C,365.0,411.051006944,92.6547556206,-34.1411121916,41.0270676853,26.7555816845,20.1370438725,0.0414609277031,23.013669394
N2188-1.Q2.B.170303_0319.C.059500.061035N3413.0060.nh.fits,2017-03-03T03:19:00.000,C,366.0,427.138715278,92.6547476868,-34.1410979131,31.2639988211,27.1725124795,20.4335250645,0.0408325703482,23.2355610805
N2188-1.Q2.B.161208_0341.C.041987.061035N3413.0060.nh.fits,2016-12-08T03:41:00.000,C,367.0,342.153680556,92.6548764414,-34.1411269765,nan,nan,nan,nan,21.53485898
N2188-1.Q2.B.170223_2202.S.057900.061035N3413.0060.nh.fits,2017-02-23T22:02:00.000,S,368.0,419.918078704,92.6547262996,-34.1411330564,34.1280606664,14.1837644523,20.3379005483,0.0779220025184,22.2351469432
N2188-1.Q2.B.161130_0726.C.040149.061035N3413.0060.nh.fits,2016-11-30T07:26:00.000,C,369.0,334.310081019,92.6548233787,-34.1411320865,nan,nan,nan,nan,23.3585870974
N2188-1.Q2.B.161206_0423.C.041507.061035N3413.0060.nh.fits,2016-12-06T04:23:00.000,C,370.0,340.183298611,92.6548349628,-34.1411125371,nan,nan,nan,nan,23.6413393405
N2188-1.Q2.B.170109_0210.C.048070.061035N3413.0060.nh.fits,2017-01-09T02:10:00.000,C,371.0,374.090578704,92.6547537811,-34.1410958463,88.0747286008,25.9356978959,19.3036104132,0.0427649874436,21.5921746099
N2188-1.Q2.B.170309_2049.S.061674.061035N3413.0060.nh.fits,2017-03-09T20:49:00.000,S,372.0,433.867581019,92.6548425499,-34.14114342,18.684804491,4.65883013172,20.9950976554,0.236719270422,20.7995291268
N2188-1.Q2.B.170219_1401.A.045281.061035N3413.0060.nh.fits,2017-02-19T14:01:00.000,A,373.0,415.584652778,92.6547304279,-34.1410925879,15.9760743744,8.63134905653,21.1659600879,0.127838949877,21.6424290524
N2188-1.Q2.B.170119_2011.S.051612.061035N3413.0060.nh.fits,2017-01-19T20:11:00.000,S,374.0,384.841655093,92.6547532604,-34.1411391374,44.645125558,13.1199983546,20.0448445026,0.0841937402231,21.2786647887
N2188-1.Q2.B.161213_0640.C.042912.061035N3413.0060.nh.fits,2016-12-13T06:40:00.000,C,375.0,347.278391204,92.6550832226,-34.141047501,2.6551159481,2.44554761235,23.1237791827,0.451036036159,23.1540126771
N2188-1.Q2.B.170219_1035.A.045189.061035N3413.0060.nh.fits,2017-02-19T10:35:00.000,A,377.0,415.441354167,92.6547931504,-34.1411409895,16.2271577356,9.05951065799,21.1489478591,0.12184000895,21.6958405089
N2188-1.Q2.B.170327_0922.A.050422.061035N3413.0060.nh.fits,2017-03-27T09:22:00.000,A,378.0,451.390601852,92.6547810574,-34.1411075048,18.2850753561,17.8460513813,21.0186898657,0.0619992753177,23.2213411039
N2188-1.Q2.B.161218_0812.C.043694.061035N3413.0060.nh.fits,2016-12-18T08:12:00.000,C,380.0,352.342210648,92.6548841269,-34.1411722914,nan,nan,nan,nan,23.219696501
N2188-1.Q2.B.170418_1922.S.005309.061035N3413.0060.nh.fits,2017-04-18T19:22:00.000,S,382.0,473.8071875,92.6547798973,-34.1411317635,nan,nan,nan,nan,21.6909152822
N2188-1.Q2.B.170309_0955.A.048420.061035N3413.0060.nh.fits,2017-03-09T09:55:00.000,A,383.0,433.413472222,92.6548411896,-34.1411286852,22.4212749183,14.130957751,20.7962182298,0.0781995248928,22.0856846603
N2188-1.Q2.B.170125_0237.C.051533.061035N3413.0060.nh.fits,2017-01-25T02:37:00.000,C,384.0,390.109548611,92.6547491363,-34.1411046664,48.4982398588,36.2672396186,19.9545332585,0.0306820716759,22.9755796663
N2188-1.Q2.B.161216_0149.S.046103.061035N3413.0060.nh.fits,2016-12-16T01:49:00.000,S,385.0,350.076041667,92.6547645705,-34.1412097659,nan,nan,nan,nan,20.4770527643
N2188-1.Q2.B.170121_2131.S.052100.061035N3413.0060.nh.fits,2017-01-21T21:31:00.000,S,386.0,386.895740741,92.6547518346,-34.1410992272,51.2284042511,26.5054243734,19.8947857131,0.0418407630339,22.1142720158
N2188-1.Q2.B.170307_1130.A.048077.061035N3413.0060.nh.fits,2017-03-07T11:30:00.000,A,387.0,431.479490741,92.6548080969,-34.1409937734,15.2740309935,3.71869290615,21.2149853001,0.296458084751,20.9244922575
N2188-1.Q2.B.161029_1601.A.030274.061035N3413.0060.nh.fits,2016-10-29T16:01:00.000,A,388.0,302.667476852,92.6548605502,-34.1411099893,nan,nan,nan,nan,20.6983689107
N2188-1.Q2.B.170114_0608.C.049384.061035N3413.0060.nh.fits,2017-01-14T06:08:00.000,C,389.0,379.2559375,92.6547345138,-34.1411058616,74.1270096769,27.4739702365,19.4916959932,0.0403913438845,22.1407895628
N2188-1.Q2.B.161201_0516.C.040324.061035N3413.0060.nh.fits,2016-12-01T05:16:00.000,C,390.0,335.219965278,92.6548443342,-34.1411632078,nan,nan,nan,nan,23.3280358817
N2188-1.Q2.B.161203_0416.C.040771.061035N3413.0060.nh.fits,2016-12-03T04:16:00.000,C,391.0,337.177974537,92.6548378597,-34.1411618125,nan,nan,nan,nan,23.2031320823
N2188-1.Q2.B.170417_1018.A.054597.061035N3413.0060.nh.fits,2017-04-17T10:18:00.000,A,392.0,472.429814815,92.6547612446,-34.1411795675,nan,nan,nan,nan,21.610551551
N2188-1.Q2.B.170327_1814.S.000147.061035N3413.0060.nh.fits,2017-03-27T18:14:00.000,S,393.0,451.760231481,92.6548105969,-34.1411495769,21.688918256,19.6261678927,20.8324473284,0.0564012617215,23.2264933694
N2188-1.Q2.B.170121_1157.A.042335.061035N3413.0060.nh.fits,2017-01-21T11:57:00.000,A,394.0,386.498564815,92.6547035942,-34.1411306794,47.3638560755,16.7476000549,19.9803539164,0.0660206693109,21.4238406876
N2188-1.Q2.B.161117_0645.C.037657.061035N3413.0060.nh.fits,2016-11-17T06:45:00.000,C,396.0,321.281574074,92.65480191,-34.1411993653,nan,nan,nan,nan,23.2025688823
N2188-1.Q2.B.170209_1346.A.044073.061035N3413.0060.nh.fits,2017-02-09T13:46:00.000,A,397.0,405.573958333,92.6547574223,-34.1411000282,42.5461195117,22.7504994341,20.0973807043,0.048708254216,22.5012446351
N2188-1.Q2.B.170303_1301.A.047445.061035N3413.0060.nh.fits,2017-03-03T13:01:00.000,A,398.0,427.542418981,92.654788004,-34.141138254,26.1513186995,9.01034013554,20.6283330064,0.12247350203,21.480998117
N2188-1.Q2.B.170305_0159.C.059947.061035N3413.0060.nh.fits,2017-03-05T01:59:00.000,C,399.0,429.082800926,92.6547674071,-34.1411074079,32.5503312864,25.9436519354,20.3895377154,0.0427640996276,23.33939043
N2188-1.Q2.B.170315_1825.S.062819.061035N3413.0060.nh.fits,2017-03-15T18:25:00.000,S,400.0,439.768043981,92.6547651015,-34.1410806642,21.3347602545,18.9577815473,20.8504084424,0.0583636590971,22.6164912497
N2188-1.Q2.B.170318_0232.C.062884.061035N3413.0060.nh.fits,2017-03-18T02:32:00.000,C,401.0,442.10599537,92.654741048,-34.1410931206,29.0503980481,24.3354682071,20.5136388692,0.0455575276437,23.3755211218
N2188-1.Q2.B.170330_0942.A.051071.061035N3413.0060.nh.fits,2017-03-30T09:42:00.000,A,403.0,454.40431713,92.6548652854,-34.1411688799,nan,nan,nan,nan,21.0378993278
N2188-1.Q2.B.170303_1144.A.047415.061035N3413.0060.nh.fits,2017-03-03T11:44:00.000,A,404.0,427.489282407,92.6548772642,-34.141247435,22.8851541114,7.16246707899,20.7738776634,0.154047312341,21.3175366435
N2188-1.Q2.B.170126_0232.C.051760.061035N3413.0060.nh.fits,2017-01-26T02:32:00.000,C,405.0,391.105925926,92.6547465697,-34.1410873802,52.2565468663,39.0575259317,19.8731074545,0.0285188834873,23.1656481221
N2188-1.Q2.B.161121_0752.C.038500.061035N3413.0060.nh.fits,2016-11-21T07:52:00.000,C,406.0,325.328252315,92.654792933,-34.1411430548,nan,nan,nan,nan,23.531046909
N2188-1.Q2.B.170217_0106.C.056009.061035N3413.0060.nh.fits,2017-02-17T01:06:00.000,C,407.0,413.046006944,92.6547625548,-34.1411072544,32.504075391,27.0466044356,20.3910891176,0.0410058409324,22.65402728
N2188-1.Q2.B.161218_0551.C.043634.061035N3413.0060.nh.fits,2016-12-18T05:51:00.000,C,408.0,352.244351852,92.6548635089,-34.1411955509,nan,nan,nan,nan,23.5813465466
N2188-1.Q2.B.170113_0342.C.049079.061035N3413.0060.nh.fits,2017-01-13T03:42:00.000,C,409.0,378.154861111,92.6547693328,-34.1410978381,74.3505650769,46.4953806947,19.4884108177,0.0240528974815,23.2630598036
N2188-1.Q2.B.170216_0324.C.055812.061035N3413.0060.nh.fits,2017-02-16T03:24:00.000,C,410.0,412.142071759,92.6547768837,-34.1411003853,36.7874420284,19.9923622608,20.256039541,0.0553614727889,22.1942250971
N2188-1.Q2.B.170227_1855.S.058875.061035N3413.0060.nh.fits,2017-02-27T18:55:00.000,S,411.0,423.788738426,92.6547704432,-34.1411123005,31.1387226963,23.2815458842,20.4379053186,0.0475952930335,22.8306249531
N2188-1.Q2.B.161106_1528.A.031913.061035N3413.0060.nh.fits,2016-11-06T15:28:00.000,A,412.0,310.644606481,92.6547853312,-34.141181343,nan,nan,nan,nan,23.0245209879
N2188-1.Q2.B.161023_1726.A.029127.061035N3413.0060.nh.fits,2016-10-23T17:26:00.000,A,413.0,296.727002315,92.6548332978,-34.1411915894,nan,nan,nan,nan,21.8264920694
N2188-1.Q2.B.161116_0022.S.041443.061035N3413.0060.nh.fits,2016-11-16T00:22:00.000,S,414.0,320.015856481,92.6547933333,-34.1411114617,nan,nan,nan,nan,22.8932882333
N2188-1.Q2.B.161221_0155.S.047321.061035N3413.0060.nh.fits,2016-12-21T01:55:00.000,S,415.0,355.080069444,92.6548718599,-34.1411351296,nan,nan,nan,nan,21.5050896114
N2188-1.Q2.B.161115_0738.C.036982.061035N3413.0060.nh.fits,2016-11-15T07:38:00.000,C,416.0,319.318425926,92.6548805004,-34.1411127194,nan,nan,nan,nan,20.9292520391
N2188-1.Q2.B.161030_0555.C.034163.061035N3413.0060.nh.fits,2016-10-30T05:55:00.000,C,417.0,303.247071759,92.6553546501,-34.1419983041,0.104069592339,0.121553102037,26.6575593933,9.06958070986,23.2363760907
N2188-1.Q2.B.170420_0959.A.055414.061035N3413.0060.nh.fits,2017-04-20T09:59:00.000,A,418.0,475.416516204,92.654159701,-34.1407696292,3.44744269754,2.74814985422,22.8388843078,0.401194307323,22.8574762637
N2188-1.Q2.B.170209_1918.S.055619.061035N3413.0060.nh.fits,2017-02-09T19:18:00.000,S,419.0,405.804618056,92.6548165133,-34.1411359838,35.217105211,18.6855438987,20.3036317321,0.0592152650788,22.077542174
N2188-1.Q2.B.161026_0533.C.033067.061035N3413.0060.nh.fits,2016-10-26T05:33:00.000,C,420.0,299.231550926,92.6548414624,-34.1412081574,0.305014240019,0.305318707394,25.4844647829,3.61057262065,23.0140838422
N2188-1.Q2.B.170201_1917.S.054070.061035N3413.0060.nh.fits,2017-02-01T19:17:00.000,S,421.0,397.803564815,92.6547512083,-34.1411024327,39.3282975768,31.8448981958,20.1831775829,0.0348876820856,22.8549478936
N2188-1.Q2.B.170329_1917.S.000703.061035N3413.0060.nh.fits,2017-03-29T19:17:00.000,S,422.0,453.803576389,92.6547747984,-34.1412164302,18.2260430197,10.6389710434,21.0222176267,0.10376258971,22.1165849983
N2188-1.Q2.B.170331_1200.A.051295.061035N3413.0060.nh.fits,2017-03-31T12:00:00.000,A,423.0,455.500046296,92.6551520405,-34.1411042003,7.46987685389,3.3700885348,21.9953135461,0.327174573072,21.2984696546
N2188-1.Q2.B.170120_1958.S.051847.061035N3413.0060.nh.fits,2017-01-20T19:58:00.000,S,424.0,385.83255787,92.6547485114,-34.1411386252,42.1065752387,17.2701168517,20.1087099157,0.0640278822787,21.6503952582
N2188-1.Q2.B.161224_2048.S.047824.061035N3413.0060.nh.fits,2016-12-24T20:48:00.000,S,425.0,358.867256944,92.654786733,-34.1411814993,16.5234185715,8.38275575443,21.1292099527,0.131655919312,21.6251177224
N2188-1.Q2.B.170331_0942.A.051231.061035N3413.0060.nh.fits,2017-03-31T09:42:00.000,A,426.0,455.404351852,92.6547079392,-34.1411020143,13.3462883784,6.79075116058,21.3621713254,0.162427514057,21.6722295258
N2188-1.Q2.B.170417_1912.S.005000.061035N3413.0060.nh.fits,2017-04-17T19:12:00.000,S,428.0,472.800532407,92.6536551139,-34.1415778751,2.10544740061e-24,3.69849451069e-25,83.6648357899,2.97990354255e+24,19.0342559151
N2188-1.Q2.B.170418_0931.A.054898.061035N3413.0060.nh.fits,2017-04-18T09:31:00.000,A,429.0,473.396898148,92.6548174801,-34.1411759109,nan,nan,nan,nan,20.7579621767
N2188-1.Q2.B.170206_0219.C.053377.061035N3413.0060.nh.fits,2017-02-06T02:19:00.000,C,430.0,402.09681713,92.6547556513,-34.1410893554,46.6947587576,27.9910566492,19.9958753553,0.0396482797566,22.975583697
N2188-1.Q2.B.161219_0815.C.043930.061035N3413.0060.nh.fits,2016-12-19T08:15:00.000,C,431.0,353.344340278,92.6548457258,-34.1411241811,nan,nan,nan,nan,22.8967191972
N2188-1.Q2.B.161026_0750.C.033128.061035N3413.0060.nh.fits,2016-10-26T07:50:00.000,C,432.0,299.326516204,92.6548598619,-34.1412028766,nan,nan,nan,nan,23.1680779085
N2188-1.Q2.B.170202_0250.C.052765.061035N3413.0060.nh.fits,2017-02-02T02:50:00.000,C,433.0,398.118263889,92.6547528456,-34.1411122902,40.2967945283,36.8783637009,20.1566374147,0.0301795120305,23.2145733016
N2188-1.Q2.B.161217_1616.A.038005.061035N3413.0060.nh.fits,2016-12-17T16:16:00.000,A,434.0,351.677847222,92.6548709928,-34.1411127466,nan,nan,nan,nan,20.8207394012
N2188-1.Q2.B.161215_0041.S.045872.061035N3413.0060.nh.fits,2016-12-15T00:41:00.000,S,435.0,349.028703704,92.6547963871,-34.1411605681,nan,nan,nan,nan,21.8202128131
N2188-1.Q2.B.170111_0215.C.048556.061035N3413.0060.nh.fits,2017-01-11T02:15:00.000,C,436.0,376.094178241,92.6547584012,-34.1411118092,80.4205385965,39.4953399818,19.4027950658,0.0282327683553,23.0043476896
N2188-1.Q2.B.170305_0058.C.059920.061035N3413.0060.nh.fits,2017-03-05T00:58:00.000,C,437.0,429.040497685,92.6547571646,-34.1411081781,33.0254333807,24.596775254,20.3737294171,0.0450702561098,23.1937888054
N2188-1.Q2.B.170318_0024.C.062824.061035N3413.0060.nh.fits,2017-03-18T00:24:00.000,C,438.0,442.017337963,92.6547802111,-34.1411128837,20.101369615,21.2548845095,20.915374082,0.0521204262755,23.4726191191
N2188-1.Q2.B.170114_0502.C.049354.061035N3413.0060.nh.fits,2017-01-14T05:02:00.000,C,439.0,379.210081019,92.6547564573,-34.1410989375,71.6827902985,45.2018155282,19.5282746787,0.0247102237224,23.3449722153
N2188-1.Q2.B.170120_0129.C.050658.061035N3413.0060.nh.fits,2017-01-20T01:29:00.000,C,440.0,385.062372685,92.654762872,-34.1411172482,60.7897965636,41.1212159827,19.7080942197,0.0271189493167,23.313951986
N2188-1.Q2.B.170118_1924.S.051353.061035N3413.0060.nh.fits,2017-01-18T19:24:00.000,S,441.0,383.80880787,92.6547356048,-34.1410916483,64.6645532358,40.7676582063,19.6406832141,0.0273360890412,23.0112601759
N2188-1.Q2.B.161208_0558.C.042049.061035N3413.0060.nh.fits,2016-12-08T05:58:00.000,C,443.0,342.248946759,92.6548416556,-34.1411580232,nan,nan,nan,nan,22.3899334104
N2188-1.Q2.B.170307_1023.A.048047.061035N3413.0060.nh.fits,2017-03-07T10:23:00.000,A,444.0,431.432743056,92.6548221481,-34.1411333236,28.0901237252,8.88243162633,20.5503101389,0.124234353178,21.4051185015
N2188-1.Q2.B.170412_1019.A.053335.061035N3413.0060.nh.fits,2017-04-12T10:19:00.000,A,445.0,467.430277778,92.654895569,-34.141070755,10.1367047483,1.24412404993,21.6622641589,0.88607697509,20.3317938264
N2188-1.Q2.B.161203_0524.C.040801.061035N3413.0060.nh.fits,2016-12-03T05:24:00.000,C,446.0,337.225555556,92.6547680575,-34.141172669,nan,nan,nan,nan,23.4814679558
N2188-1.Q2.B.170318_0129.C.062854.061035N3413.0060.nh.fits,2017-03-18T01:29:00.000,C,447.0,442.061840278,92.6547403078,-34.1410955534,23.9007398878,23.9891744071,20.7265076131,0.0462231467747,23.5357145471
N2188-1.Q2.B.170227_2110.S.058936.061035N3413.0060.nh.fits,2017-02-27T21:10:00.000,S,448.0,423.882569444,92.6547570656,-34.1411236572,42.2695958558,21.2454901554,20.104494337,0.0521086169571,22.3933123903
N2188-1.Q2.B.170119_1103.A.042188.061035N3413.0060.nh.fits,2017-01-19T11:03:00.000,A,449.0,384.460694444,92.6547413098,-34.1410973412,49.3579431148,21.9671895612,19.9353639955,0.050415710634,21.8978480671
N2188-1.Q2.B.170416_1010.A.054261.061035N3413.0060.nh.fits,2017-04-16T10:10:00.000,A,450.0,471.424189815,92.6547670006,-34.1412031191,nan,nan,nan,nan,21.6280506468
N2188-1.Q2.B.170321_0040.C.063637.061035N3413.0060.nh.fits,2017-03-21T00:40:00.000,C,451.0,445.027824074,92.6547628497,-34.1410952068,22.0009172306,22.1727880414,20.8168656555,0.0499600487337,23.1057656541
N2188-1.Q2.B.161121_0644.C.038470.061035N3413.0060.nh.fits,2016-11-21T06:44:00.000,C,452.0,325.280810185,92.654761127,-34.1411282056,nan,nan,nan,nan,23.6099675914
N2188-1.Q2.B.170125_1947.S.052599.061035N3413.0060.nh.fits,2017-01-25T19:47:00.000,S,453.0,390.824606481,92.6547501101,-34.1411049809,47.0758644861,23.1083885454,19.9870075733,0.0479305292241,22.0376504368
N2188-1.Q2.B.161119_0640.C.038107.061035N3413.0060.nh.fits,2016-11-19T06:40:00.000,C,454.0,323.278449074,92.6548407583,-34.1411258041,nan,nan,nan,nan,23.1078252374
N2188-1.Q2.B.161220_0725.C.044153.061035N3413.0060.nh.fits,2016-12-20T07:25:00.000,C,455.0,354.309675926,92.6548676493,-34.1411435196,nan,nan,nan,nan,21.2027172301
N2188-1.Q2.B.161217_2237.S.046505.061035N3413.0060.nh.fits,2016-12-17T22:37:00.000,S,456.0,351.942534722,92.654762181,-34.14119961,nan,nan,nan,nan,22.8935244398
N2188-1.Q2.B.161218_0337.C.043574.061035N3413.0060.nh.fits,2016-12-18T03:37:00.000,C,457.0,352.150983796,92.6547625248,-34.1411964389,nan,nan,nan,nan,23.619416776
N2188-1.Q2.B.161024_1727.A.029381.061035N3413.0060.nh.fits,2016-10-24T17:27:00.000,A,458.0,297.727743056,92.654761524,-34.1412007422,nan,nan,nan,nan,21.7904110924
N2188-1.Q2.B.161130_0616.C.040119.061035N3413.0060.nh.fits,2016-11-30T06:16:00.000,C,459.0,334.261689815,92.6547855117,-34.1411573256,nan,nan,nan,nan,23.2583712461
N2188-1.Q2.B.170213_0218.C.054996.061035N3413.0060.nh.fits,2017-02-13T02:18:00.000,C,460.0,409.095925926,92.6547586064,-34.1411099969,37.4434782171,22.4342197662,20.2367559372,0.0494083136822,23.0948609131
N2188-1.Q2.B.170221_1035.A.045742.061035N3413.0060.nh.fits,2017-02-21T10:35:00.000,A,461.0,417.44099537,92.6547303809,-34.1410992283,36.5457916626,32.4008325959,20.2632294292,0.034314587213,23.4776383728
N2188-1.Q2.B.170116_2031.S.050939.061035N3413.0060.nh.fits,2017-01-16T20:31:00.000,S,462.0,381.85494213,92.6547593782,-34.1411797152,38.3014832006,13.5192141312,20.2120393457,0.0817388192442,21.3216157705
N2188-1.Q2.B.170402_1819.S.001842.061035N3413.0060.nh.fits,2017-04-02T18:19:00.000,S,463.0,457.763564815,92.6548037078,-34.1410897093,14.3999481756,13.7774004028,21.279274259,0.0802116640139,22.9317687827
N2188-1.Q2.B.170215_0329.C.055556.061035N3413.0060.nh.fits,2017-02-15T03:29:00.000,C,464.0,411.145196759,92.654768493,-34.1410788905,38.701000024,24.5183780596,20.2007187786,0.0452146636215,22.6920095603
N2188-1.Q2.B.170219_0434.C.056619.061035N3413.0060.nh.fits,2017-02-19T04:34:00.000,C,465.0,415.190601852,92.6547481216,-34.1410901219,35.6680268098,28.0644158332,20.2897518529,0.039546463889,23.0742675585
N2188-1.Q2.B.170307_1237.A.048109.061035N3413.0060.nh.fits,2017-03-07T12:37:00.000,A,466.0,431.525798611,92.6547668121,-34.1411483014,nan,nan,nan,nan,19.5309942141
N2188-1.Q2.B.170212_0217.C.054732.061035N3413.0060.nh.fits,2017-02-12T02:17:00.000,C,467.0,408.095439815,92.6547543286,-34.1411675294,37.8839508672,28.845597688,20.223997288,0.0385056479224,23.347130985
N2188-1.Q2.B.161208_0450.C.042019.061035N3413.0060.nh.fits,2016-12-08T04:50:00.000,C,468.0,342.201701389,92.6548280093,-34.1411896344,nan,nan,nan,nan,21.5006403527
N2188-1.Q2.B.161206_0758.C.041597.061035N3413.0060.nh.fits,2016-12-06T07:58:00.000,C,469.0,340.332615741,92.6547708017,-34.141127306,nan,nan,nan,nan,23.3463089169
N2188-1.Q2.B.161202_0413.C.040527.061035N3413.0060.nh.fits,2016-12-02T04:13:00.000,C,470.0,336.176261574,92.6548249361,-34.1411760182,nan,nan,nan,nan,23.2848524722
N2188-1.Q2.B.170309_1059.A.048450.061035N3413.0060.nh.fits,2017-03-09T10:59:00.000,A,471.0,433.458240741,92.6547291509,-34.1409287783,23.1852966963,5.81260668923,20.7596627165,0.189726874622,20.8358970847
N2188-1.Q2.B.170223_2048.S.057868.061035N3413.0060.nh.fits,2017-02-23T20:48:00.000,S,473.0,419.867025463,92.6547622386,-34.1411188117,30.885812335,25.0355328444,20.4468022338,0.0442859122576,22.8114003325
N2188-1.Q2.B.170113_0125.C.049019.061035N3413.0060.nh.fits,2017-01-13T01:25:00.000,C,474.0,378.059583333,92.6547551288,-34.1411050127,74.8939524416,39.511906583,19.4804666755,0.0282218017793,22.880353872
N2188-1.Q2.B.161219_0338.C.043813.061035N3413.0060.nh.fits,2016-12-19T03:38:00.000,C,475.0,353.151759259,92.6547641385,-34.1411425133,nan,nan,nan,nan,23.4886544812
N2188-1.Q2.B.170402_0132.C.001437.061035N3413.0060.nh.fits,2017-04-02T01:32:00.000,C,476.0,457.064201389,92.6547659641,-34.1411075575,17.9172875711,14.3545403796,21.0408569854,0.0770107085473,23.170506265
N2188-1.Q2.B.161202_1703.A.035731.061035N3413.0060.nh.fits,2016-12-02T17:03:00.000,A,477.0,336.710416667,92.6548606965,-34.1412004791,nan,nan,nan,nan,22.2615900749
N2188-1.Q2.B.170327_0045.C.065259.061035N3413.0060.nh.fits,2017-03-27T00:45:00.000,C,478.0,451.031886574,92.6547484342,-34.1411209553,17.7646160702,19.0347506524,21.0501926782,0.0581468593775,23.3173354279
N2188-1.Q2.B.170105_0638.C.047223.061035N3413.0060.nh.fits,2017-01-05T06:38:00.000,C,479.0,370.276956019,92.6547582473,-34.1410985692,87.7110213599,46.7673993346,19.3081248424,0.023877639776,22.5646988363
N2188-1.Q2.B.161202_0522.C.040557.061035N3413.0060.nh.fits,2016-12-02T05:22:00.000,C,480.0,336.22375,92.6548584518,-34.1411233874,nan,nan,nan,nan,23.6373036938
N2188-1.Q2.B.170408_0940.A.052639.061035N3413.0060.nh.fits,2017-04-08T09:40:00.000,A,481.0,463.402974537,92.6548467199,-34.141122254,nan,nan,nan,nan,20.6197633709
N2188-1.Q2.B.170208_0223.C.053796.061035N3413.0060.nh.fits,2017-02-08T02:23:00.000,C,482.0,404.099965278,92.6547682248,-34.1410636036,43.2728633957,30.4987985646,20.078903241,0.036421125428,22.8222013228
N2188-1.Q2.B.170502_0916.A.056795.061035N3413.0060.nh.fits,2017-05-02T09:16:00.000,A,483.0,487.386678241,92.6548722615,-34.1411092896,nan,nan,nan,nan,20.900498496
N2188-1.Q2.B.170303_2118.S.059911.061035N3413.0060.nh.fits,2017-03-03T21:18:00.000,S,484.0,427.887997685,92.654768796,-34.1410838842,28.3713243558,20.7891985766,20.5394433355,0.0532483142657,22.58589938
N2188-1.Q2.B.170327_1920.S.000178.061035N3413.0060.nh.fits,2017-03-27T19:20:00.000,S,485.0,451.805902778,92.6547637282,-34.1411347324,16.2131077483,11.669140954,21.1498928454,0.0946467701261,22.6546971562
