N2188-1.Q2.B.170207_0134.C.053562.061035N3413.0060.nh.fits,0.0,768.065405093,92.6547493659,-34.1411450721,27.7641802116,15.3130147089,20.5630429581,0.0723814899028,22.4339603312,-16.04889784413312,0.07322661983541102
N2188-1.Q2.B.170311_1003.A.048968.061035N3413.0060.nh.fits,1.0,800.419143519,92.6547520009,-34.1411055697,24.5994301694,13.3668499647,20.6950731947,0.0829077427304,22.4431593394,-15.916867607533117,0.08364658735788846
N2188-1.Q2.B.170219_1249.A.045249.061035N3413.0060.nh.fits,2.0,780.534652778,92.6548164423,-34.1410090984,17.2309441524,5.77944095071,21.083468517,0.19123435906,21.8255042151,-15.528472285233118,0.19155583482906408
N2188-1.Q2.B.170115_1928.S.050841.061035N3413.0060.nh.fits,3.0,745.811585648,92.6547131466,-34.1411350746,49.155441389,14.3221991319,19.9398490533,0.0773917009477,21.7201863249,-16.672091748933116,0.07818269084361897
N2188-1.Q2.B.161130_0506.C.040090.061035N3413.0060.nh.fits,4.0,699.213194444,92.6548381986,-34.1411745174,-0.466517989401,-0.899215969484,nan,nan,23.8038555293,nan,nan
N2188-1.Q2.B.170416_1010.A.054261.061035N3413.0060.nh.fits,5.0,836.424201389,92.6547574119,-34.1416836402,2.46405101593,0.747241448379,23.2052528785,1.47739307234,21.6935296154,-13.406687923733116,1.4774347186830945
N2188-1.Q2.B.161217_0035.S.046314.061035N3413.0060.nh.fits,6.0,716.024490741,92.6548712334,-34.1411813455,nan,nan,nan,nan,23.0749684583,nan,nan
N2188-1.Q2.B.170320_0235.C.063430.061035N3413.0060.nh.fits,7.0,809.108263889,92.6547460521,-34.1410914938,17.854982915,17.6466717232,21.0446572023,0.0628948878469,23.1887069711,-15.567283599933116,0.06386567692622387
N2188-1.Q2.B.170124_2043.S.052404.061035N3413.0060.nh.fits,8.0,754.862037037,92.6547926675,-34.1411639621,33.4903357286,10.0244799042,20.3584791259,0.110395025907,21.7479840427,-16.253461676333117,0.11095097799018211
N2188-1.Q2.B.170112_0350.C.048842.061035N3413.0060.nh.fits,9.0,742.160335648,92.6547213722,-34.1410732565,21.272080592,27.7779040469,20.853618269,0.0401899640756,23.9379740963,-15.75832253323312,0.04169281693971627
N2188-1.Q2.B.170227_1251.A.046947.061035N3413.0060.nh.fits,10.0,788.536041667,92.6547412611,-34.1410983132,17.3866271957,7.11842070778,21.0736559737,0.155269053928,22.0687427213,-15.538284828533119,0.15566482222925912
N2188-1.Q2.B.161205_0526.C.041291.061035N3413.0060.nh.fits,11.0,704.22693287,92.6545059459,-34.1414964821,0.140356598343,0.421103489941,26.3312280335,2.62398075444,24.2742656712,-10.280712768733117,2.62400420301559
N2188-1.Q2.B.170331_0019.C.000856.061035N3413.0060.nh.fits,12.0,820.013680556,92.6547255904,-34.1411328623,11.9898404375,12.8743588275,21.4790976434,0.086029052627,23.197872487,-15.132843158833118,0.08674131465380155
N2188-1.Q2.B.161130_0406.C.040063.061035N3413.0060.nh.fits,13.0,699.171493056,92.6552801549,-34.141348609,0.209959062057,0.340354825256,25.8918747375,3.24526878268,23.602777136,-10.720066064733118,3.2452877421900976
N2188-1.Q2.B.170125_2056.S.052630.061035N3413.0060.nh.fits,14.0,755.872650463,92.6548506062,-34.1411529138,30.6639733056,10.6712036718,20.4546663014,0.103728277247,21.8894125035,-16.15727450083312,0.10431976453482424
N2188-1.Q2.B.161216_0149.S.046103.061035N3413.0060.nh.fits,15.0,715.076053241,92.6547645705,-34.1412097659,-4.07345781395,-0.427927083374,nan,nan,20.5384680545,nan,nan
N2188-1.Q2.B.170227_1141.A.046915.061035N3413.0060.nh.fits,16.0,788.4871875,92.6547875882,-34.1411114364,20.0750452272,9.28754528162,20.9168037036,0.119083181734,22.2472329213,-15.695137098633118,0.11959875393942675
N2188-1.Q2.B.170112_0706.C.048932.061035N3413.0060.nh.fits,17.0,742.296435185,92.654771562,-34.1410108302,40.6722008153,12.3906642125,20.1465211579,0.0893833367968,21.7437464407,-16.465419644333117,0.0900690772068908
N2188-1.Q2.B.161215_0147.S.045903.061035N3413.0060.nh.fits,18.0,714.074884259,92.6545222508,-34.1414629414,2.46086805638,2.22088882492,23.2066630308,0.4973716975,22.8567441217,-13.405277771433116,0.4974953901756298
N2188-1.Q2.B.170412_1800.S.003903.061035N3413.0060.nh.fits,19.0,832.75068287,92.6545339918,-34.1409137905,5.08748792265,1.93409955563,22.4143403941,0.57087354146,21.9599230446,-14.197600408133116,0.5709813115252136
N2188-1.Q2.B.170402_2027.S.001903.061035N3413.0060.nh.fits,20.0,822.852766204,92.6546971149,-34.1411090541,13.3006180266,9.9475843011,21.3659108977,0.111242191989,22.7577059325,-15.246029904533117,0.11179393118809361
N2188-1.Q2.B.170328_1837.S.000388.061035N3413.0060.nh.fits,21.0,817.775729167,92.6548050775,-34.1411872659,10.2536505412,4.4309722961,21.6497500908,0.249274097757,22.1186617672,-14.962190711433117,0.24952080791897308
N2188-1.Q2.B.170418_0931.A.054898.061035N3413.0060.nh.fits,22.0,838.396909722,92.6548174801,-34.1411759109,-6.0492174598,-0.574304948243,nan,nan,20.4275331843,nan,nan
N2188-1.Q2.B.170402_0132.C.001437.061035N3413.0060.nh.fits,23.0,822.064212963,92.6547476142,-34.1410858722,7.53279874022,12.6726609259,21.9861625261,0.0874264821955,23.8795567178,-14.625778276133119,0.0881274506669219
N2188-1.Q2.B.170307_0312.C.060388.061035N3413.0060.nh.fits,24.0,796.133784722,92.6547837955,-34.1410880805,24.7094053037,21.6450881871,20.6902068327,0.0513880064665,23.1340074208,-15.921733969533118,0.05257171274147076
N2188-1.Q2.B.170221_1140.A.045772.061035N3413.0060.nh.fits,25.0,782.486678241,92.6547354787,-34.1411075569,20.8976314663,23.9455180085,20.872993083,0.0464925450638,23.5946401978,-15.738947719233117,0.04779764134850325
N2188-1.Q2.B.170319_0034.C.063113.061035N3413.0060.nh.fits,26.0,808.023726852,92.6547583164,-34.1411388027,16.6924502801,16.0557531325,21.1181064435,0.0690614151509,23.1270229404,-15.493834358733118,0.06994667136194284
N2188-1.Q2.B.170418_1818.S.005279.061035N3413.0060.nh.fits,27.0,838.762708333,92.654691985,-34.1411005994,3.08859456828,1.49230770038,22.9587975237,0.739818336122,22.2183169779,-13.653143278533118,0.7399014990080067
N2188-1.Q2.B.161219_1722.A.038421.061035N3413.0060.nh.fits,28.0,718.723958333,92.6548818018,-34.1411485834,-1.20321792877,-0.0932310318316,nan,nan,20.1898055619,nan,nan
N2188-1.Q2.B.161118_0643.C.037873.061035N3413.0060.nh.fits,29.0,687.280439815,92.6550902358,-34.1409608384,0.798720302865,1.82778860745,24.4342613662,0.604501364758,23.9140621155,-12.177679436033117,0.6046031407181534
N2188-1.Q2.B.170202_1917.S.054285.061035N3413.0060.nh.fits,30.0,763.80380787,92.6547500968,-34.1411553993,23.8707728133,7.31382717503,20.7278763165,0.151127307695,21.7371096802,-15.884064485733116,0.15153389357866404
N2188-1.Q2.B.170327_1920.S.000178.061035N3413.0060.nh.fits,31.0,816.805914352,92.6547553753,-34.1411132071,12.0307899105,11.9589713584,21.4753780259,0.0925940195055,23.1095334303,-15.136562776333118,0.09325615379242053
N2188-1.Q2.B.170201_2023.S.054100.061035N3413.0060.nh.fits,32.0,762.849398148,92.6547652302,-34.1411254622,36.3269382165,26.0217611758,20.2697821792,0.0428028042504,22.9191747676,-16.342158623033118,0.0442169404602889
N2188-1.Q2.B.170301_0221.C.058995.061035N3413.0060.nh.fits,33.0,790.098541667,92.6547587593,-34.1410974489,19.7151356142,23.0900635296,20.9365398937,0.048187715184,23.5387991911,-15.675400908533117,0.049448090626686265
N2188-1.Q2.B.170212_1156.A.044536.061035N3413.0060.nh.fits,34.0,773.49755787,92.6548266783,-34.1412056783,nan,nan,nan,nan,19.8135503464,nan,nan
N2188-1.Q2.B.161219_2250.S.047008.061035N3413.0060.nh.fits,35.0,718.951793981,92.6548794616,-34.1411448221,-0.570644108099,-0.56312469439,nan,nan,22.9779355194,nan,nan
N2188-1.Q2.B.170307_1130.A.048077.061035N3413.0060.nh.fits,36.0,796.479502315,92.6547954861,-34.1410604264,12.7164243808,2.29946717147,21.4149120002,0.480174434431,21.1461421806,-15.197028802033117,0.48030255595103943
N2188-1.Q2.B.170219_1401.A.045281.061035N3413.0060.nh.fits,37.0,780.584664352,92.654741197,-34.141096766,17.4303956702,5.43642418035,21.0709131117,0.203218642562,21.7568947012,-15.541027690533117,0.20352118920818194
N2188-1.Q2.B.170402_1923.S.001872.061035N3413.0060.nh.fits,38.0,822.808206019,92.6548061587,-34.1411782764,13.3802817919,9.63964566411,21.3593961801,0.114770088221,22.7560319357,-15.252544622133119,0.11530494751842524
N2188-1.Q2.B.170211_0120.C.054473.061035N3413.0060.nh.fits,39.0,772.055891204,92.6547401859,-34.1410719134,15.07057633,20.5572576048,21.2296147022,0.0540716119882,23.7848990723,-15.382326100033119,0.05519779882362274
N2188-1.Q2.B.170109_0425.C.048130.061035N3413.0060.nh.fits,40.0,739.18474537,92.6547378931,-34.1410740815,43.6346497285,38.2870187594,20.0698201998,0.0293091578578,23.3626828012,-16.54212060243312,0.031338227555241745
N2188-1.Q2.B.170318_1929.S.063738.061035N3413.0060.nh.fits,41.0,807.812395833,92.6548210597,-34.1411160389,7.72187864843,3.4004930001,21.9591168066,0.324748932215,22.1398048734,-14.652823995633117,0.3249383429925643
N2188-1.Q2.B.170113_0237.C.049049.061035N3413.0060.nh.fits,42.0,743.109606481,92.6547208396,-34.1410675521,26.3730024826,30.521561976,20.6191240589,0.0366282641125,23.8248264399,-15.992816743333119,0.0382712359856032
N2188-1.Q2.B.170202_2024.S.054317.061035N3413.0060.nh.fits,43.0,763.850300926,92.6549988325,-34.141405823,17.1526026366,1.87550045866,21.0884398859,0.588827549974,20.5676507107,-15.523500916333116,0.5889320346019175
N2188-1.Q2.B.170317_0934.A.049704.061035N3413.0060.nh.fits,44.0,806.398657407,92.6547748317,-34.1411083256,17.0278281614,8.93963021899,21.0964048549,0.12370389106,22.3436262382,-15.515535947333117,0.12420028355585595
N2188-1.Q2.B.161027_0704.C.033384.061035N3413.0060.nh.fits,45.0,665.295104167,92.6548752897,-34.1411854115,-0.846130438162,-0.90017892157,nan,nan,23.0389732245,nan,nan
N2188-1.Q2.B.161208_0232.C.041956.061035N3413.0060.nh.fits,47.0,707.105763889,92.6548869536,-34.1411610363,nan,nan,nan,nan,21.8624919633,nan,nan
N2188-1.Q2.B.170121_1157.A.042335.061035N3413.0060.nh.fits,48.0,751.498576389,92.6546963479,-34.1411205572,74.4532878338,12.2999283125,19.4869046043,0.0900105583287,21.0954871651,-17.125036197933117,0.09069155629172419
N2188-1.Q2.B.170307_1237.A.048109.061035N3413.0060.nh.fits,49.0,796.525810185,92.6546781002,-34.1412494681,6.43181051543,0.136165042416,22.1585438106,8.10974297013,18.8220803229,-14.453396991633117,8.10975055715926
N2188-1.Q2.B.170330_1916.S.001014.061035N3413.0060.nh.fits,50.0,819.80306713,92.6547547182,-34.1411180679,12.2778144454,6.78657314961,21.4532047962,0.162867455622,22.349048388,-15.158736006033116,0.16324480350919232
N2188-1.Q2.B.170119_1220.A.042219.061035N3413.0060.nh.fits,51.0,749.514027778,92.6547679641,-34.1411142807,66.6799863154,8.77461657658,19.6072002119,0.12602686531,20.77440583,-17.004740590333117,0.1265141436829715
N2188-1.Q2.B.161228_1207.A.040097.061035N3413.0060.nh.fits,53.0,727.505486111,92.6547712593,-34.141138287,119.851997588,8.28831132578,18.9675199775,0.133404041203,20.0812929255,-17.644420824733118,0.13386446870347038
N2188-1.Q2.B.170208_2029.S.055473.061035N3413.0060.nh.fits,54.0,769.853935185,92.6547548407,-34.1411214689,34.9497919932,9.66868752954,20.3119440894,0.114404679735,21.6314028012,-16.299996712833117,0.11494123941057272
N2188-1.Q2.B.161217_1413.A.037950.061035N3413.0060.nh.fits,55.0,716.592488426,92.6547803449,-34.1411820464,-5.11678956114,-0.486125422486,nan,nan,20.4127874677,nan,nan
N2188-1.Q2.B.161227_2045.S.048536.061035N3413.0060.nh.fits,56.0,726.864849537,92.6548606582,-34.1411473102,nan,nan,nan,nan,20.7602770492,nan,nan
N2188-1.Q2.B.170113_0342.C.049079.061035N3413.0060.nh.fits,57.0,743.154872685,92.6547332578,-34.1410812576,28.2419398209,32.8870758461,20.5444298705,0.0340452440514,23.9232498107,-16.067510931733118,0.03580693249204769
N2188-1.Q2.B.170223_2202.S.057900.061035N3413.0060.nh.fits,58.0,784.918090278,92.6547205419,-34.1411368717,23.6589626834,14.8249976262,20.7375997164,0.0747820398337,22.6227851778,-15.87434108583312,0.07560033897847131
N2188-1.Q2.B.170116_0232.C.049761.061035N3413.0060.nh.fits,59.0,746.105636574,92.6547232365,-34.1410703853,28.9041320578,34.0355143657,20.5191455618,0.0329045835379,23.8454486941,-16.09279524043312,0.03472419026807268
N2188-1.Q2.B.170502_0916.A.056795.061035N3413.0060.nh.fits,60.0,852.386689815,92.6548722615,-34.1411092896,nan,nan,nan,nan,20.8747518276,nan,nan
N2188-1.Q2.B.161115_0738.C.036982.061035N3413.0060.nh.fits,61.0,684.3184375,92.6548805004,-34.1411127194,nan,nan,nan,nan,21.5213199456,nan,nan
N2188-1.Q2.B.170219_1035.A.045189.061035N3413.0060.nh.fits,62.0,780.441365741,92.6548265954,-34.1411164128,15.4607891628,5.59558151851,21.2017269886,0.197507053883,21.9091847001,-15.410213813633117,0.19781833612057537
N2188-1.Q2.B.161220_2129.S.047197.061035N3413.0060.nh.fits,63.0,719.895659722,92.6549419999,-34.1413115369,0.839595983957,0.420402962494,24.3798121873,2.62595663886,22.2323733539,-12.232128614933117,2.6259800697920155
N2188-1.Q2.B.161218_0445.C.043604.061035N3413.0060.nh.fits,64.0,717.19837963,92.654878486,-34.1411280472,-0.170337075471,-0.455336811219,nan,nan,24.1704322135,nan,nan
N2188-1.Q2.B.170217_0325.C.056069.061035N3413.0060.nh.fits,65.0,778.142673611,92.6547358045,-34.1411021409,20.4879859398,24.9052635,20.8945907532,0.0447250674938,23.7331614244,-15.717350049033119,0.0460802499374259
N2188-1.Q2.B.161218_0700.C.043664.061035N3413.0060.nh.fits,66.0,717.29212963,92.6548126844,-34.1411246311,-0.941221882188,-3.01814859721,nan,nan,24.2036381037,nan,nan
N2188-1.Q2.B.170418_0933.A.054899.061035N3413.0060.nh.fits,67.0,838.398275463,92.6547239467,-34.1413334059,8.85257672993,0.978254039078,21.8100378273,1.12853553304,20.6252296528,-14.801902974933117,1.1285900527232409
N2188-1.Q2.B.170417_1808.S.004970.061035N3413.0060.nh.fits,68.0,837.755902778,92.6548477501,-34.1408445202,1.15259672564,0.463441489546,24.0341433307,2.38210336409,21.9955467575,-12.577797471533117,2.3821291935956928
N2188-1.Q2.B.170330_0942.A.051071.061035N3413.0060.nh.fits,69.0,819.404328704,92.6548652854,-34.1411688799,nan,nan,nan,nan,21.0153414692,nan,nan
N2188-1.Q2.B.161219_2142.S.046978.061035N3413.0060.nh.fits,70.0,718.904490741,92.6548026742,-34.1411162334,nan,nan,nan,nan,22.2179179438,nan,nan
N2188-1.Q2.B.170329_1917.S.000703.061035N3413.0060.nh.fits,71.0,818.803587963,92.6547720549,-34.1411924967,15.0741988886,9.02313778992,21.2293524994,0.122563152376,22.4841124681,-15.382588302833117,0.12306414625029205
N2188-1.Q2.B.161030_0555.C.034163.061035N3413.0060.nh.fits,72.0,668.247083333,92.6545550036,-34.1414593641,0.507379461616,0.915242187573,24.9292807101,1.20668746765,23.6240473256,-11.68266009213312,1.2067384564832349
N2188-1.Q2.B.161115_0032.S.041239.061035N3413.0060.nh.fits,73.0,684.022268519,92.6544992216,-34.1417552094,4.34683420325,0.359262120178,22.5859861469,3.07371537646,20.2760863456,-14.025954655333116,3.0737353941513263
N2188-1.Q2.B.161228_1058.A.040066.061035N3413.0060.nh.fits,74.0,727.457048611,92.65494385,-34.1411476551,315.048264294,1.09741105922,17.9131536596,1.00643310916,16.7957858696,-18.69878714263312,1.006494242897313
N2188-1.Q2.B.170126_0125.C.051730.061035N3413.0060.nh.fits,75.0,756.059363426,92.6547505238,-34.1411021916,36.439559869,31.269907132,20.2664052286,0.0357325939714,23.2186819741,-16.345535573633118,0.03741491739795245
N2188-1.Q2.B.161119_0640.C.038107.061035N3413.0060.nh.fits,76.0,688.278460648,92.6548407583,-34.1411258041,nan,nan,nan,nan,23.6222268549,nan,nan
N2188-1.Q2.B.170112_0243.C.048811.061035N3413.0060.nh.fits,78.0,742.113368056,92.6547101649,-34.1410979853,36.7742189994,33.7516143668,20.2564317463,0.0331655636927,23.3605561548,-16.35550905593312,0.03497159400177827
N2188-1.Q2.B.170111_0639.C.048676.061035N3413.0060.nh.fits,79.0,741.277569444,92.6547514097,-34.1410570136,65.0026088003,21.2689576295,19.6349947763,0.0522889906319,21.8652633162,-16.976946025933117,0.05345274841646217
N2188-1.Q2.B.170110_0534.C.048405.061035N3413.0060.nh.fits,80.0,740.232581019,92.6547283557,-34.1410829781,31.2514074021,36.2773791608,20.4339645267,0.0309234133723,23.9310215544,-16.17797627553312,0.032852933911065176
N2188-1.Q2.B.170205_2016.S.054895.061035N3413.0060.nh.fits,81.0,766.84505787,92.6550860753,-34.141169863,28.645473372,5.32490647686,20.5289522323,0.207534536226,21.1853707925,-16.082988569933118,0.20783080016809724
N2188-1.Q2.B.170122_0227.C.051102.061035N3413.0060.nh.fits,82.0,752.102175926,92.6547489096,-34.1410816796,38.6729567798,34.150402114,20.20150958,0.0327667969203,23.3178798344,-16.410431222233118,0.034593651908794695
N2188-1.Q2.B.161217_1723.A.038033.061035N3413.0060.nh.fits,83.0,716.724791667,92.6548261466,-34.1411210546,nan,nan,nan,nan,19.7704419918,nan,nan
N2188-1.Q2.B.161120_0029.S.042067.061035N3413.0060.nh.fits,84.0,689.020439815,92.6546461825,-34.1404348996,27.4913245532,0.884646439539,20.5738174025,1.24804653866,19.2175122842,-16.038123399733117,1.2480958378398581
N2188-1.Q2.B.170120_1958.S.051847.061035N3413.0060.nh.fits,85.0,750.832569444,92.6547460764,-34.1411587414,38.5780034337,9.71783726861,20.2041914675,0.113823608744,21.5379147118,-16.40774933473312,0.1143628946795151
N2188-1.Q2.B.161201_1724.A.035674.061035N3413.0060.nh.fits,86.0,700.725347222,92.6548328385,-34.1411596156,-6.99062762664,-1.71522201937,nan,nan,21.4063437638,nan,nan
N2188-1.Q2.B.161130_1357.A.035423.061035N3413.0060.nh.fits,87.0,699.581423611,92.6548584071,-34.1411296268,nan,nan,nan,nan,20.5307804875,nan,nan
N2188-1.Q2.B.161217_0139.S.046344.061035N3413.0060.nh.fits,88.0,716.069050926,92.6548249033,-34.1411640261,-2.08853352196,-0.517178970695,nan,nan,21.4631622441,nan,nan
N2188-1.Q2.B.161227_1156.A.039854.061035N3413.0060.nh.fits,89.0,726.497361111,92.6547362815,-34.1410899198,113.447393129,21.5022724187,19.0274330766,0.0517009744268,21.2581197294,-17.584507725633117,0.052877675144159864
N2188-1.Q2.B.170303_2003.S.059878.061035N3413.0060.nh.fits,90.0,792.835497685,92.6547496226,-34.1410772881,27.3615494095,21.1481764617,20.5789795081,0.0525513583639,22.9206257694,-16.032961294133116,0.053709431554073594
N2188-1.Q2.B.170415_0934.A.054050.061035N3413.0060.nh.fits,91.0,835.398680556,92.6547811369,-34.1411377291,1.93198051751,3.21894418989,23.4706380236,0.343301735705,23.6916774008,-13.141302778633118,0.34348091578723317
N2188-1.Q2.B.170220_0104.C.056798.061035N3413.0060.nh.fits,92.0,781.044502315,92.6547473481,-34.1410586686,14.1125577741,20.7170158826,21.301267312,0.0536774459863,23.9087681439,-15.310673490233118,0.054811732134487666
N2188-1.Q2.B.170123_1209.A.042714.061035N3413.0060.nh.fits,93.0,753.506423611,92.6547447414,-34.1410865418,67.0765209011,28.0019170476,19.6007317448,0.0398417754292,22.3558739628,-17.011209057433117,0.041357282808732465
N2188-1.Q2.B.170216_0206.C.055782.061035N3413.0060.nh.fits,94.0,777.087685185,92.6547460245,-34.1411701961,24.6131789727,18.7507590625,20.6944636263,0.0591942034129,22.8998819119,-15.917477175933119,0.06022467508968774
N2188-1.Q2.B.170318_0024.C.062824.061035N3413.0060.nh.fits,95.0,807.017349537,92.6547382141,-34.1410858454,9.43840439169,15.3252963331,21.7401316777,0.0723883695047,23.8928315231,-14.871809124533119,0.07323342004522017
N2188-1.Q2.B.161201_0516.C.040324.061035N3413.0060.nh.fits,96.0,700.219976852,92.6548443342,-34.1411632078,-0.59572735021,-1.27645898162,nan,nan,23.8492847482,nan,nan
N2188-1.Q2.B.170105_0326.C.047133.061035N3413.0060.nh.fits,97.0,735.143136574,92.6547323173,-34.141077508,35.4720635711,38.7625392103,20.2957621403,0.0289765928904,23.8316560319,-16.31617866193312,0.031027418640722487
N2188-1.Q2.B.170113_0125.C.049019.061035N3413.0060.nh.fits,98.0,743.059594907,92.6547202589,-34.1410783435,33.607541585,32.5012742897,20.3546678103,0.0344403871536,23.5441156939,-16.257272991933117,0.03618284177977912
N2188-1.Q2.B.161207_0458.C.041771.061035N3413.0060.nh.fits,99.0,706.207013889,92.6548195167,-34.1411999854,-0.044567639132,-0.122620506246,nan,nan,24.1061038062,nan,nan
N2188-1.Q2.B.170209_1346.A.044073.061035N3413.0060.nh.fits,100.0,770.573969907,92.6547256479,-34.1410991445,31.1432171941,18.6942922419,20.4377478648,0.0594078023425,22.5853071796,-16.17419293743312,0.060434632050970764
N2188-1.Q2.B.170217_0435.C.056099.061035N3413.0060.nh.fits,101.0,778.191111111,92.6548073934,-34.1411184191,23.8062204192,23.175689809,20.7308305016,0.0480163065766,23.3091097906,-15.881110300633118,0.04928106603178054
N2188-1.Q2.B.170331_0128.C.000886.061035N3413.0060.nh.fits,102.0,820.061122685,92.6547569928,-34.1410906491,9.22587578295,14.2359933961,21.7649778143,0.0778632806384,23.7734368132,-14.846962987933118,0.07864952793084591
N2188-1.Q2.B.170117_1207.A.041920.061035N3413.0060.nh.fits,103.0,747.505196759,92.6547263357,-34.1410928363,69.9407691993,34.2290098629,19.5551141373,0.0327120722472,22.7318919356,-17.05682666493312,0.03454182164676185
N2188-1.Q2.B.161217_2237.S.046505.061035N3413.0060.nh.fits,104.0,716.942546296,92.654762181,-34.14119961,-0.577616021476,-0.657990739616,nan,nan,23.1243299693,nan,nan
N2188-1.Q2.B.170120_0232.C.050688.061035N3413.0060.nh.fits,105.0,750.105972222,92.6547292118,-34.1410774707,25.3088925538,31.7016934027,20.6640547801,0.0352828877142,24.0096731429,-15.947886022133119,0.036985672055858586
N2188-1.Q2.B.170303_0101.C.059439.061035N3413.0060.nh.fits,106.0,792.042418981,92.6547444424,-34.1410853309,14.6126860564,19.8897518837,21.2632750176,0.0558620920975,23.7242411511,-15.348665784633116,0.056952884961872174
N2188-1.Q2.B.170201_1917.S.054070.061035N3413.0060.nh.fits,107.0,762.803576389,92.6547399011,-34.1411061776,33.0724044053,27.1428616546,20.3721788992,0.0410691943547,23.1026035276,-16.239761903033116,0.04254099783637892
N2188-1.Q2.B.161119_0004.S.041859.061035N3413.0060.nh.fits,108.0,688.003298611,92.6547727942,-34.1411396607,-0.753137088506,-0.561370119706,nan,nan,22.7110014495,nan,nan
N2188-1.Q2.B.170110_0643.C.048435.061035N3413.0060.nh.fits,109.0,740.279965278,92.6547592762,-34.1410728284,41.50012021,38.0629730875,20.1245369339,0.0294863523775,23.5193664717,-16.487403868333118,0.031504011625518004
N2188-1.Q2.B.170315_2042.S.062882.061035N3413.0060.nh.fits,110.0,804.862986111,92.6546944235,-34.1411178369,17.6700976361,6.72124080187,21.0560126725,0.164436914965,21.9568187871,-15.555928129733118,0.16481066948221923
N2188-1.Q2.B.161207_0350.C.041741.061035N3413.0060.nh.fits,111.0,706.160011574,92.6548536127,-34.1411572267,-0.382013980633,-0.700535516524,nan,nan,23.6951919565,nan,nan
N2188-1.Q2.B.170331_0233.C.000916.061035N3413.0060.nh.fits,112.0,820.106863426,92.6547731278,-34.1411228874,12.6542114572,6.64724366116,21.4202623733,0.166254441445,22.3205047583,-15.191678428933116,0.1666241191189307
N2188-1.Q2.B.170207_1916.S.055229.061035N3413.0060.nh.fits,113.0,768.803229167,92.6547734787,-34.1410803012,25.9118640508,21.0857868427,20.638368288,0.0527238926059,23.0248888849,-15.973572514233119,0.05387825742810499
N2188-1.Q2.B.170309_1943.S.061644.061035N3413.0060.nh.fits,114.0,798.821805556,92.6547541493,-34.1412229731,17.8844436522,3.50879142276,21.042858621,0.314735579569,21.2276798132,-15.569082181233117,0.3149310127926512
N2188-1.Q2.B.170121_0240.C.050904.061035N3413.0060.nh.fits,115.0,751.111736111,92.6547379794,-34.14109232,32.5092947741,34.0793133899,20.3909139513,0.0328447373827,23.6836392184,-16.221026850933118,0.03466748542523966
N2188-1.Q2.B.170315_1825.S.062819.061035N3413.0060.nh.fits,116.0,804.768055556,92.6547431889,-34.1410726918,20.9949084583,16.1647810196,20.8679265817,0.0686006642553,22.8643865683,-15.744014220533117,0.06949179022186051
N2188-1.Q2.B.161104_1544.A.031461.061035N3413.0060.nh.fits,117.0,673.656203704,92.6538235193,-34.1410621341,0.916379270426,0.167467978035,24.2843438689,6.59222278897,21.1156402918,-12.327596933333119,6.5922321225202145
N2188-1.Q2.B.170114_0131.C.049258.061035N3413.0060.nh.fits,118.0,744.063715278,92.6547232464,-34.1410831276,31.0814990797,33.8278034976,20.4399119972,0.033108058911,23.7305933047,-16.17202880503312,0.034917063691337506
N2188-1.Q2.B.161121_1718.A.034143.061035N3413.0060.nh.fits,119.0,690.721527778,92.6552246237,-34.1413375875,5.09088399916,0.357138954591,22.4136123912,3.09114035442,20.0799621055,-14.198328411033117,3.0911602592709055
N2188-1.Q2.B.170408_0940.A.052639.061035N3413.0060.nh.fits,120.0,828.402986111,92.6545483262,-34.1413869532,28.5071378747,0.827573461286,20.5342334291,1.33471603377,19.123776028,-16.07770737313312,1.3347621318327436
N2188-1.Q2.B.161117_0645.C.037657.061035N3413.0060.nh.fits,121.0,686.281585648,92.6556571348,-34.1407808448,0.0480337379851,0.0920114100172,27.5010323945,12.0035309777,23.7633496919,-9.110908407733117,12.003536103597787
N2188-1.Q2.B.161203_0524.C.040801.061035N3413.0060.nh.fits,122.0,702.22556713,92.6547680575,-34.141172669,-0.358096180706,-1.02726271889,nan,nan,24.1488557916,nan,nan
N2188-1.Q2.B.161219_0157.S.046844.061035N3413.0060.nh.fits,123.0,718.081273148,92.654844207,-34.1411153228,-0.839601914133,-0.798659650141,nan,nan,22.8805815146,nan,nan
N2188-1.Q2.B.161115_0136.S.041269.061035N3413.0060.nh.fits,124.0,684.067106481,92.6548347131,-34.1412007498,-15.8773290153,-1.36919793872,nan,nan,20.2717607827,nan,nan
N2188-1.Q2.B.170122_0124.C.051072.061035N3413.0060.nh.fits,125.0,752.05880787,92.654770465,-34.1410716236,38.5943032651,20.5792401834,20.2037306217,0.0539761701037,22.4344051331,-16.408210180533118,0.05510430755425778
N2188-1.Q2.B.161207_1553.A.036487.061035N3413.0060.nh.fits,126.0,706.662314815,92.65485658,-34.1411338917,nan,nan,nan,nan,20.8946456481,nan,nan
N2188-1.Q2.B.170318_2036.S.063768.061035N3413.0060.nh.fits,127.0,807.858530093,92.6548530899,-34.1411565612,nan,nan,nan,nan,21.31881064,nan,nan
N2188-1.Q2.B.170404_1928.S.002492.061035N3413.0060.nh.fits,128.0,824.811354167,92.6548185046,-34.1411145043,11.6853892272,5.39207803882,21.5071572377,0.204963214167,22.2348015821,-15.104783564533118,0.20526318942674107
N2188-1.Q2.B.161106_1528.A.031913.061035N3413.0060.nh.fits,129.0,675.644618056,92.65517974,-34.1410886611,0.564308188459,0.395124531046,24.8132678362,2.79500992539,22.636488506,-11.798672966033116,2.795031939137831
N2188-1.Q2.B.170305_1956.S.060475.061035N3413.0060.nh.fits,130.0,794.830821759,92.6547326858,-34.1411209475,20.9590506144,14.6072617566,20.8697914375,0.0758914683123,22.7620130192,-15.742149364733116,0.07669793174895596
N2188-1.Q2.B.170327_1134.A.050484.061035N3413.0060.nh.fits,131.0,816.482476852,92.6547542824,-34.1411057896,15.8317903164,11.6294177188,21.1758574795,0.0952055706863,22.7502710965,-15.436083322733118,0.09584966594451302
N2188-1.Q2.B.170116_1923.S.050908.061035N3413.0060.nh.fits,132.0,746.807673611,92.654748935,-34.1411024721,50.968832121,22.9088229731,19.9003275506,0.0485335512008,22.2578485365,-16.711613251633118,0.049785172131181284
N2188-1.Q2.B.161104_1654.A.031492.061035N3413.0060.nh.fits,133.0,673.704224537,92.6555970998,-34.1409441238,3.57894415421,1.0835377896,22.7980445496,1.01908498057,21.688197976,-13.813896252633118,1.0191453553813254
N2188-1.Q2.B.170109_0533.C.048160.061035N3413.0060.nh.fits,135.0,739.231388889,92.6547566284,-34.1410975623,43.6414782959,38.3187491467,20.0696494863,0.0292879250524,23.3413520616,-16.542291315933117,0.031318370421298626
N2188-1.Q2.B.170109_0744.C.048221.061035N3413.0060.nh.fits,136.0,739.322650463,92.6547493166,-34.141082327,44.6454750088,41.1164907491,20.0448359635,0.0273438818733,23.7032716645,-16.56710483873312,0.02950839961556129
N2188-1.Q2.B.170329_0046.C.000336.061035N3413.0060.nh.fits,137.0,818.0321875,92.6548097546,-34.1411230692,11.6560204632,11.3872335392,21.5099025563,0.0972229533577,23.0838741103,-15.10203824593312,0.09785377065583208
N2188-1.Q2.B.170503_0858.A.056987.061035N3413.0060.nh.fits,138.0,853.3740625,92.6548166948,-34.1411190932,nan,nan,nan,nan,19.6623131232,nan,nan
N2188-1.Q2.B.170321_0040.C.063637.061035N3413.0060.nh.fits,139.0,810.027835648,92.6547389994,-34.1410985607,12.6759138731,16.0704887305,21.4183929623,0.0690218646031,23.5035856211,-15.193547839933117,0.06990762165357467
N2188-1.Q2.B.170111_0742.C.048706.061035N3413.0060.nh.fits,140.0,741.32150463,92.6547606645,-34.1410572052,61.8005285797,28.3067180462,19.6901045326,0.0394253830448,22.291094241,-16.92183626963312,0.04095630110495669
N2188-1.Q2.B.161116_0754.C.037424.061035N3413.0060.nh.fits,141.0,685.329212963,92.6542668992,-34.1414551319,0.359848589923,0.769270585525,25.3041039622,1.43643420245,23.8700952422,-11.307836840033119,1.4364770362731658
N2188-1.Q2.B.170307_1023.A.048047.061035N3413.0060.nh.fits,142.0,796.43275463,92.6548446442,-34.1411487286,19.5320358971,5.50894912314,20.9467191583,0.200551313611,21.6307897139,-15.665221643933119,0.2008578780209239
N2188-1.Q2.B.161201_0622.C.040354.061035N3413.0060.nh.fits,143.0,700.265775463,92.6548820346,-34.1411516571,-0.321466014734,-0.778506384752,nan,nan,24.0082950053,nan,nan
N2188-1.Q2.B.161219_1252.A.038299.061035N3413.0060.nh.fits,144.0,718.536539352,92.6548258483,-34.1411211081,-1.65292999057,-1.04207971208,nan,nan,22.5154982205,nan,nan
N2188-1.Q2.B.170220_0425.C.056888.061035N3413.0060.nh.fits,145.0,781.184594907,92.6547428687,-34.1410838251,20.4697966987,24.609788171,20.8955597272,0.0452596150604,23.7457272398,-15.71638107503312,0.046599254579727564
N2188-1.Q2.B.161218_0153.S.046596.061035N3413.0060.nh.fits,146.0,717.078784722,92.6548690267,-34.1413129015,1.14904663458,0.357730385134,24.0375087234,3.08679048541,21.7280016991,-12.57443207883312,3.0868104183104075
N2188-1.Q2.B.161025_0816.C.032886.061035N3413.0060.nh.fits,147.0,663.344513889,92.654877006,-34.1411734428,-0.192030738008,-0.379112203619,nan,nan,23.7045088124,nan,nan
N2188-1.Q2.B.161202_0413.C.040527.061035N3413.0060.nh.fits,148.0,701.176273148,92.6548249361,-34.1411760182,-0.00740029522759,-0.0141652420166,nan,nan,23.7438009253,nan,nan
N2188-1.Q2.B.170215_0222.C.055526.061035N3413.0060.nh.fits,149.0,776.098668981,92.6547341183,-34.1410828948,15.6541068985,23.2343905462,21.1881706354,0.0479209976634,23.9550033403,-15.423770166833119,0.0491882078249072
N2188-1.Q2.B.170331_2016.S.001311.061035N3413.0060.nh.fits,150.0,820.844895833,92.6547633432,-34.1411175126,13.5651928543,11.4058773835,21.3444228702,0.097071763696,22.9299854463,-15.267517932033119,0.09770355714621008
N2188-1.Q2.B.161217_1519.A.037978.061035N3413.0060.nh.fits,151.0,716.638472222,92.6547586333,-34.1411965676,nan,nan,nan,nan,21.4538085267,nan,nan
N2188-1.Q2.B.170218_1043.A.044923.061035N3413.0060.nh.fits,152.0,779.447106481,92.6548608302,-34.1411803815,17.1783930851,5.82967472427,21.0868007818,0.189528094318,21.832388184,-15.525140020433117,0.18985245931455133
N2188-1.Q2.B.170219_0326.C.056589.061035N3413.0060.nh.fits,153.0,780.143148148,92.6547524719,-34.1410785833,18.5907305502,21.403189518,21.0006042146,0.0519514986612,23.5020287997,-15.611336587633119,0.053122650396185425
N2188-1.Q2.B.161208_0558.C.042049.061035N3413.0060.nh.fits,154.0,707.248958333,92.6548416556,-34.1411580232,-0.679274926588,-0.775338130457,nan,nan,23.116351133,nan,nan
N2188-1.Q2.B.170131_2030.S.053868.061035N3413.0060.nh.fits,155.0,761.854351852,92.6547570683,-34.1411004338,34.3424794828,30.0040666398,20.3310678145,0.0372176077113,23.303536039,-16.28087298773312,0.03883565495421559
N2188-1.Q2.B.170130_2028.S.053618.061035N3413.0060.nh.fits,156.0,760.852905093,92.6548184614,-34.1411066245,32.1457508351,18.7921158925,20.4031824947,0.0590722531733,22.5507350415,-16.208758307533117,0.060104815671800586
N2188-1.Q2.B.170320_0138.C.063403.061035N3413.0060.nh.fits,157.0,809.068761574,92.6547587656,-34.141078554,12.7015688064,17.2897590439,21.4161872116,0.0641888447964,23.7242449006,-15.195753590633117,0.06514035284113066
N2188-1.Q2.B.161026_0641.C.033098.061035N3413.0060.nh.fits,158.0,664.279155093,92.6546565146,-34.1413702928,0.344319746209,0.498130323148,25.3522285459,2.2168010791,23.3811291821,-11.259712256333117,2.216828834635389
N2188-1.Q2.B.170218_1412.A.045019.061035N3413.0060.nh.fits,159.0,779.592118056,92.6548186077,-34.1411102529,nan,nan,nan,nan,20.5170046025,nan,nan
N2188-1.Q2.B.170125_0128.C.051503.061035N3413.0060.nh.fits,160.0,755.061574074,92.6547641736,-34.1410909006,37.1124755736,31.7755690499,20.2464428619,0.0351765194384,23.2704187409,-16.365497940333118,0.036884214669297304
N2188-1.Q2.B.170111_0427.C.048616.061035N3413.0060.nh.fits,161.0,741.185949074,92.6547252923,-34.1410659046,25.0831928216,32.8669868782,20.6738272774,0.0340649511651,24.0802053922,-15.938113524833117,0.03582567054294059
N2188-1.Q2.B.170307_0204.C.060358.061035N3413.0060.nh.fits,162.0,796.086539352,92.6547477997,-34.1410921122,15.9610318276,20.5295263532,21.1669877723,0.054145175634,23.6957793352,-15.444953029933117,0.055269863546125945
N2188-1.Q2.B.170123_0243.C.051297.061035N3413.0060.nh.fits,163.0,753.113333333,92.6547439149,-34.1411284174,97.1075797681,20.6052660973,19.1970970498,0.0539314961657,21.4396632464,-17.414843752433118,0.055060548949693436
N2188-1.Q2.B.170215_0329.C.055556.061035N3413.0060.nh.fits,164.0,776.145208333,92.6547716118,-34.1410762298,23.5045151737,19.6947053489,20.7447448538,0.0564099627395,23.0506680489,-15.867195948433118,0.057490361524715185
N2188-1.Q2.B.170331_1200.A.051295.061035N3413.0060.nh.fits,165.0,820.50005787,92.6551809769,-34.1411893798,8.87995728232,1.80807840627,21.806668791,0.610792965249,21.2583844565,-14.805272011233118,0.6108936930183816
N2188-1.Q2.B.161129_0724.C.039907.061035N3413.0060.nh.fits,166.0,698.308726852,92.6547813053,-34.1411960802,nan,nan,nan,nan,23.6150940113,nan,nan
N2188-1.Q2.B.170119_0158.C.050442.061035N3413.0060.nh.fits,167.0,749.08244213,92.6547480174,-34.1410923645,37.7455790731,35.7101688327,20.2279892886,0.0313641792366,23.4625277758,-16.383951513633118,0.033268145592386784
N2188-1.Q2.B.170415_1849.S.004357.061035N3413.0060.nh.fits,168.0,835.78462963,92.6548383776,-34.1413307318,2.39157206794,0.782243374843,23.23782403,1.41128869965,21.7735687314,-13.37411677223312,1.411332296637386
N2188-1.Q2.B.161219_1510.A.038361.061035N3413.0060.nh.fits,169.0,718.632430556,92.6547804748,-34.1411692914,nan,nan,nan,nan,22.2185323403,nan,nan
N2188-1.Q2.B.161213_1547.A.037656.061035N3413.0060.nh.fits,170.0,712.657997685,92.6553575862,-34.1412814111,23.3380560494,2.28234011244,20.7524984405,0.483928572735,20.444445371,-15.85944236173312,0.4840557005978804
N2188-1.Q2.B.170212_0217.C.054732.061035N3413.0060.nh.fits,171.0,773.095451389,92.6547115776,-34.141093106,12.816955049,19.8852115836,21.4063213417,0.0559121052269,23.9368984578,-15.205619460533118,0.057001941044797874
N2188-1.Q2.B.170216_0434.C.055842.061035N3413.0060.nh.fits,172.0,777.190393519,92.654716843,-34.1410914225,22.2480851349,22.8866535519,20.8046778069,0.0486126287119,23.3794963325,-15.807262995333119,0.04986226471242274
N2188-1.Q2.B.170121_1913.S.052037.061035N3413.0060.nh.fits,173.0,751.799537037,92.6547334374,-34.1411238098,45.4376282111,27.0324153855,20.025648791,0.0412360484361,22.66016925,-16.58629201123312,0.0427021013838319
N2188-1.Q2.B.170317_0154.C.062593.061035N3413.0060.nh.fits,174.0,806.079490741,92.6547330694,-34.1410627832,12.9951947129,17.7291122147,21.3912545417,0.0626135748804,23.7040239618,-15.220686260533117,0.06358865882587972
N2188-1.Q2.B.170119_0307.C.050472.061035N3413.0060.nh.fits,175.0,749.130289352,92.6547378156,-34.1410727527,29.2795898427,33.2521718796,20.5050656613,0.0336476234005,23.8363130424,-16.106875140933116,0.035429088789757895
N2188-1.Q2.B.170227_1032.A.046885.061035N3413.0060.nh.fits,176.0,788.439456019,92.6547682148,-34.1410903941,26.6448509798,15.2217775078,20.6079363143,0.0728109594397,22.5359461065,-16.004004487933116,0.07365116147421105
N2188-1.Q2.B.170303_1301.A.047445.061035N3413.0060.nh.fits,177.0,792.542430556,92.6547748939,-34.1411382311,32.9385636125,6.16228232425,20.3766028158,0.179315529972,21.2062626982,-16.23533798643312,0.17965833423782462
N2188-1.Q2.B.161221_0155.S.047321.061035N3413.0060.nh.fits,178.0,720.080081019,92.6548718599,-34.1411351296,nan,nan,nan,nan,21.5780759659,nan,nan
N2188-1.Q2.B.161116_0022.S.041443.061035N3413.0060.nh.fits,179.0,685.015868056,92.6547933333,-34.1411114617,-0.698175154066,-0.84382315092,nan,nan,23.1837169452,nan,nan
N2188-1.Q2.B.170208_0116.C.053765.061035N3413.0060.nh.fits,180.0,769.052835648,92.6547257099,-34.1411322083,32.4601065333,7.05165874908,20.3925658616,0.156738182989,21.3628266433,-16.219374940633116,0.15713025099790276
N2188-1.Q2.B.170108_0524.C.047913.061035N3413.0060.nh.fits,181.0,738.225162037,92.654738153,-34.1410726254,34.1282920921,38.0207658635,20.3378931505,0.0295288527264,23.8844246198,-16.274047651733117,0.031543793609965405
N2188-1.Q2.B.170108_0422.C.047883.061035N3413.0060.nh.fits,182.0,738.182048611,92.6547273698,-34.1410783823,30.4867042861,36.7928368829,20.4609913916,0.0304964710427,24.0602005892,-16.150949410633118,0.032451386996997726
N2188-1.Q2.B.170202_0250.C.052765.061035N3413.0060.nh.fits,183.0,763.118275463,92.6547462009,-34.1410877414,21.7273888749,26.6391477321,20.830513979,0.0418435313546,23.7215117987,-15.781426823233119,0.04328901579146916
N2188-1.Q2.B.170219_0105.C.056528.061035N3413.0060.nh.fits,184.0,780.045613426,92.654735235,-34.1410825604,15.3773177613,21.6319579642,21.2076328738,0.0514059800918,23.7981639489,-15.404307928433116,0.05258928180883641
N2188-1.Q2.B.170305_0159.C.059947.061035N3413.0060.nh.fits,185.0,794.0828125,92.6547396334,-34.1410838599,13.3786899454,20.3763391169,21.3595259775,0.0545666293921,23.9192943461,-15.252414824733119,0.05568280538178249
N2188-1.Q2.B.161213_0640.C.042912.061035N3413.0060.nh.fits,186.0,712.278402778,92.6554692975,-34.14201001,0.00280627641192,0.00555031444521,30.599373233,199.068549021,23.7711059294,-6.012567569233116,199.0685493300839
N2188-1.Q2.B.170416_1749.S.004647.061035N3413.0060.nh.fits,187.0,836.742974537,92.6548937829,-34.1410595257,2.25645051211,1.10711904274,23.3012712704,0.997192104624,22.2087030968,-13.310669531833117,0.9972538048543176
N2188-1.Q2.B.161023_1618.A.029096.061035N3413.0060.nh.fits,188.0,661.679502315,92.6552108684,-34.1414496611,2.54057362207,0.683372302061,23.1718882699,1.61552562492,21.5493702039,-13.44005253233312,1.6155637104568572
N2188-1.Q2.B.170110_0317.C.048341.061035N3413.0060.nh.fits,189.0,740.137164352,92.6547321488,-34.1410784795,24.2292754873,31.7506649327,20.7116137581,0.0352371861989,24.1009116376,-15.900327044133117,0.03694207713687228
N2188-1.Q2.B.170212_0110.C.054702.061035N3413.0060.nh.fits,190.0,773.048865741,92.654789625,-34.1410879583,20.1337979643,18.7243469324,20.9136155387,0.0593120016721,23.1632672167,-15.698325263533118,0.060340461668120064
N2188-1.Q2.B.170331_1913.S.001281.061035N3413.0060.nh.fits,191.0,820.800775463,92.6547302395,-34.1411187291,12.8952235602,13.3072873467,21.399679577,0.0832644292543,23.2608687707,-15.212261225233117,0.08400013661307346
N2188-1.Q2.B.170108_0210.C.047822.061035N3413.0060.nh.fits,192.0,738.090694444,92.6547288367,-34.1411062234,52.7953040781,34.2821833703,19.8619175305,0.0326554116187,22.8238695661,-16.750023271733117,0.0344881672455554
N2188-1.Q2.B.170121_2018.S.052067.061035N3413.0060.nh.fits,193.0,751.844675926,92.6547583449,-34.1411046157,44.2563412408,24.1435664422,20.0543864391,0.046081880306,22.4771319195,-16.557554363133118,0.04739828545957316
N2188-1.Q2.B.161214_0149.S.045653.061035N3413.0060.nh.fits,194.0,713.076296296,92.6543731167,-34.1420784327,1.20696397426,0.188289081399,23.9838608128,5.8631718222,20.9420099468,-12.628079989433118,5.863182316320382
N2188-1.Q2.B.170318_0129.C.062854.061035N3413.0060.nh.fits,195.0,807.061851852,92.6547081528,-34.1410775222,10.3844288179,16.7801763792,21.6359237873,0.0661584771241,23.9973878265,-14.976017014933117,0.06708205324340286
N2188-1.Q2.B.170321_0149.C.063668.061035N3413.0060.nh.fits,196.0,810.076284722,92.6547623542,-34.1410755743,13.2388202338,17.7535585429,21.3709915089,0.0625246031794,23.6427057848,-15.240949293333117,0.0635010533354535
N2188-1.Q2.B.170111_0215.C.048556.061035N3413.0060.nh.fits,197.0,741.094189815,92.6547418593,-34.1410897407,28.2806578201,32.7603688022,20.5429352711,0.0341738609023,23.8319847132,-16.06900553113312,0.03592924353420793
N2188-1.Q2.B.170311_0058.C.061199.061035N3413.0060.nh.fits,198.0,800.040416667,92.6546742292,-34.1410979047,11.1634107885,14.0793189839,21.5570110848,0.078728838926,23.4745087652,-15.054929717433119,0.0795065270943633
N2188-1.Q2.B.170330_0132.C.000628.061035N3413.0060.nh.fits,199.0,819.063993056,92.6547921864,-34.1411812476,nan,nan,nan,nan,13.7719878786,nan,nan
N2188-1.Q2.B.161222_2112.S.047583.061035N3413.0060.nh.fits,200.0,721.883946759,92.654886372,-34.1411553433,-1.09547764155,-1.30413437291,nan,nan,23.1127270089,nan,nan
N2188-1.Q2.B.170131_1924.S.053838.061035N3413.0060.nh.fits,201.0,761.808576389,92.6547398296,-34.1410914927,34.2564375455,29.2001046576,20.3338045139,0.038222525963,23.2127689098,-16.27813628833312,0.0397997394836057
N2188-1.Q2.B.161219_0555.C.043870.061035N3413.0060.nh.fits,202.0,718.246550926,92.6548615402,-34.1412273883,0.202856476695,0.586461040607,25.9294184509,1.88417018756,24.2964478192,-10.68252235133312,1.884202842971493
N2188-1.Q2.B.161219_0053.S.046814.061035N3413.0060.nh.fits,203.0,718.037106481,92.6550082799,-34.1411575925,1.24058426865,1.88525596357,23.9538877233,0.585927100331,23.5145760434,-12.658053078933118,0.5860321020850858
N2188-1.Q2.B.170223_0215.C.057603.061035N3413.0060.nh.fits,204.0,784.094398148,92.6547256189,-34.1410907638,22.6125699832,21.1184495207,20.786949904,0.0526156831554,23.1319411702,-15.824990898233118,0.05377237102713732
N2188-1.Q2.B.170305_0311.C.059978.061035N3413.0060.nh.fits,205.0,794.133298611,92.6547351707,-34.1411003113,16.7134368105,21.3171202928,21.1167357144,0.0521627368924,23.7217734202,-15.495205087833117,0.05332924987355834
N2188-1.Q2.B.161202_1703.A.035731.061035N3413.0060.nh.fits,206.0,701.710428241,92.6550916866,-34.1407405396,1.26512446876,0.489707460601,23.9325181751,2.25468703585,21.975421438,-12.679422627133118,2.254714325009275
N2188-1.Q2.B.170211_1341.A.044453.061035N3413.0060.nh.fits,207.0,772.5703125,92.6548415727,-34.1412865109,11.3051588256,0.295680734138,21.5432459227,3.73367145456,19.0037631136,-15.068694879533119,3.7336879339827207
N2188-1.Q2.B.161217_1616.A.038005.061035N3413.0060.nh.fits,208.0,716.677858796,92.6548709928,-34.1411127466,-9.71223929463,-0.962976205636,nan,nan,20.4685501194,nan,nan
N2188-1.Q2.B.161202_0636.C.040590.061035N3413.0060.nh.fits,209.0,701.275543981,92.654397689,-34.1414166456,0.249363568027,0.661347426198,25.7042324083,1.67061485801,24.1595424333,-10.907708393933117,1.6706516876882935
N2188-1.Q2.B.170319_1818.S.063893.061035N3413.0060.nh.fits,210.0,808.762835648,92.6547981864,-34.1411278395,17.4714591925,7.77788311937,21.0683460174,0.142129340916,22.1653530463,-15.543594784833118,0.14256159132524868
N2188-1.Q2.B.170110_0422.C.048372.061035N3413.0060.nh.fits,211.0,740.18244213,92.6547355047,-34.1410737834,24.2404697488,31.0714681719,20.7111098415,0.0359924413429,24.058477906,-15.900830960733117,0.03766315979565138
N2188-1.Q2.B.161215_0041.S.045872.061035N3413.0060.nh.fits,212.0,714.028715278,92.6544394065,-34.1417998357,0.860562804962,0.179418904259,24.3529030941,6.15494500291,21.2538743086,-12.259037708133118,6.154954999560821
N2188-1.Q2.B.170402_0023.C.001407.061035N3413.0060.nh.fits,213.0,822.016203704,92.6547341603,-34.1410926002,7.69286650393,12.4533027453,21.9632233644,0.0889484862057,23.7298234136,-14.648717437833117,0.0896375533482272
N2188-1.Q2.B.161024_1622.A.029351.061035N3413.0060.nh.fits,214.0,662.68224537,92.6548219827,-34.1414470234,3.37155460626,1.83279143244,22.8631674556,0.602587317265,22.3789388583,-13.748773346633119,0.6026894164498
N2188-1.Q2.B.161212_0642.C.042668.061035N3413.0060.nh.fits,215.0,711.279236111,92.6547961567,-34.1411137845,-0.187993681645,-0.529109087446,nan,nan,24.0370412794,nan,nan
N2188-1.Q2.B.161202_0741.C.040619.061035N3413.0060.nh.fits,216.0,701.320393519,92.6548598097,-34.1411374704,-0.1970748374,-0.439882482407,nan,nan,23.8592110065,nan,nan
N2188-1.Q2.B.170417_1912.S.005000.061035N3413.0060.nh.fits,217.0,837.800543981,92.6541980598,-34.1413816668,1.49666324889,0.496466629673,23.7491651875,2.2236498089,21.7693993652,-12.862775614733117,2.223677478950798
N2188-1.Q2.B.161225_1134.A.039409.061035N3413.0060.nh.fits,218.0,724.482407407,92.654717,-34.1411328452,69.0187556945,17.5283766818,19.5695914941,0.0632942345484,21.579690489,-17.04234930813312,0.064258990803144
N2188-1.Q2.B.170119_1103.A.042188.061035N3413.0060.nh.fits,219.0,749.460706019,92.6547483623,-34.1411043656,89.4969128865,22.2234148418,19.2861350788,0.0500296596481,21.5925272567,-17.325805723433117,0.05124475208716888
N2188-1.Q2.B.170119_1904.S.051582.061035N3413.0060.nh.fits,220.0,749.794606481,92.6547401172,-34.14123006,41.6984065875,13.4451313497,20.1193368302,0.0823738138953,21.8098008139,-16.492603972033116,0.08311740484175498
N2188-1.Q2.B.170105_0638.C.047223.061035N3413.0060.nh.fits,221.0,735.276967593,92.6547460199,-34.1410947078,56.4310271911,40.3404607106,19.7892638084,0.0278486207791,23.1013174693,-16.822676993833117,0.029976715151410333
N2188-1.Q2.B.161219_0448.C.043840.061035N3413.0060.nh.fits,222.0,718.200405093,92.65486682,-34.1411404879,-0.394268541395,-1.19041265442,nan,nan,24.2675302315,nan,nan
N2188-1.Q2.B.161116_1607.A.033213.061035N3413.0060.nh.fits,223.0,685.672152778,92.6548135633,-34.1411941995,-4.50233428807,-1.56052664891,nan,nan,21.8596012474,nan,nan
N2188-1.Q2.B.170330_2024.S.001045.061035N3413.0060.nh.fits,224.0,819.850162037,92.6547566999,-34.1411269979,11.1155141705,4.94396282679,21.5617018666,0.223443218386,22.1373927187,-15.050238935633118,0.22371841590415475
N2188-1.Q2.B.170209_2024.S.055649.061035N3413.0060.nh.fits,225.0,770.850451389,92.6546843328,-34.1411776804,21.9838549629,6.97984639044,20.8177120413,0.158349967208,21.7752833709,-15.79422876093312,0.15873805431195553
N2188-1.Q2.B.161129_0617.C.039877.061035N3413.0060.nh.fits,226.0,698.261840278,92.6544757039,-34.1414341518,0.415654260271,0.861630561935,25.1468215356,1.28178393859,23.8218569336,-11.465119266633117,1.2818319402321288
N2188-1.Q2.B.161220_0353.C.044062.061035N3413.0060.nh.fits,227.0,719.162407407,92.6548540838,-34.1411319631,-0.294376835059,-0.858001361901,nan,nan,24.2254527441,nan,nan
N2188-1.Q2.B.161208_0450.C.042019.061035N3413.0060.nh.fits,228.0,707.201712963,92.6548204082,-34.1411026484,0.620360329453,0.277816400601,24.7099551399,3.97370176054,22.1264953238,-11.901985662333118,3.9737172445319593
N2188-1.Q2.B.170301_0104.C.058963.061035N3413.0060.nh.fits,229.0,790.044733796,92.6547485059,-34.1411060576,18.1985531073,21.4782128081,21.0238643197,0.0517579470264,23.4873134338,-15.588076482533118,0.052933381267006765
N2188-1.Q2.B.161212_1554.A.037416.061035N3413.0060.nh.fits,230.0,711.662905093,92.6538470697,-34.141421901,3.53781300034,0.330554708032,22.8106549107,3.33977358777,20.3733394803,-13.80128589153312,3.339792010790203
N2188-1.Q2.B.161220_2340.S.047257.061035N3413.0060.nh.fits,231.0,719.986203704,92.6548140555,-34.1411396094,-0.0424206778591,-0.0471085113091,nan,nan,23.1161887632,nan,nan
N2188-1.Q2.B.170319_2029.S.063953.061035N3413.0060.nh.fits,232.0,808.853738426,92.6546773883,-34.1410733673,18.3546195431,7.48929952216,21.0145485013,0.147595546999,22.0765782073,-15.59739230093312,0.14801183488459527
N2188-1.Q2.B.161218_2237.S.046752.061035N3413.0060.nh.fits,233.0,717.943055556,92.6548822939,-34.1411422371,-0.156119501579,-0.188254803053,nan,nan,23.1843822081,nan,nan
N2188-1.Q2.B.161226_2056.S.048296.061035N3413.0060.nh.fits,234.0,725.872372685,92.6547551944,-34.141100999,55.1711047496,19.9955899761,19.8138971718,0.0555339877994,21.9922548749,-16.798043630433117,0.05663110075633866
N2188-1.Q2.B.170330_0024.C.000601.061035N3413.0060.nh.fits,235.0,819.01681713,92.6547024732,-34.1410975127,10.3964419357,6.82673717061,21.6346624652,0.161890312909,22.5805733878,-14.977278337033116,0.16226993309219243
N2188-1.Q2.B.170417_1018.A.054597.061035N3413.0060.nh.fits,236.0,837.429826389,92.6547612446,-34.1411795675,-4.14222405353,-1.15312254603,nan,nan,21.6005850667,nan,nan
N2188-1.Q2.B.170206_2016.S.055044.061035N3413.0060.nh.fits,237.0,767.844849537,92.6547631356,-34.1411174013,30.8036587835,24.2610131027,20.4497079253,0.0458936444123,23.0791606438,-16.162232876933118,0.047215298044313014
N2188-1.Q2.B.170117_0123.C.049961.061035N3413.0060.nh.fits,238.0,747.058287037,92.6547437724,-34.1411018976,42.6435405148,37.7598172292,20.094885536,0.0297070831356,23.477404848,-16.51705526623312,0.031710701039177974
N2188-1.Q2.B.161219_1618.A.038391.061035N3413.0060.nh.fits,239.0,718.679189815,92.6548009646,-34.1411845443,nan,nan,nan,nan,21.0585222749,nan,nan
N2188-1.Q2.B.170213_0111.C.054966.061035N3413.0060.nh.fits,240.0,774.049467593,92.6547358292,-34.1410697288,12.8610771118,20.4458057408,21.4025722294,0.0543922368334,24.0183059348,-15.209368572833117,0.05551191943818327
N2188-1.Q2.B.170113_0703.C.049170.061035N3413.0060.nh.fits,241.0,743.293784722,92.6548154378,-34.1411317036,47.519220169,18.8702387475,19.9767812191,0.0588360800679,22.0632504062,-16.635159583133117,0.059872715737028445
N2188-1.Q2.B.170109_0638.C.048190.061035N3413.0060.nh.fits,242.0,739.276944444,92.6547581322,-34.1410806785,42.1583959151,39.4943782892,20.1073681089,0.0284370226275,23.5201187021,-16.504572693333117,0.030524122065796102
N2188-1.Q2.B.170218_0325.C.056326.061035N3413.0060.nh.fits,243.0,779.1425,92.6547555013,-34.1410846378,20.2140079522,23.7334013783,20.9092780032,0.0468984717403,23.5628904056,-15.702662799033117,0.0481925764360694
N2188-1.Q2.B.170404_0017.C.001938.061035N3413.0060.nh.fits,244.0,824.012199074,92.6547530995,-34.1410727094,12.2128987018,3.70070461467,21.4589882006,0.298430107214,21.7436204885,-15.152952601633118,0.29863621123991346
N2188-1.Q2.B.161220_0619.C.044122.061035N3413.0060.nh.fits,245.0,719.263483796,92.6548002203,-34.1411864783,-0.905916262515,-2.4387992718,nan,nan,24.0443523109,nan,nan
N2188-1.Q2.B.170213_0323.C.055026.061035N3413.0060.nh.fits,246.0,774.141215278,92.654741601,-34.1410768134,20.3027522496,24.2510523317,20.9044989664,0.045919117393,23.6807224421,-15.70744183583312,0.04724005836282158
N2188-1.Q2.B.170414_0928.A.053762.061035N3413.0060.nh.fits,247.0,834.395046296,92.654754428,-34.1412698722,2.72530894474,3.13347566846,23.09531257,0.352506010312,23.2036202498,-13.516628232233117,0.35268051417402485
N2188-1.Q2.B.161207_0606.C.041801.061035N3413.0060.nh.fits,248.0,706.254421296,92.655377127,-34.1409622803,0.0488535923442,0.133714728534,27.4825688945,8.26288797143,24.1583268845,-9.129371907733116,8.262895417840804
N2188-1.Q2.B.170419_0938.A.055123.061035N3413.0060.nh.fits,249.0,839.402094907,92.6551904157,-34.140915411,1.20381545859,0.466731143123,23.9867104041,2.36529708772,21.986769148,-12.62523039813312,2.3653231007514988
N2188-1.Q2.B.170203_0127.C.052945.061035N3413.0060.nh.fits,250.0,764.060729167,92.6547529123,-34.1410793124,25.8512347812,26.624574275,20.6409239076,0.0418695402344,23.5289663272,-15.971016894633117,0.043314156708987354
N2188-1.Q2.B.170307_2103.S.061104.061035N3413.0060.nh.fits,251.0,796.877662037,92.654735156,-34.141148105,26.18480234,11.5929216841,20.6269370716,0.095478429634,22.2212432743,-15.985003730633117,0.09612069650884435
N2188-1.Q2.B.170408_0153.C.003089.061035N3413.0060.nh.fits,252.0,828.078935185,92.6548769259,-34.1411077912,8.88562874295,1.84277574514,21.8059722457,0.599137085664,21.3045148334,-14.805968556533116,0.5992397727036499
N2188-1.Q2.B.170402_1152.A.051837.061035N3413.0060.nh.fits,253.0,822.49505787,92.6552947153,-34.1412137495,8.48976188567,1.61549115069,21.8556913927,0.683604112979,21.1879877991,-14.756249409533119,0.6836941136603241
N2188-1.Q2.B.161226_1130.A.039612.061035N3413.0060.nh.fits,254.0,725.479328704,92.6547481696,-34.1411048229,102.279332013,30.9795558942,19.1404897509,0.0360507378502,21.8857512038,-17.47145105133312,0.037718874207941525
N2188-1.Q2.B.161207_1656.A.036514.061035N3413.0060.nh.fits,255.0,706.706122685,92.654826742,-34.1411203829,-2.67732266701,-0.979804304226,nan,nan,21.8416650447,nan,nan
N2188-1.Q2.B.170327_1027.A.050453.061035N3413.0060.nh.fits,256.0,816.435856481,92.6547367223,-34.1411077813,14.2380998,16.5401867143,21.2916054067,0.0670771480609,23.5024657282,-15.320335395533117,0.06798824577788849
N2188-1.Q2.B.170416_1857.S.004679.061035N3413.0060.nh.fits,257.0,836.789710648,92.6549721883,-34.1409983479,1.04852424628,0.439142403918,24.1373837771,2.51407378336,22.0289369909,-12.47455702513312,2.514098257019808
N2188-1.Q2.B.161025_1624.A.029614.061035N3413.0060.nh.fits,258.0,663.683599537,92.6551105501,-34.1406109518,3.67428035694,0.699832994368,22.7693641179,1.57755015909,21.185974787,-13.842576684333117,1.5775891614158786
N2188-1.Q2.B.170109_0322.C.048100.061035N3413.0060.nh.fits,259.0,739.140497685,92.6547259926,-34.141072181,35.867229693,32.5326042414,20.2836759539,0.0343781943715,23.2995894689,-16.328264848333117,0.03612364904346331
N2188-1.Q2.B.170331_1807.S.001251.061035N3413.0060.nh.fits,260.0,820.755324074,92.6547440173,-34.1410737503,9.55348140658,12.545575812,21.7269108162,0.0883001016905,23.5893384842,-14.885029986033118,0.08899418930763578
N2188-1.Q2.B.170208_1916.S.055442.061035N3413.0060.nh.fits,261.0,769.803402778,92.6547704086,-34.1411252393,27.5775928334,18.4454765957,20.5703993487,0.0601953681273,22.7145238691,-16.041541453533117,0.061208987215537546
N2188-1.Q2.B.170206_0219.C.053377.061035N3413.0060.nh.fits,262.0,767.096828704,92.6547484463,-34.1410785015,22.9791781954,24.1992827307,20.7694046667,0.0460069887657,23.41789511,-15.842536135533116,0.04732547714770471
N2188-1.Q2.B.161116_0645.C.037394.061035N3413.0060.nh.fits,263.0,685.281944444,92.6547804209,-34.1411102266,-0.536329274752,-1.32290862128,nan,nan,23.9374357502,nan,nan
N2188-1.Q2.B.161212_1654.A.037443.061035N3413.0060.nh.fits,264.0,711.704560185,92.6549817573,-34.1421000315,1.60101581688,0.078019602552,23.6756351093,14.1501309844,19.7052213505,-12.936305692933118,14.150135332690246
N2188-1.Q2.B.161201_1618.A.035644.061035N3413.0060.nh.fits,265.0,700.679490741,92.6548651965,-34.1412071421,nan,nan,nan,nan,22.0402852847,nan,nan
N2188-1.Q2.B.170116_0125.C.049731.061035N3413.0060.nh.fits,266.0,746.059548611,92.6547503283,-34.1410937972,42.1954792586,38.2773110499,20.1064089119,0.0293072384648,23.437556192,-16.505531890333117,0.03133643244537141
N2188-1.Q2.B.161026_0750.C.033128.061035N3413.0060.nh.fits,267.0,664.326527778,92.6548598619,-34.1412028766,-0.0536711342383,-0.10025060042,nan,nan,23.6767594563,nan,nan
N2188-1.Q2.B.161219_0815.C.043930.061035N3413.0060.nh.fits,268.0,718.344351852,92.6548457258,-34.1411241811,-0.043594226167,-0.0603599645041,nan,nan,23.3889319796,nan,nan
N2188-1.Q2.B.170311_1113.A.049000.061035N3413.0060.nh.fits,269.0,800.467893519,92.6547506259,-34.1411346028,19.2524037831,11.9307991446,20.9624506894,0.0928287079605,22.5989800371,-15.649490112833117,0.09348918008832076
N2188-1.Q2.B.161027_0557.C.033354.061035N3413.0060.nh.fits,270.0,665.248009259,92.6548655999,-34.1411253256,-0.4482612147,-0.514287719296,nan,nan,23.1647554267,nan,nan
N2188-1.Q2.B.170221_1247.A.045803.061035N3413.0060.nh.fits,271.0,782.532708333,92.6547673723,-34.1411378575,30.2509971344,23.8874302778,20.4694588005,0.0465848509839,23.0351367249,-16.142482001733118,0.047887431682674765
N2188-1.Q2.B.170223_1314.A.046325.061035N3413.0060.nh.fits,272.0,784.552060185,92.6547444786,-34.1411081575,24.7140864894,23.4242202211,20.6900001727,0.0475121033087,23.3555717499,-15.921940629533118,0.04878993474874972
N2188-1.Q2.B.170118_1924.S.051353.061035N3413.0060.nh.fits,273.0,748.808819444,92.6547240136,-34.1410917713,48.0315363976,36.9808465161,19.9650823983,0.0303140585129,23.235921418,-16.646858403933116,0.03228002347418909
N2188-1.Q2.B.170420_0855.A.055384.061035N3413.0060.nh.fits,274.0,840.37162037,92.6547195443,-34.1411690103,0.968865999658,1.54464483238,24.2235824596,0.715011147671,23.4931074932,-12.388358342633119,0.7150971955376215
N2188-1.Q2.B.161120_0638.C.038307.061035N3413.0060.nh.fits,275.0,689.276400463,92.6548650805,-34.1411680627,-0.788380105019,-1.16380695201,nan,nan,23.4409582135,nan,nan
N2188-1.Q2.B.170114_0238.C.049289.061035N3413.0060.nh.fits,276.0,744.110335648,92.6547263386,-34.14106686,22.9774355595,29.6689878288,20.7694874023,0.0376712836932,24.0981556434,-15.842453399933117,0.039270642814502404
N2188-1.Q2.B.161116_0128.S.041473.061035N3413.0060.nh.fits,277.0,685.061597222,92.6548414001,-34.1411699727,-2.31128942922,-1.98393795622,nan,nan,22.8212382623,nan,nan
N2188-1.Q2.B.170117_0229.C.049991.061035N3413.0060.nh.fits,278.0,747.103726852,92.6547320674,-34.1410820644,35.5129588016,37.6149347488,20.2945051268,0.0298212820008,23.7350996268,-16.317435675433117,0.03181770941067115
N2188-1.Q2.B.170213_0430.C.055056.061035N3413.0060.nh.fits,279.0,774.187627315,92.6547371589,-34.1410805183,19.5957236241,21.4666989378,20.9431677133,0.0517908992547,23.5006977936,-15.668773088933118,0.052965602211068635
N2188-1.Q2.B.170327_0045.C.065259.061035N3413.0060.nh.fits,280.0,816.031898148,92.6547452372,-34.1411081303,9.60941514959,14.7792098955,21.7205421586,0.07502022498,23.780953221,-14.891398643633117,0.07583595405887954
N2188-1.Q2.B.170208_0223.C.053796.061035N3413.0060.nh.fits,281.0,769.099976852,92.654749301,-34.1410443683,23.2195450943,23.0876223761,20.7580524009,0.0481993815218,23.3236741158,-15.85388840133312,0.04945945967208608
N2188-1.Q2.B.161205_0415.C.041260.061035N3413.0060.nh.fits,282.0,704.177152778,92.6548522249,-34.1411389721,-0.283120313134,-0.713009778463,nan,nan,23.9541822291,nan,nan
N2188-1.Q2.B.170402_1045.A.051806.061035N3413.0060.nh.fits,283.0,822.448217593,92.6549176142,-34.1409331421,7.03788862381,1.65982313071,22.0603016299,0.665346149402,21.4287583632,-14.551639172333118,0.6654386194804439
N2188-1.Q2.B.170112_0601.C.048902.061035N3413.0060.nh.fits,284.0,742.250949074,92.6548086717,-34.1410677822,37.058318751,30.0624020825,20.2480360031,0.0371428555209,23.1098626435,-16.363904799133117,0.038764023117023406
N2188-1.Q2.B.170309_0057.C.060722.061035N3413.0060.nh.fits,285.0,798.040034722,92.6547231175,-34.1410740444,14.3796645139,18.0398672267,21.2808120434,0.0615445204039,23.4852126853,-15.331128758833117,0.06253627558239087
N2188-1.Q2.B.170219_1143.A.045219.061035N3413.0060.nh.fits,286.0,780.488391204,92.6548006143,-34.1411503024,16.006089889,5.4412119486,21.1639123611,0.20310328804,21.8387535531,-15.448028441133118,0.20340600626488362
N2188-1.Q2.B.161220_2234.S.047227.061035N3413.0060.nh.fits,287.0,719.940891204,92.6552615108,-34.1409415229,0.421579590789,0.449315997176,25.1313794131,2.45776824159,23.0356977352,-11.480561389133118,2.457793275916502
N2188-1.Q2.B.170118_0127.C.050175.061035N3413.0060.nh.fits,288.0,748.060509259,92.6547390487,-34.1410789965,27.4803571083,33.04521257,20.5742527142,0.0338755073331,24.0267743758,-16.037688088033118,0.0356455855478008
N2188-1.Q2.B.170420_0959.A.055414.061035N3413.0060.nh.fits,289.0,840.416527778,92.6547824094,-34.1411969253,3.72465333283,2.25502758867,22.7545092387,0.489772880069,22.4478654881,-13.857431563533119,0.4898984913459662
N2188-1.Q2.B.170408_0025.C.003054.061035N3413.0060.nh.fits,290.0,828.017662037,92.6548967576,-34.1413195582,2.2118062444,0.499513594857,23.3230722484,2.21070771581,21.3715592593,-13.288868553833119,2.2107355478468786
N2188-1.Q2.B.161206_0758.C.041597.061035N3413.0060.nh.fits,291.0,705.332627315,92.6547708017,-34.141127306,nan,nan,nan,nan,23.9692083094,nan,nan
N2188-1.Q2.B.161201_0411.C.040294.061035N3413.0060.nh.fits,292.0,700.174409722,92.6548340372,-34.1412120731,-0.19003691962,-0.352333692093,nan,nan,23.6427759958,nan,nan
N2188-1.Q2.B.161225_2049.S.048041.061035N3413.0060.nh.fits,293.0,724.867569444,92.6547303341,-34.1410833147,49.3173753161,24.5790057537,19.9362610253,0.0452838487217,22.4307663847,-16.67567977693312,0.04662279192648682
N2188-1.Q2.B.170327_0203.C.065291.061035N3413.0060.nh.fits,294.0,816.086099537,92.6547484487,-34.1410980924,9.82135691534,15.6724555911,21.6967421202,0.070776832998,23.9211008371,-14.915198682033118,0.07164089517306058
N2188-1.Q2.B.161228_2045.S.048657.061035N3413.0060.nh.fits,295.0,727.86474537,92.6547608714,-34.1411382923,64.1704404306,24.0533334091,19.6490513426,0.0462495662375,22.0388308431,-16.962889459633118,0.047561330396947196
N2188-1.Q2.B.170330_1812.S.000984.061035N3413.0060.nh.fits,296.0,819.758935185,92.6547652786,-34.1411483811,15.1408666314,12.4005445965,21.2245382692,0.0893026401996,22.8891622063,-15.387402533033118,0.08998899554162103
N2188-1.Q2.B.170328_1939.S.000418.061035N3413.0060.nh.fits,297.0,817.819259259,92.6547128419,-34.1412074973,11.9418990172,5.09987414032,21.4834685462,0.216613576581,22.1102362959,-15.128472256033117,0.21689743966027683
N2188-1.Q2.B.170318_1819.S.063706.061035N3413.0060.nh.fits,298.0,807.763310185,92.6547525243,-34.141057462,13.2986947609,5.26259597884,21.3660686598,0.209919199519,22.0146640164,-15.245872142433118,0.21021210264556228
N2188-1.Q2.B.161130_0616.C.040119.061035N3413.0060.nh.fits,299.0,699.261701389,92.654601186,-34.1415395686,0.824852000718,1.54584317304,24.3991403202,0.71446403593,23.7041179615,-12.212800482033117,0.7145501496811508
N2188-1.Q2.B.161218_0551.C.043634.061035N3413.0060.nh.fits,300.0,717.244363426,92.6548635089,-34.1411955509,-0.127570490872,-0.356147357039,nan,nan,24.1816935744,nan,nan
N2188-1.Q2.B.161224_2048.S.047824.061035N3413.0060.nh.fits,301.0,723.867268519,92.6547746593,-34.1411706313,15.2846218178,4.41124440243,21.2142291126,0.250464744183,21.6750289411,-15.397711689633116,0.2507102826982298
N2188-1.Q2.B.170114_0502.C.049354.061035N3413.0060.nh.fits,302.0,744.210092593,92.654731858,-34.1410666066,29.2444034846,33.2660818039,20.5063774817,0.0336562358198,23.7857475091,-16.10556332053312,0.03543726825714225
N2188-1.Q2.B.170417_0901.A.054566.061035N3413.0060.nh.fits,303.0,837.376377315,92.6548417143,-34.1411527345,-30.980354259,-5.83840791132,nan,nan,21.1270135705,nan,nan
N2188-1.Q2.B.170309_2049.S.061674.061035N3413.0060.nh.fits,304.0,798.867592593,92.6547663524,-34.1411947903,14.0199943898,2.1812683277,21.3084463393,0.506326957456,20.9674101182,-15.303494462933116,0.5064484629442769
N2188-1.Q2.B.170206_0121.C.053350.061035N3413.0060.nh.fits,305.0,767.056423611,92.6547464112,-34.1411084886,24.9429691676,21.7210832129,20.6799431605,0.0511921033797,23.0964923508,-15.931997641733119,0.05238023692585369
N2188-1.Q2.B.161207_0231.C.041705.061035N3413.0060.nh.fits,306.0,706.105381944,92.6558700276,-34.1407446488,0.546163846833,0.142123615137,24.8489216657,7.7706781464,21.5505574425,-11.763019136533117,7.77068606448044
N2188-1.Q2.B.161203_0416.C.040771.061035N3413.0060.nh.fits,307.0,702.177986111,92.6548378597,-34.1411618125,-0.287413826583,-0.523856738638,nan,nan,23.6600963573,nan,nan
N2188-1.Q2.B.170402_1819.S.001842.061035N3413.0060.nh.fits,308.0,822.763576389,92.6547934081,-34.1410869734,11.5213568371,8.11225633551,21.5225798001,0.136335654208,22.7254779081,-15.089361002133117,0.13678621414562955
N2188-1.Q2.B.170122_1149.A.042530.061035N3413.0060.nh.fits,309.0,752.492418981,92.6547167419,-34.1410817726,54.2792641095,29.1023646442,19.8316764278,0.0383634452427,22.8191916381,-16.780264374433116,0.03993509362528545
N2188-1.Q2.B.170307_0056.C.060327.061035N3413.0060.nh.fits,310.0,796.038935185,92.6547167806,-34.1410904558,11.8816969564,15.578941555,21.4889821926,0.0712166658472,23.6026306337,-15.122958609633116,0.07207545536701393
N2188-1.Q2.B.161218_0812.C.043694.061035N3413.0060.nh.fits,311.0,717.342222222,92.6548841269,-34.1411722914,-0.627673977334,-1.20854751701,nan,nan,23.6996788219,nan,nan
N2188-1.Q2.B.170404_0115.C.001966.061035N3413.0060.nh.fits,312.0,824.052465278,92.6546968742,-34.1410891592,8.6566646987,5.67331202069,21.8344522153,0.19478061981,22.5830441097,-14.777488586933117,0.1950962522078229
N2188-1.Q2.B.161026_1620.A.029735.061035N3413.0060.nh.fits,313.0,664.681122685,92.6544879125,-34.1412364073,36.0022384514,2.07887369418,20.2795771989,0.531259611546,19.8786403459,-16.332363603333118,0.5313754159085434
N2188-1.Q2.B.161221_1127.A.038752.061035N3413.0060.nh.fits,314.0,720.477615741,92.6547848607,-34.1411152481,nan,nan,nan,nan,20.8693811711,nan,nan
N2188-1.Q2.B.161202_0522.C.040557.061035N3413.0060.nh.fits,315.0,701.223761574,92.6551685394,-34.1405168589,0.00809256260702,0.0225885465741,29.4439647103,48.918236115,24.1514560709,-7.167976091933117,48.918237372790344
N2188-1.Q2.B.161129_0508.C.039847.061035N3413.0060.nh.fits,316.0,698.214525463,92.654817237,-34.1411308398,-0.247619769497,-0.26697661415,nan,nan,23.0481102653,nan,nan
N2188-1.Q2.B.170117_1059.A.041889.061035N3413.0060.nh.fits,317.0,747.458321759,92.6547347506,-34.1410884439,67.6878492072,33.920490041,19.590833998,0.0330034649151,22.7776296642,-17.021106804233117,0.034817904422479395
N2188-1.Q2.B.170121_2127.S.052098.061035N3413.0060.nh.fits,318.0,751.892650463,92.654760022,-34.1410686795,42.8304866902,21.8682321487,20.0901133534,0.0508338320003,22.3281933647,-16.52182744883312,0.052030147489752494
N2188-1.Q2.B.170327_0922.A.050422.061035N3413.0060.nh.fits,319.0,816.390613426,92.6547522762,-34.1410969827,11.7483809931,14.2133566424,21.5012921217,0.0779898737367,23.49151306,-15.110648680533117,0.07877485752089357
N2188-1.Q2.B.161121_0752.C.038500.061035N3413.0060.nh.fits,320.0,690.328263889,92.654792933,-34.1411430548,-0.471148552638,-1.10802580856,nan,nan,23.8527003711,nan,nan
N2188-1.Q2.B.170303_0319.C.059500.061035N3413.0060.nh.fits,321.0,792.138726852,92.6547363031,-34.1410897471,17.6902408661,22.0706635418,21.0547697425,0.0503945234738,23.6843656571,-15.557171059733118,0.05160102487472563
N2188-1.Q2.B.161214_0045.S.045624.061035N3413.0060.nh.fits,322.0,713.031539352,92.6548256112,-34.1411654915,-6.33079007866,-0.579558295269,nan,nan,20.4248421285,nan,nan
N2188-1.Q2.B.170412_1905.S.003933.061035N3413.0060.nh.fits,323.0,832.795405093,92.6538342101,-34.1410700928,8.14269381931,0.242968921476,21.9012274337,4.54488452071,19.1614823847,-14.710713368533117,4.5448980587425
N2188-1.Q2.B.161119_0105.S.041886.061035N3413.0060.nh.fits,324.0,688.0453125,92.654791708,-34.1411869654,-2.61909480456,-0.943140265027,nan,nan,21.869992159,nan,nan
N2188-1.Q2.B.170111_0319.C.048586.061035N3413.0060.nh.fits,325.0,741.138564815,92.6547498767,-34.1410795273,25.0797347755,31.5288807945,20.6739776891,0.0354831038329,24.0249051924,-15.937963113133119,0.03717671891906326
N2188-1.Q2.B.161207_0715.C.041832.061035N3413.0060.nh.fits,326.0,706.302534722,92.6551369795,-34.1404764576,0.00605948567469,0.0175267030717,29.7595982761,63.0417239723,24.2083734272,-6.852342526133118,63.04172494830258
N2188-1.Q2.B.170223_0100.C.057570.061035N3413.0060.nh.fits,327.0,784.042083333,92.6547303555,-34.1410855976,19.5249296641,13.3039422982,20.947116144,0.0832453809775,22.6748982007,-15.664824658233119,0.08398125520650303
N2188-1.Q2.B.161212_0749.C.042698.061035N3413.0060.nh.fits,328.0,711.326354167,92.6547832574,-34.1417913727,0.656899537648,0.840206773935,24.647519535,1.31450768241,23.3114434882,-11.964421267233117,1.3145544891281151
N2188-1.Q2.B.170212_1300.A.044566.061035N3413.0060.nh.fits,329.0,773.541944444,92.6547838016,-34.1412011153,nan,nan,nan,nan,19.0343345401,nan,nan
N2188-1.Q2.B.170204_1917.S.054655.061035N3413.0060.nh.fits,330.0,765.804166667,92.654763511,-34.141165797,34.6623518482,6.59881695636,20.3209535507,0.16747305179,21.1816139609,-16.290987251533117,0.1678400454236911
N2188-1.Q2.B.170331_0942.A.051231.061035N3413.0060.nh.fits,331.0,820.404363426,92.6547243156,-34.1411036013,11.0686411542,3.85343758753,21.5663120117,0.286600554153,21.8600514194,-15.045628790533119,0.28681515896614906
N2188-1.Q2.B.161025_1727.A.029644.061035N3413.0060.nh.fits,332.0,663.727604167,92.6551618135,-34.1411978111,6.79848372943,1.54563930259,22.0980578119,0.714502443505,21.4132051476,-14.51388299033312,0.7145885526277247
N2188-1.Q2.B.170123_0135.C.051267.061035N3413.0060.nh.fits,333.0,753.066157407,92.6547505978,-34.1411002609,40.9119251956,34.0693320472,20.1401099224,0.0328463299027,23.2683747903,-16.471830879833117,0.03466899421742254
N2188-1.Q2.B.170227_1855.S.058875.061035N3413.0060.nh.fits,334.0,788.78875,92.6547674599,-34.1411129222,25.2309837597,20.3752529898,20.6674182426,0.0545383918243,23.0345359776,-15.944522559633118,0.055655134127513765
N2188-1.Q2.B.170221_1354.A.045834.061035N3413.0060.nh.fits,335.0,782.57943287,92.6547552845,-34.1411023618,24.8519918175,23.7566050602,20.6839295736,0.0468543661887,23.404714123,-15.928011228633117,0.048149656311498916
N2188-1.Q2.B.161208_0341.C.041987.061035N3413.0060.nh.fits,336.0,707.15369213,92.6548764414,-34.1411269765,-1.16129741542,-0.480242183217,nan,nan,22.01640965,nan,nan
N2188-1.Q2.B.170108_0316.C.047853.061035N3413.0060.nh.fits,337.0,738.136400463,92.6547402718,-34.1410743496,38.1830704042,37.8831946454,20.2154173421,0.0296169583031,23.6013415678,-16.396523460133118,0.03162628639436248
N2188-1.Q2.B.161026_0533.C.033067.061035N3413.0060.nh.fits,338.0,664.2315625,92.6547384942,-34.1413025006,0.887356593231,0.983749182194,24.3194542834,1.12257827913,23.103587646,-12.292486518833119,1.1226330881220468
N2188-1.Q2.B.170418_1922.S.005309.061035N3413.0060.nh.fits,339.0,838.807199074,92.6541475093,-34.1408572968,7.75297251122,1.77027425383,21.9547326836,0.623661497881,21.3710457312,-14.657208118633118,0.6237601475816993
N2188-1.Q2.B.170129_1924.S.053344.061035N3413.0060.nh.fits,340.0,759.80849537,92.6547516632,-34.1411105937,38.6156417502,26.4877757716,20.203127612,0.0420543754126,22.8496647451,-16.40881319023312,0.04349285301419727
N2188-1.Q2.B.170227_2003.S.058905.061035N3413.0060.nh.fits,341.0,788.835717593,92.654764009,-34.1411163296,24.9593700281,12.5380594987,20.6792260605,0.0883147672733,22.2909399696,-15.932714741733118,0.08900874052871333
N2188-1.Q2.B.161227_1058.A.039826.061035N3413.0060.nh.fits,342.0,726.457465278,92.6547498814,-34.1410931797,99.5433937627,17.4016874862,19.1700696556,0.0637564990964,21.1330004262,-17.44187114663312,0.06471436431735945
N2188-1.Q2.B.161218_0337.C.043574.061035N3413.0060.nh.fits,343.0,717.15099537,92.6547625248,-34.1411964389,-0.394525401921,-1.14363414699,nan,nan,24.2294488879,nan,nan
N2188-1.Q2.B.170211_0226.C.054503.061035N3413.0060.nh.fits,344.0,772.101412037,92.6547072889,-34.1411195968,21.62050634,19.9138125941,20.8358938709,0.0558002223748,23.0727882403,-15.776046931333116,0.056892201478302845
N2188-1.Q2.B.170311_1223.A.049033.061035N3413.0060.nh.fits,345.0,800.516296296,92.6548234557,-34.1412028823,20.05717207,13.0975316416,20.9177754257,0.0845995413052,22.6604706477,-15.694165376533117,0.0853237373831041
N2188-1.Q2.B.170126_0232.C.051760.061035N3413.0060.nh.fits,346.0,756.1059375,92.6547311937,-34.1410965251,35.6881620743,32.955194193,20.2891361664,0.0339425355241,23.4430669433,-16.32280463583312,0.03570929136478997
N2188-1.Q2.B.170218_0109.C.056266.061035N3413.0060.nh.fits,347.0,779.047847222,92.6547625087,-34.1411413705,23.4195898412,19.4474885244,20.7486937496,0.0570876358296,22.9689933533,-15.863247052633117,0.058155446319185816
N2188-1.Q2.B.170227_2110.S.058936.061035N3413.0060.nh.fits,348.0,788.882581019,92.6547545648,-34.141124853,28.2478432855,14.3748249024,20.5442018515,0.077079967333,22.3715678334,-16.06773895073312,0.07787412366137433
N2188-1.Q2.B.170305_2105.S.060506.061035N3413.0060.nh.fits,349.0,794.87875,92.6547345124,-34.1411332658,21.1997616998,21.7836513821,20.8573334932,0.0510519030081,23.3765296858,-15.75460730903312,0.05224322513703689
N2188-1.Q2.B.161223_1142.A.039207.061035N3413.0060.nh.fits,350.0,722.48755787,92.6548226817,-34.1411543723,nan,nan,nan,nan,20.4753524423,nan,nan
N2188-1.Q2.B.170207_2022.S.055259.061035N3413.0060.nh.fits,351.0,768.848657407,92.6547601613,-34.141093483,24.6807229167,22.0030568197,20.6914739275,0.0505495856686,23.1239052401,-15.920466874733119,0.05175247224276155
N2188-1.Q2.B.170205_1913.S.054865.061035N3413.0060.nh.fits,352.0,766.800833333,92.6547863314,-34.141123541,35.6668904026,21.6704004586,20.2897866118,0.0512954086939,22.6476888586,-16.322154190433118,0.05248120354036201
N2188-1.Q2.B.170125_1947.S.052599.061035N3413.0060.nh.fits,353.0,755.824618056,92.6547567165,-34.14112243,39.975086294,21.1012856874,20.1653819152,0.052649050186,22.4806130591,-16.446558887033117,0.05380502074582465
N2188-1.Q2.B.161130_0726.C.040149.061035N3413.0060.nh.fits,354.0,699.310092593,92.6548233787,-34.1411320865,-0.245810395211,-0.5734977032,nan,nan,23.9677127778,nan,nan
N2188-1.Q2.B.170110_0747.C.048465.061035N3413.0060.nh.fits,355.0,740.324490741,92.6547289034,-34.1410922623,49.6328796095,39.8330310254,19.929303997,0.0282031905295,23.2890647281,-16.682636805233116,0.030306397476670695
N2188-1.Q2.B.161030_0805.C.034222.061035N3413.0060.nh.fits,356.0,668.337037037,92.6548852564,-34.1411373633,-0.00929720533718,-0.0261224837145,nan,nan,24.1715676751,nan,nan
N2188-1.Q2.B.170307_1853.S.061043.061035N3413.0060.nh.fits,357.0,796.787337963,92.6547720747,-34.1411847437,17.9515137091,13.1840074964,21.0387750124,0.0840335965548,22.7698522761,-15.57316578983312,0.08476262809697188
N2188-1.Q2.B.170129_2031.S.053374.061035N3413.0060.nh.fits,358.0,759.855289352,92.6547627659,-34.1410726179,37.1759704684,17.7138953411,20.244577979,0.062640248295,22.2626053549,-16.36736282323312,0.06361492339404273
N2188-1.Q2.B.170217_0106.C.056009.061035N3413.0060.nh.fits,359.0,778.046018519,92.6547549004,-34.1411134673,23.8493163894,21.3514054934,20.7288573641,0.052049595442,23.0731078214,-15.883083438133117,0.05321858845973408
N2188-1.Q2.B.161218_0049.S.046566.061035N3413.0060.nh.fits,360.0,717.034351852,92.6548810594,-34.14111453,nan,nan,nan,nan,21.6948475323,nan,nan
N2188-1.Q2.B.170121_1048.A.042305.061035N3413.0060.nh.fits,361.0,751.450659722,92.6547554254,-34.1411086846,77.5520578142,27.8926064949,19.4424184777,0.0399805580881,22.1411814019,-17.16952232453312,0.041490996577650575
N2188-1.Q2.B.161220_0725.C.044153.061035N3413.0060.nh.fits,362.0,719.3096875,92.6548676493,-34.1411435196,-4.49278526583,-1.38837810024,nan,nan,21.7224747225,nan,nan
N2188-1.Q2.B.161213_0750.C.042942.061035N3413.0060.nh.fits,363.0,712.326643519,92.6548091196,-34.1411562209,-0.891333015554,-0.683939534673,nan,nan,22.7448534057,nan,nan
N2188-1.Q2.B.170206_1913.S.055014.061035N3413.0060.nh.fits,364.0,767.800856481,92.6547649207,-34.1410951229,34.3521655019,21.0018863387,20.3307601649,0.0529238969701,22.6583289581,-16.28118063733312,0.05407399229271345
N2188-1.Q2.B.170319_1924.S.063923.061035N3413.0060.nh.fits,365.0,808.80837963,92.6547674384,-34.141093975,16.5708514479,7.58521959268,21.126082715,0.145732407682,22.1997100869,-15.485858087233119,0.14615400241102988
N2188-1.Q2.B.170416_0903.A.054229.061035N3413.0060.nh.fits,366.0,836.377465278,92.6541647847,-34.1416082286,895.642583168,1.20857033049,16.7733144615,0.913875731467,15.8012599191,-19.838626340733118,0.9139430563970137
N2188-1.Q2.B.161208_0705.C.042079.061035N3413.0060.nh.fits,367.0,707.295173611,92.6547039901,-34.141785859,2.2337574091,1.1491571396,23.3122984658,0.960700353436,22.2756462951,-13.299642336433116,0.9607643971671859
N2188-1.Q2.B.161206_0651.C.041567.061035N3413.0060.nh.fits,368.0,705.285462963,92.6555599418,-34.1408471094,0.00889119868444,0.0246483302736,29.3412886012,44.8211181434,24.113006292,-7.270652201033119,44.82111951616551
N2188-1.Q2.B.170327_2028.S.000210.061035N3413.0060.nh.fits,369.0,816.853333333,92.6547697441,-34.141097993,15.6960033298,11.5094318814,21.1852547385,0.0961972291133,22.7901497894,-15.426686063733118,0.0968347285897338
N2188-1.Q2.B.170410_1858.S.003323.061035N3413.0060.nh.fits,370.0,830.790787037,92.6546713635,-34.1409732601,17.1023041721,8.35063333197,21.0916436917,0.132453909691,22.3265548367,-15.520297110533118,0.1329176284937489
N2188-1.Q2.B.161214_0041.S.045622.061035N3413.0060.nh.fits,371.0,713.028726852,92.6548576364,-34.1411628754,-6.40795749667,-0.767387164445,nan,nan,20.6821711005,nan,nan
N2188-1.Q2.B.161201_0728.C.040384.061035N3413.0060.nh.fits,372.0,700.3115625,92.6552273872,-34.1415324691,0.229452913369,0.507289127768,25.7950146492,2.17717205781,23.8924164779,-10.816926153033119,2.177200318546872
N2188-1.Q2.B.170221_1035.A.045742.061035N3413.0060.nh.fits,373.0,782.441006944,92.6547101249,-34.141081703,19.526676332,24.1139621495,20.947018554,0.0461921553727,23.824659667,-15.664922248233118,0.04750550483834828
N2188-1.Q2.B.170105_0430.C.047163.061035N3413.0060.nh.fits,374.0,735.188090278,92.6547308586,-34.1410764326,38.6670999858,41.4219776319,20.2016748102,0.027145688336,23.8889706289,-16.410265992033118,0.029324838741345532
N2188-1.Q2.B.170114_0715.C.049414.061035N3413.0060.nh.fits,375.0,744.302256944,92.6547247446,-34.1411216335,37.5059283424,28.091411738,20.2349379151,0.0397224630122,23.0616187688,-16.377002887133116,0.041242354924595055
N2188-1.Q2.B.170110_0212.C.048311.061035N3413.0060.nh.fits,376.0,740.09181713,92.6547236842,-34.1410717004,29.2380518087,35.1308635444,20.5066144535,0.0319078872723,23.9253578126,-16.10532634873312,0.03378122321871246
N2188-1.Q2.B.170223_2048.S.057868.061035N3413.0060.nh.fits,377.0,784.867037037,92.65477407,-34.1411069133,27.7074295664,13.1032947834,20.5652751633,0.0845496050379,22.2551471099,-16.046665638933117,0.08527422520337291
N2188-1.Q2.B.170113_0557.C.049140.061035N3413.0060.nh.fits,378.0,743.248032407,92.6547646575,-34.1410766325,48.0962474015,32.9504158578,19.9636135965,0.0339584327979,22.9207172916,-16.648327205733118,0.03572440244510976
N2188-1.Q2.B.161216_0630.C.043173.061035N3413.0060.nh.fits,379.0,715.271469907,92.6548185488,-34.1411689767,-0.131761189717,-0.392699196659,nan,nan,24.1267608634,nan,nan
N2188-1.Q2.B.161030_0659.C.034193.061035N3413.0060.nh.fits,380.0,668.291261574,92.654802483,-34.1411641596,-0.503646391889,-1.07811911422,nan,nan,23.7597282495,nan,nan
N2188-1.Q2.B.170213_0218.C.054996.061035N3413.0060.nh.fits,381.0,774.0959375,92.6547349418,-34.1410713228,12.9204756902,21.6690164742,21.3975453127,0.0513417169491,24.1706689035,-15.214395489533118,0.05252646638840439
N2188-1.Q2.B.170220_0209.C.056828.061035N3413.0060.nh.fits,382.0,781.089988426,92.6547454274,-34.1411090376,16.7716861653,23.1302904626,21.1129401742,0.0481116446781,23.8580047617,-15.49900062803312,0.049373962020506534
N2188-1.Q2.B.170406_1757.S.002847.061035N3413.0060.nh.fits,383.0,826.748043981,92.6548297439,-34.1411668944,nan,nan,nan,nan,18.5907475542,nan,nan
N2188-1.Q2.B.170119_2011.S.051612.061035N3413.0060.nh.fits,384.0,749.841666667,92.6537282595,-34.1410367537,74.6511422407,4.78873019036,19.4840093323,0.230671168541,19.980054721,-17.127931469933117,0.2309377530159179
N2188-1.Q2.B.170105_0219.C.047103.061035N3413.0060.nh.fits,385.0,735.097048611,92.6547299736,-34.14107761,45.5708256836,43.3698596338,20.0224554264,0.0259595948928,23.6421280195,-16.589485375833117,0.028230450562627605
N2188-1.Q2.B.170109_0210.C.048070.061035N3413.0060.nh.fits,386.0,739.090590278,92.6547499662,-34.1411086024,58.8622007536,31.2239581212,19.7432476361,0.0357922485908,22.4653998803,-16.868693166133117,0.03747189388269957
N2188-1.Q2.B.170327_1814.S.000147.061035N3413.0060.nh.fits,387.0,816.760243056,92.654759461,-34.1410825925,13.2310752184,15.7302989771,21.3716299253,0.0705065126366,23.4930452577,-15.240310876933119,0.07137384742428916
N2188-1.Q2.B.170211_1234.A.044423.061035N3413.0060.nh.fits,388.0,772.523668981,92.65479897,-34.1410503946,28.818374976,10.5606129429,20.5223871592,0.104779748055,21.9367393863,-16.089553643033117,0.10536533288724499
N2188-1.Q2.B.170415_1746.S.004327.061035N3413.0060.nh.fits,389.0,835.740648148,92.6548859698,-34.1412058428,nan,nan,nan,nan,22.0318869664,nan,nan
N2188-1.Q2.B.170114_0608.C.049384.061035N3413.0060.nh.fits,390.0,744.255949074,92.6547328017,-34.1411410002,40.491877156,8.97959807805,20.1513687215,0.123194262506,21.3725017397,-16.46057208073312,0.12369270021455556
N2188-1.Q2.B.170218_0214.C.056296.061035N3413.0060.nh.fits,391.0,779.093101852,92.6547538775,-34.1410933735,22.9371874891,24.7369241309,20.7714000196,0.0450010716454,23.3670008224,-15.840540782633116,0.046348184659219374
N2188-1.Q2.B.161218_2348.S.046784.061035N3413.0060.nh.fits,392.0,717.992013889,92.6548969939,-34.1408728778,0.292145836585,0.509057186584,25.5314904628,2.1703385828,23.6712885717,-11.080450339433117,2.1703669325167767
N2188-1.Q2.B.161117_0749.C.037687.061035N3413.0060.nh.fits,393.0,686.325868056,92.6548572062,-34.141181059,-1.42800190686,-2.3469788829,nan,nan,23.4547610593,nan,nan
N2188-1.Q2.B.161129_0233.C.039779.061035N3413.0060.nh.fits,394.0,698.106724537,92.6553509193,-34.1408684849,0.941537260903,0.467606047305,24.2547970836,2.36146759057,22.1972610664,-12.357143718633118,2.3614936457853224
N2188-1.Q2.B.161027_0816.C.033414.061035N3413.0060.nh.fits,395.0,665.345150463,92.6547845141,-34.1411850363,-0.182422523207,-0.35475528823,nan,nan,23.7877268918,nan,nan
N2188-1.Q2.B.170301_0335.C.059027.061035N3413.0060.nh.fits,396.0,790.149884259,92.6547547918,-34.1410885687,22.7511203619,21.4516568076,20.7802859094,0.0518233750138,23.2125784659,-15.831654892833118,0.05299735813973772
N2188-1.Q2.B.161121_1558.A.034112.061035N3413.0060.nh.fits,397.0,690.665393519,92.6548684036,-34.1412083807,-6.4166261058,-1.20156093751,nan,nan,21.1531681221,nan,nan
N2188-1.Q2.B.170315_1103.A.049359.061035N3413.0060.nh.fits,398.0,804.46056713,92.6547674992,-34.1411116607,17.5432165466,12.3150421529,21.0638745418,0.0899382994107,22.7582865214,-15.548066260433117,0.09061984039303642
N2188-1.Q2.B.161115_1600.A.032984.061035N3413.0060.nh.fits,399.0,684.667118056,92.6550052532,-34.1412527665,8.9590736437,0.531044305181,21.7969919894,2.07948169497,19.947364843,-14.81494881283312,2.079511283327714
N2188-1.Q2.B.161029_1601.A.030274.061035N3413.0060.nh.fits,400.0,667.667488426,92.6548605502,-34.1411099893,nan,nan,nan,nan,19.9997240402,nan,nan
N2188-1.Q2.B.161220_0001.S.047039.061035N3413.0060.nh.fits,401.0,719.001377315,92.6542593489,-34.1413710775,1.42995321841,0.454306855479,23.7989084771,2.43005747421,21.7138167065,-12.813032325133118,2.4300827940084377
N2188-1.Q2.B.170223_1206.A.046294.061035N3413.0060.nh.fits,402.0,784.504791667,92.6547570321,-34.1411240992,23.8364042903,22.9924580766,20.7294481668,0.0483933349655,23.400144764,-15.882492635433117,0.04964849082352613
N2188-1.Q2.B.170112_0136.C.048781.061035N3413.0060.nh.fits,403.0,742.066990741,92.6547264669,-34.1410785079,33.1813524647,32.6161934612,20.3685909744,0.0343193489586,23.4894180238,-16.243349827833118,0.036067651502597615
N2188-1.Q2.B.170111_0533.C.048646.061035N3413.0060.nh.fits,404.0,741.23150463,92.6547518975,-34.1410929503,27.902739077,33.6492062892,20.557612056,0.0332920318123,23.9809272904,-16.054328746233118,0.03509155388639649
N2188-1.Q2.B.161219_0338.C.043813.061035N3413.0060.nh.fits,405.0,718.151770833,92.6547641385,-34.1411425133,nan,nan,nan,nan,24.1917672799,nan,nan
N2188-1.Q2.B.170114_0356.C.049324.061035N3413.0060.nh.fits,406.0,744.164085648,92.6547241592,-34.1410766129,25.425852369,31.930843507,20.6590248042,0.0350435788224,24.091173356,-15.952915998033117,0.036757450790995225
N2188-1.Q2.B.170318_0232.C.062884.061035N3413.0060.nh.fits,407.0,807.106006944,92.6547140479,-34.141073591,13.1930494609,18.385806003,21.3747697941,0.0604002586067,23.7749209154,-15.237171008133117,0.06141049594105971
N2188-1.Q2.B.161220_0111.S.047071.061035N3413.0060.nh.fits,408.0,719.049641204,92.6547728836,-34.1412074534,nan,nan,nan,nan,20.9994241791,nan,nan
N2188-1.Q2.B.161121_0644.C.038470.061035N3413.0060.nh.fits,409.0,690.280821759,92.654761127,-34.1411282056,-0.300008436722,-0.952211588688,nan,nan,24.2381018722,nan,nan
N2188-1.Q2.B.161205_0640.C.041321.061035N3413.0060.nh.fits,410.0,704.277986111,92.6548643567,-34.1411860067,-0.164584120435,-0.460556133138,nan,nan,24.0970018296,nan,nan
N2188-1.Q2.B.170303_1144.A.047415.061035N3413.0060.nh.fits,411.0,792.489293981,92.6548668931,-34.1414139314,17.3659286453,3.24251589279,21.0749555062,0.340662537877,21.1705853144,-15.53698529603312,0.3408431053795414
N2188-1.Q2.B.170209_1918.S.055619.061035N3413.0060.nh.fits,412.0,770.80462963,92.6547987847,-34.1411431411,30.2359644354,13.2049584716,20.4700010624,0.0838835969331,22.1939512397,-16.141939739833116,0.0846139208783369
N2188-1.Q2.B.161201_1507.A.035612.061035N3413.0060.nh.fits,413.0,700.630092593,92.6548204814,-34.1411542758,-1.29903586609,-0.708092782941,nan,nan,22.3385931642,nan,nan
N2188-1.Q2.B.170404_1106.A.052134.061035N3413.0060.nh.fits,414.0,824.462881944,92.6548460625,-34.1413054768,8.86303308683,1.50424109507,21.808749998,0.734148003364,21.0682194831,-14.803190804233118,0.7342318085014559
N2188-1.Q2.B.170307_1957.S.061073.061035N3413.0060.nh.fits,416.0,796.831608796,92.6547500182,-34.1411493538,23.1154424399,13.8550052807,20.7629545603,0.079965699605,22.5805458707,-15.848986241933119,0.08073147394472474
N2188-1.Q2.B.161201_1358.A.035581.061035N3413.0060.nh.fits,417.0,700.582569444,92.6547741209,-34.1412017876,-1.176339411,-0.586631507439,nan,nan,22.2391031766,nan,nan
N2188-1.Q2.B.170315_1935.S.062851.061035N3413.0060.nh.fits,418.0,804.816261574,92.654781907,-34.1411675021,18.8202998967,10.3053534386,20.9872150457,0.107368871417,22.4128399421,-15.624725756533117,0.10794041097443975
N2188-1.Q2.B.170120_1850.S.051816.061035N3413.0060.nh.fits,419.0,750.785173611,92.6547195726,-34.1410691517,45.3258494112,7.18735740168,20.0283358826,0.153785723761,20.9740339837,-16.583604919633117,0.15418529957380916
N2188-1.Q2.B.170303_2118.S.059911.061035N3413.0060.nh.fits,420.0,792.888009259,92.6547708726,-34.1410718178,25.7529547331,17.6311481908,20.645079327,0.0629292882384,22.7244008846,-15.966861475233117,0.06389955469455402
N2188-1.Q2.B.170309_1217.A.048487.061035N3413.0060.nh.fits,421.0,798.511967593,92.65464311,-34.14102069,11.87307133,1.77513910758,21.4897744637,0.621954485088,20.9143661063,-15.122166338533116,0.6220534054991178
N2188-1.Q2.B.161217_2341.S.046535.061035N3413.0060.nh.fits,422.0,716.987256944,92.6548451818,-34.1412079295,2.31630188759,0.700909364248,23.2727114683,1.5750960517,21.6897714071,-13.339229333933119,1.5751351147926644
N2188-1.Q2.B.161218_1301.A.038169.061035N3413.0060.nh.fits,423.0,717.542928241,92.6547603642,-34.1411915381,nan,nan,nan,nan,20.1623697837,nan,nan
N2188-1.Q2.B.161118_0749.C.037903.061035N3413.0060.nh.fits,424.0,687.325810185,92.654820218,-34.141135547,nan,nan,nan,nan,23.6829127727,nan,nan
N2188-1.Q2.B.161206_0423.C.041507.061035N3413.0060.nh.fits,425.0,705.183310185,92.6557948186,-34.1407832533,0.000904197905857,0.00266466846264,31.8349430088,414.687949127,24.2390811741,-4.776997793433118,414.68794927537397
N2188-1.Q2.B.161115_1451.A.032954.061035N3413.0060.nh.fits,426.0,684.618900463,92.6548892445,-34.1404515339,5.6791605329,1.08871503093,22.2943151405,1.01418421263,21.1933138665,-14.317625661733118,1.0142448791686867
N2188-1.Q2.B.170329_0202.C.000367.061035N3413.0060.nh.fits,427.0,818.084965278,92.6548005623,-34.1410670574,15.8640099485,12.7971702559,21.1736395234,0.0865468071807,22.8846291948,-15.43830127883312,0.0872548428750172
N2188-1.Q2.B.170121_0126.C.050871.061035N3413.0060.nh.fits,428.0,751.060115741,92.654748289,-34.141072623,31.017179043,34.1024516541,20.442171943,0.0328239781114,23.6668172803,-16.169768859233116,0.034647818272271334
N2188-1.Q2.B.170305_1847.S.060444.061035N3413.0060.nh.fits,429.0,794.782997685,92.6547777894,-34.1411485201,24.1446028548,15.9688827438,20.7154329065,0.0694434507116,22.713037144,-15.89650789573312,0.07032389792030226
N2188-1.Q2.B.161221_0053.S.047291.061035N3413.0060.nh.fits,430.0,720.036944444,92.6547355546,-34.1413850137,3.40613335566,2.21155811731,22.8520356549,0.499315139321,22.5161271162,-13.759905147333118,0.49943835067715847
N2188-1.Q2.B.161219_1359.A.038329.061035N3413.0060.nh.fits,431.0,718.583310185,92.6548118307,-34.1411549693,-7.33079475064,-4.41559371924,nan,nan,22.4336525422,nan,nan
N2188-1.Q2.B.161023_1726.A.029127.061035N3413.0060.nh.fits,432.0,661.727013889,92.6548332978,-34.1411915894,-0.585573896048,-0.246457600133,nan,nan,22.0132209584,nan,nan
N2188-1.Q2.B.170301_1235.A.047102.061035N3413.0060.nh.fits,433.0,790.524780093,92.6547347789,-34.1411189691,30.6999428575,21.6009123223,20.4533873444,0.0514470705696,22.8508749405,-16.15855345783312,0.05262944843112149
N2188-1.Q2.B.161219_0707.C.043900.061035N3413.0060.nh.fits,434.0,718.296631944,92.6551078305,-34.141274257,0.469416729308,1.09262129091,25.0141218023,1.01120574857,23.9280270329,-11.597818999933118,1.0112665937886924
N2188-1.Q2.B.170330_0136.C.000629.061035N3413.0060.nh.fits,435.0,819.06693287,92.6547570101,-34.1411054636,11.5215593251,6.13078355908,21.5225606269,0.18023452711,22.3625458877,-15.089380175333119,0.18057558676226415
N2188-1.Q2.B.170125_0237.C.051533.061035N3413.0060.nh.fits,436.0,755.109560185,92.6547500448,-34.1411081728,34.5040425069,31.6315918717,20.3259475228,0.0353338404292,23.3357939324,-16.285993279433118,0.03703428211059102
N2188-1.Q2.B.161203_0742.C.040862.061035N3413.0060.nh.fits,437.0,702.321331019,92.6549952437,-34.140756476,0.124778035484,0.240446701651,26.4595778958,4.59296257113,23.6815606321,-10.152362906433119,4.59297596744998
N2188-1.Q2.B.170118_0236.C.050205.061035N3413.0060.nh.fits,439.0,748.108935185,92.654730447,-34.1410757449,25.3024604959,32.8131195106,20.6643320712,0.0341095847635,24.0476420234,-15.947608731033117,0.03586811320252384
N2188-1.Q2.B.161220_0506.C.044092.061035N3413.0060.nh.fits,440.0,719.212824074,92.6548556643,-34.1411449473,-0.132003620805,-0.356282113787,nan,nan,24.1263246465,nan,nan
N2188-1.Q2.B.170320_0035.C.063373.061035N3413.0060.nh.fits,441.0,809.024965278,92.6547707093,-34.1410865998,15.1154284496,18.3800842528,21.2263727128,0.06039822779,23.4874050871,-15.385568089433118,0.06140849853353689
N2188-1.Q2.B.170309_1059.A.048450.061035N3413.0060.nh.fits,442.0,798.458252315,92.6547552641,-34.1409743525,16.8261734045,3.44414571917,21.1094016879,0.320638184125,21.2614035621,-15.502539114333118,0.32083002180430076
N2188-1.Q2.B.170412_1019.A.053335.061035N3413.0060.nh.fits,443.0,832.430289352,92.6550189622,-34.1411657706,12.4099610107,1.22219842512,21.4415256253,0.90355216409,20.4520208611,-15.170415176933119,0.9036202581857564
N2188-1.Q2.B.170205_0120.C.053156.061035N3413.0060.nh.fits,444.0,766.055763889,92.6547353702,-34.1410984324,26.3050829386,26.9261004801,20.6219372482,0.0414066715162,23.4433694405,-15.99000355403312,0.04286688953051249
N2188-1.Q2.B.170415_0016.C.004718.061035N3413.0060.nh.fits,445.0,835.011331019,92.6547407217,-34.141169306,1.74613052873,3.52960236214,23.5809802288,0.313035300652,23.9107070437,-13.030960573433116,0.31323179472438417
N2188-1.Q2.B.170309_0333.C.060788.061035N3413.0060.nh.fits,446.0,798.148298611,92.6547486703,-34.1410869605,25.0408740306,6.84703989946,20.6756694104,0.161477223981,21.5994583111,-15.936271391833117,0.1618578130229762
N2188-1.Q2.B.161216_0046.S.046073.061035N3413.0060.nh.fits,447.0,715.032106481,92.6552036721,-34.1416588611,4.99925256277,0.730608996583,22.4334273572,1.51103073851,20.9298985683,-14.178513445033119,1.511071457772281
N2188-1.Q2.B.161205_0751.C.041351.061035N3413.0060.nh.fits,448.0,704.327268519,92.6547911867,-34.1411203844,-0.217664673707,-0.508696291422,nan,nan,23.952767119,nan,nan
N2188-1.Q2.B.161024_1727.A.029381.061035N3413.0060.nh.fits,449.0,662.72775463,92.654761524,-34.1412007422,3.28691852488,1.21486146447,22.890903098,0.908861221128,21.9015269715,-13.721037704233119,0.9089289174859881
N2188-1.Q2.B.170309_0955.A.048420.061035N3413.0060.nh.fits,450.0,798.413483796,92.6548595162,-34.1411569279,19.0658614317,10.3581614067,20.973072755,0.106830027608,22.4038635184,-15.638868047233117,0.10740443459511678
N2188-1.Q2.B.170305_0058.C.059920.061035N3413.0060.nh.fits,451.0,794.040509259,92.654739809,-34.1410830582,15.1038228889,19.7581069192,21.2272106595,0.0562297330493,23.6616502771,-15.384730142733119,0.057313529386753125
N2188-1.Q2.B.170216_0324.C.055812.061035N3413.0060.nh.fits,452.0,777.142083333,92.654780147,-34.1410974523,24.5328128874,19.7089060687,20.6980315786,0.0563500271637,22.9214548546,-15.91390922363312,0.05743155346427956
N2188-1.Q2.B.161115_1715.A.033015.061035N3413.0060.nh.fits,453.0,684.71900463,92.6544781857,-34.1419848756,7.58556598588,0.450769740662,21.9785470806,2.44914104776,19.8902000937,-14.63339372163312,2.4491661702699803
N2188-1.Q2.B.170218_0434.C.056357.061035N3413.0060.nh.fits,454.0,779.190694444,92.6547439376,-34.1410972933,22.0579067654,23.3756999263,20.8140433996,0.0476109641568,23.4960649195,-15.797897402633119,0.048886211552039587
N2188-1.Q2.B.170218_1148.A.044953.061035N3413.0060.nh.fits,455.0,779.492071759,92.6546805351,-34.1411886805,14.4747324889,3.8619889784,21.273623221,0.286050814445,21.6115467834,-15.338317581233117,0.2862658313816347
N2188-1.Q2.B.170218_1251.A.044983.061035N3413.0060.nh.fits,456.0,779.535833333,92.6554905838,-34.1409035894,15.3015601323,2.49656668858,21.2130208011,0.442387547736,20.9929999615,-15.398920001133117,0.4425266095545468
N2188-1.Q2.B.170423_0002.C.006240.061035N3413.0060.nh.fits,457.0,843.001469907,92.6548309342,-34.1412664858,1.15426058579,1.66049025888,24.0325696011,0.665089203044,23.3946407012,-12.579371201133117,0.6651817088417823
N2188-1.Q2.B.170108_0730.C.047973.061035N3413.0060.nh.fits,458.0,738.312615741,92.6547617074,-34.1410948398,45.5348833147,42.5729009171,20.0233162122,0.0264310204869,23.5893119018,-16.588624590033117,0.028664553301065078
N2188-1.Q2.B.170309_1835.S.061614.061035N3413.0060.nh.fits,459.0,798.774895833,92.6547157082,-34.1411293722,24.3309665937,17.4686726867,20.7070445945,0.0635359178447,22.8642332173,-15.904896207733117,0.06449705906736478
N2188-1.Q2.B.170430_0924.A.056476.061035N3413.0060.nh.fits,460.0,850.392071759,92.6548325552,-34.141192865,nan,nan,nan,nan,21.6777385213,nan,nan
N2188-1.Q2.B.170331_1052.A.051263.061035N3413.0060.nh.fits,461.0,820.453125,92.6548535116,-34.1408781949,17.200376376,1.06907171932,21.0854055821,1.03295567256,19.9943891117,-15.526535220133116,1.0330152366958838
N2188-1.Q2.B.170122_1045.A.042500.061035N3413.0060.nh.fits,462.0,752.448576389,92.6547328953,-34.1411202259,76.1726922451,17.2696935756,19.4619970574,0.0642431018915,21.4059446724,-17.149943744833116,0.06519381805518314
N2188-1.Q2.B.170130_1917.S.053586.061035N3413.0060.nh.fits,463.0,760.803900463,92.6546153174,-34.1410809069,42.9518085403,8.77033626879,20.0870274978,0.126084791275,21.3260993673,-16.524913304433117,0.126571846643837
N2188-1.Q2.B.170219_0434.C.056619.061035N3413.0060.nh.fits,464.0,780.190613426,92.654751178,-34.1410856876,22.5653386081,23.4328761781,20.7892309737,0.0474963591717,23.401634978,-15.822709828533117,0.0487746030894953
N2188-1.Q2.B.170217_0213.C.056039.061035N3413.0060.nh.fits,465.0,778.092534722,92.6547348998,-34.1410935021,17.3390163011,24.3432716076,21.0766474822,0.0457399885316,23.8396127256,-15.53529332003312,0.047065957154206195
N2188-1.Q2.B.170112_0456.C.048872.061035N3413.0060.nh.fits,466.0,742.205648148,92.6547446721,-34.1410818422,24.3068931788,28.2416868662,20.7081245285,0.0395382278334,23.7641391132,-15.903816273733117,0.041064939208240885
N2188-1.Q2.B.161129_0346.C.039810.061035N3413.0060.nh.fits,468.0,698.157372685,92.6548523551,-34.1411187045,-0.851728770653,-1.13387480891,nan,nan,23.3421704268,nan,nan
N2188-1.Q2.B.170329_1814.S.000673.061035N3413.0060.nh.fits,469.0,818.760023148,92.6547520092,-34.1410984937,16.8732098739,12.0413417866,21.1063562694,0.0919569009825,22.7188149395,-15.505584532833119,0.09262358992328026
N2188-1.Q2.B.170410_1751.S.003293.061035N3413.0060.nh.fits,470.0,830.744085648,92.6546751334,-34.1413505602,6.77907195768,2.56398638683,22.1011772604,0.430650252696,21.906558856,-14.510763541833118,0.43079310337922
N2188-1.Q2.B.170328_2044.S.000449.061035N3413.0060.nh.fits,471.0,817.864583333,92.6548372507,-34.1411295275,14.8787575992,5.25436933982,21.2435894419,0.210255642315,21.872588113,-15.368351360333119,0.2105480774010152
N2188-1.Q2.B.170120_0129.C.050658.061035N3413.0060.nh.fits,472.0,750.062384259,92.6547274612,-34.141073075,24.7130868517,31.20166858,20.6900443004,0.0358386017237,24.0266892287,-15.921896501833118,0.037516171786053355
N2188-1.Q2.B.161217_1305.A.037919.061035N3413.0060.nh.fits,473.0,716.545775463,92.6548239753,-34.1411382897,-7.55582429635,-0.734112421894,nan,nan,20.4607913282,nan,nan
N2188-1.Q2.B.161119_0206.S.041913.061035N3413.0060.nh.fits,474.0,688.087974537,92.6548677908,-34.1411108652,-3.20836749108,-1.11942019211,nan,nan,21.8334020573,nan,nan
N2188-1.Q2.B.170404_1818.S.002461.061035N3413.0060.nh.fits,475.0,824.762893519,92.6546627306,-34.1410196593,18.8502776919,6.28810479901,20.985478719,0.175801337047,21.8686427099,-15.626462083233118,0.17615098035345578
N2188-1.Q2.B.170123_1101.A.042684.061035N3413.0060.nh.fits,476.0,753.459108796,92.6547496446,-34.1410811406,69.7849272257,28.1190477892,19.5575476985,0.0396792613579,22.2968334955,-17.05439310373312,0.04120074700632514
N2188-1.Q2.B.161115_0630.C.036952.061035N3413.0060.nh.fits,477.0,684.271064815,92.6548761402,-34.1411403339,-2.31722539472,-1.1126257037,nan,nan,22.1851845514,nan,nan
N2188-1.Q2.B.170319_0247.C.063174.061035N3413.0060.nh.fits,478.0,808.116597222,92.6547183043,-34.1410964403,15.3602580251,19.4125297212,21.208843853,0.0572233856304,23.542243,-15.403096949233117,0.058288709326731046
N2188-1.Q2.B.170121_2131.S.052100.061035N3413.0060.nh.fits,479.0,751.895752315,92.654740315,-34.1411026055,45.0323042674,22.5222380296,20.0354241978,0.0493765967846,22.3443693249,-16.576516604433117,0.050607371814782524
N2188-1.Q2.B.161221_2111.S.047438.061035N3413.0060.nh.fits,480.0,720.882650463,92.6548225001,-34.1412137092,-2.22701595974,-0.782764803917,nan,nan,21.8448393613,nan,nan
N2188-1.Q2.B.161217_2133.S.046475.061035N3413.0060.nh.fits,481.0,716.898206019,92.6547941581,-34.1411943221,-1.45869408663,-1.79376982424,nan,nan,23.2187650183,nan,nan
