N2188-1.Q2.I.161212_0646.C.042670.061035N3413.0060.nh.fits,2016-12-12T06:46:00.000,C,972.0,346.282048611,92.6548808722,-34.1411272643,1.67122441697,1.08343617639,23.0689655856,1.02158879398,22.8426132781,-13.542975216633117,1.0216490208273492
N2188-1.Q2.I.161115_0036.S.041241.061035N3413.0060.nh.fits,2016-11-15T00:36:00.000,S,973.0,319.025416667,92.6548868421,-34.1411458327,3.46423931326,1.79844991957,22.2737339239,0.618300896057,20.3326232323,-14.338206878333118,0.6184004009028938
N2188-1.Q2.I.170217_0439.C.056101.061035N3413.0060.nh.fits,2017-02-17T04:39:00.000,C,975.0,413.193819444,92.6547739442,-34.1411800666,63.0806179821,11.0853595001,19.1078903336,0.101286365754,20.9045045893,-17.504050468633118,0.10189202942146033
N2188-1.Q2.I.161226_1134.A.039614.061035N3413.0060.nh.fits,2016-12-26T11:34:00.000,A,976.0,360.482118056,92.6548660424,-34.1412172791,33.2718742013,12.9253296144,19.8057708428,0.08707900652,21.4362979666,-16.806169959433117,0.08778274972043697
N2188-1.Q2.I.170223_1211.A.046296.061035N3413.0060.nh.fits,2017-02-23T12:11:00.000,A,977.0,419.507824074,92.6548510248,-34.1411645648,60.0082202868,45.1031553875,19.1623635375,0.0275206132736,22.8536345509,-17.44957726473312,0.029672241690268733
N2188-1.Q2.I.170126_0236.C.051762.061035N3413.0060.nh.fits,2017-01-26T02:36:00.000,C,978.0,391.108888889,92.6547969057,-34.1411665104,60.2462041568,43.6357398965,19.1580455541,0.0279516736388,22.5970551401,-17.45389524813312,0.03007247630609525
N2188-1.Q2.I.170219_0439.C.056621.061035N3413.0060.nh.fits,2017-02-19T04:39:00.000,C,979.0,415.193831019,92.6548200984,-34.1412107885,61.8270254199,35.0779602932,19.1297889117,0.0343472314533,22.3651437527,-17.482151890533117,0.03609418347154059
N2188-1.Q2.I.170206_0125.C.053352.061035N3413.0060.nh.fits,2017-02-06T01:25:00.000,C,981.0,402.059224537,92.6548369246,-34.1411283866,62.4156483231,23.9053040734,19.1194516965,0.0484335899605,21.484338266,-17.492489105733117,0.04968772895225259
N2188-1.Q2.I.170307_2002.S.061075.061035N3413.0060.nh.fits,2017-03-07T20:02:00.000,S,982.0,431.834791667,92.6547592727,-34.1411694102,62.2562262126,39.8648806319,19.122241761,0.029985310863,22.0348716915,-17.489699041233116,0.031971497298709975
N2188-1.Q2.I.170219_0226.C.056561.061035N3413.0060.nh.fits,2017-02-19T02:26:00.000,C,983.0,415.102013889,92.6547566378,-34.1411950142,66.0823268516,42.1843228399,19.0571745926,0.0319344321692,22.5891959432,-17.55476620963312,0.03380629719356897
N2188-1.Q2.I.170301_0226.C.058997.061035N3413.0060.nh.fits,2017-03-01T02:26:00.000,C,984.0,425.101446759,92.6547839325,-34.1411259141,61.8265023766,26.8417122405,19.1297981409,0.0442187009147,21.8369684175,-17.482142661333118,0.04558893815997873
N2188-1.Q2.I.170305_0203.C.059949.061035N3413.0060.nh.fits,2017-03-05T02:03:00.000,C,985.0,429.086076389,92.6548090134,-34.141209563,64.8581962385,45.9504647121,19.0775731888,0.0306550148775,22.8579374107,-17.53436761343312,0.03260042498358602
N2188-1.Q2.I.161022_1635.A.028880.061035N3413.0060.nh.fits,2016-10-22T16:35:00.000,A,986.0,295.691180556,92.6548486635,-34.1411567769,1.58999619547,0.539922031032,23.1233219674,2.05039204605,20.1867074074,-13.488618834833119,2.0504220541822784
N2188-1.Q2.I.170220_0108.C.056800.061035N3413.0060.nh.fits,2017-02-20T01:08:00.000,C,987.0,416.047233796,92.6548712567,-34.1411920698,60.9899246043,16.7991911201,19.1446605949,0.0671107764619,21.524020812,-17.46728020733312,0.0680214237522987
N2188-1.Q2.I.170320_0143.C.063405.061035N3413.0060.nh.fits,2017-03-20T01:43:00.000,C,988.0,444.071736111,92.6548279554,-34.1412161755,55.2515342688,32.9582804149,19.2524599452,0.0363858899769,22.2174101555,-17.35948085703312,0.03803933176833875
N2188-1.Q2.I.170309_1229.A.048493.061035N3413.0060.nh.fits,2017-03-09T12:29:00.000,A,989.0,433.520787037,92.6548420377,-34.1411500986,50.6742154971,18.694576638,19.3468039039,0.0606478221474,21.0173179028,-17.265136898333118,0.061654003140050324
N2188-1.Q2.I.170108_0320.C.047855.061035N3413.0060.nh.fits,2017-01-08T03:20:00.000,C,990.0,373.139259259,92.6548143958,-34.1411757447,55.1344051875,24.2357285459,19.254775127,0.0472295225978,21.6314846181,-17.35716567523312,0.04851479750330588
N2188-1.Q2.I.170327_1924.S.000180.061035N3413.0060.nh.fits,2017-03-27T19:24:00.000,S,991.0,451.809027778,92.6548869409,-34.1411659802,49.3298221949,30.3009686064,19.3761377434,0.0380864655535,22.1220785193,-17.235803058833117,0.03966908910384275
N2188-1.Q2.I.161219_0559.C.043872.061035N3413.0060.nh.fits,2016-12-19T05:59:00.000,C,995.0,353.249537037,92.6548012264,-34.1411925875,-1.17040117693,-0.532338623981,nan,nan,22.1688096701,nan,nan
N2188-1.Q2.I.170118_1928.S.051355.061035N3413.0060.nh.fits,2017-01-18T19:28:00.000,S,996.0,383.811770833,92.6547837105,-34.1411098706,58.3377373002,31.5399270014,19.1931635871,0.0377221234718,21.8682144128,-17.41877721513312,0.03931941468527218
N2188-1.Q2.I.170111_0747.C.048708.061035N3413.0060.nh.fits,2017-01-11T07:47:00.000,C,997.0,376.324340278,92.6548395534,-34.1412036575,58.2142800987,15.2911147094,19.195474751,0.0754023252347,21.2984922211,-17.41646605123312,0.07621396474905469
N2188-1.Q2.I.170206_1917.S.055016.061035N3413.0060.nh.fits,2017-02-06T19:17:00.000,S,998.0,402.803634259,92.6547738679,-34.1411981255,57.8447135056,28.9043609488,19.2024225831,0.0401283639591,21.7298972889,-17.40951821913312,0.04163344047763371
N2188-1.Q2.I.170218_0113.C.056268.061035N3413.0060.nh.fits,2017-02-18T01:13:00.000,C,999.0,414.050706019,92.6547983716,-34.1411346935,59.7724795088,30.4601281559,19.1666577385,0.0380539714217,21.7343978015,-17.445283063733118,0.03963789238764132
N2188-1.Q2.I.170402_0136.C.001439.061035N3413.0060.nh.fits,2017-04-02T01:36:00.000,C,1000.0,457.067094907,92.6548245473,-34.1411979785,49.1092724378,27.0859688683,19.3810262212,0.042548519158,22.1416805849,-17.23091458103312,0.04397083413479174
N2188-1.Q2.I.161023_1622.A.029098.061035N3413.0060.nh.fits,2016-10-23T16:22:00.000,A,1001.0,296.682280093,92.6547744125,-34.1411866257,2.42016376855,1.09000332852,22.6650109087,1.01535850854,21.4588726466,-13.946929893533117,1.015419104920005
N2188-1.Q2.I.170105_0645.C.047225.061035N3413.0060.nh.fits,2017-01-05T06:45:00.000,C,1002.0,370.281585648,92.6547676937,-34.1411927986,54.5584773269,34.3845231683,19.2662309836,0.0361667232648,22.3462810904,-17.345709818633118,0.03782974548795298
N2188-1.Q2.I.161216_0153.S.046105.061035N3413.0060.nh.fits,2016-12-16T01:53:00.000,S,1003.0,350.078854167,92.6548014357,-34.1411298868,42.8023031038,1.80377370184,19.5309834823,0.613752425527,18.7332698009,-17.080957319933116,0.6138526676754337
N2188-1.Q2.I.170207_1921.S.055231.061035N3413.0060.nh.fits,2017-02-07T19:21:00.000,S,1004.0,403.806342593,92.654769914,-34.1411832839,59.8110443065,26.7003122994,19.1659540934,0.0433263374165,21.7105460169,-17.445986708833118,0.044723922970811514
N2188-1.Q2.I.161104_1658.A.031494.061035N3413.0060.nh.fits,2016-11-04T16:58:00.000,A,1005.0,308.707164352,92.6547846498,-34.1411861445,2.73952946351,1.15007192603,22.5297868825,0.962330564127,21.5292593698,-14.082153919733116,0.9623944993738072
N2188-1.Q2.I.170209_1104.A.044031.061035N3413.0060.nh.fits,2017-02-09T11:04:00.000,A,1006.0,405.461793981,92.6548311903,-34.141148696,60.7211335136,20.3838332536,19.1494791794,0.0564261272253,21.2116131325,-17.462461622833118,0.057506222320862076
N2188-1.Q2.I.170415_0124.C.004750.061035N3413.0060.nh.fits,2017-04-15T01:24:00.000,C,1007.0,470.058449074,92.6548401739,-34.1411701339,24.9199553632,10.4807795452,20.1211022159,0.106625147274,21.7396515326,-16.49083858633312,0.10720065206505446
N2188-1.Q2.I.170309_2053.S.061676.061035N3413.0060.nh.fits,2017-03-09T20:53:00.000,S,1008.0,433.870671296,92.6548014004,-34.1411240033,39.2160826366,16.5461545133,19.6264468401,0.0682637575307,20.7338663555,-16.985493962133116,0.06915922472223698
N2188-1.Q2.I.170418_0937.A.054901.061035N3413.0060.nh.fits,2017-04-18T09:37:00.000,A,1010.0,473.401354167,92.6548826389,-34.1411703335,22.3568771321,4.05558550229,20.2395081495,0.273393228013,20.1656110915,-16.372432652733117,0.2736181918209001
N2188-1.Q2.I.170125_0133.C.051505.061035N3413.0060.nh.fits,2017-01-25T01:33:00.000,C,1011.0,390.064594907,92.654792279,-34.1411385726,62.7548717596,21.1626572313,19.1135385478,0.0542678923469,21.4069901417,-17.498402254433117,0.05539008856957534
N2188-1.Q2.I.170208_2033.S.055475.061035N3413.0060.nh.fits,2017-02-08T20:33:00.000,S,1012.0,404.856643519,92.6547780454,-34.1411437477,55.7576329087,24.1853019958,19.2425124606,0.0471938974729,21.4544228339,-17.369428341633117,0.04848011685890692
N2188-1.Q2.I.170327_2032.S.000212.061035N3413.0060.nh.fits,2017-03-27T20:32:00.000,S,1013.0,451.856030093,92.6548574917,-34.1411876947,45.8889307453,23.8239858065,19.4550185921,0.0478406902077,21.8625891343,-17.156922210133118,0.04910997262796831
N2188-1.Q2.I.170109_0214.C.048072.061035N3413.0060.nh.fits,2017-01-09T02:14:00.000,C,1014.0,374.093599537,92.6548174367,-34.1411614066,49.7436225003,20.4019149428,19.3670245621,0.0561912144848,21.5868632927,-17.24491624013312,0.05727573969184048
N2188-1.Q2.I.161026_0755.C.033130.061035N3413.0060.nh.fits,2016-10-26T07:55:00.000,C,1015.0,299.330162037,92.6547591021,-34.1412061568,2.44058315379,1.95402796599,22.6558449869,0.566554257074,22.5247111427,-13.956095815333118,0.5666628485975084
N2188-1.Q2.I.170212_1304.A.044568.061035N3413.0060.nh.fits,2017-02-12T13:04:00.000,A,1016.0,408.544918981,92.6547801809,-34.14111151,26.2846995831,8.91779501946,20.0629349528,0.125785807592,20.0231239206,-16.54900584943312,0.1262740161852086
N2188-1.Q2.I.170205_2021.S.054897.061035N3413.0060.nh.fits,2017-02-05T20:21:00.000,S,1017.0,401.847939815,92.6548820597,-34.1411738231,43.2149056062,20.8164343418,19.5205174086,0.0545625152261,20.9291792578,-17.091423393633118,0.055678773691318566
N2188-1.Q2.I.170415_1750.S.004329.061035N3413.0060.nh.fits,2017-04-15T17:50:00.000,S,1018.0,470.743576389,92.6548877449,-34.1412018656,25.6550582116,4.72985782545,20.0893863462,0.234455510945,20.2345389618,-16.522554456033117,0.2347177973321403
N2188-1.Q2.I.170122_1153.A.042532.061035N3413.0060.nh.fits,2017-01-22T11:53:00.000,A,1019.0,387.495381944,92.6548453307,-34.1411469413,66.9166742757,41.7667702629,19.0434866495,0.0315153955947,22.5186144505,-17.568454152733118,0.03341074574835332
N2188-1.Q2.I.170311_1227.A.049035.061035N3413.0060.nh.fits,2017-03-11T12:27:00.000,A,1020.0,435.519097222,92.6548440233,-34.1411843481,60.5922130858,33.1838275778,19.1517978938,0.0360186104261,22.3141986144,-17.460142908433117,0.0376881688199073
N2188-1.Q2.I.170129_1928.S.053346.061035N3413.0060.nh.fits,2017-01-29T19:28:00.000,S,1021.0,394.811608796,92.6548299671,-34.1411910602,58.2218124824,31.951795646,19.1953336016,0.0371556203385,21.75042682,-17.416607200633116,0.038776254263523546
N2188-1.Q2.I.170208_0228.C.053798.061035N3413.0060.nh.fits,2017-02-08T02:28:00.000,C,1022.0,404.102824074,92.6548311493,-34.1411594239,64.1029899085,28.4383987758,19.0903506776,0.0425800043146,21.8622817786,-17.521590124633118,0.04400130156486315
N2188-1.Q2.I.170330_0244.C.000661.061035N3413.0060.nh.fits,2017-03-30T02:44:00.000,C,1023.0,454.11431713,92.6547651673,-34.1411757583,45.7656641764,22.0747539782,19.4579530324,0.0515220811999,21.4440633834,-17.15398776983312,0.0527027762374978
N2188-1.Q2.I.161207_1557.A.036489.061035N3413.0060.nh.fits,2016-12-07T15:57:00.000,A,1024.0,341.665196759,92.6548676619,-34.1411921613,-3.03051433322,-1.33652186421,nan,nan,21.4650589252,nan,nan
N2188-1.Q2.I.170307_1241.A.048111.061035N3413.0060.nh.fits,2017-03-07T12:41:00.000,A,1025.0,431.528946759,92.6547631545,-34.1411191988,50330176.8373,0.783781010609,4.28223585099,1.42263339182,1.68100261394,-32.329704951243116,1.422676641156819
N2188-1.Q2.I.170217_0110.C.056011.061035N3413.0060.nh.fits,2017-02-17T01:10:00.000,C,1027.0,413.048842593,92.6547986699,-34.1411724305,54.3417043539,35.7536540485,19.2705741958,0.0326975627135,22.1584693709,-17.34136660643312,0.03452808102652012
N2188-1.Q2.I.170207_0239.C.053591.061035N3413.0060.nh.fits,2017-02-07T02:39:00.000,C,1028.0,403.110648148,92.6547562173,-34.1412031557,65.2732563347,8.64822806635,19.0706139119,0.128778855279,20.4974148472,-17.541326890333117,0.1292557594033639
N2188-1.Q2.I.170119_2016.S.051614.061035N3413.0060.nh.fits,2017-01-19T20:16:00.000,S,1030.0,384.844733796,92.6547800441,-34.1411922417,75.0053465284,20.0841167453,18.9189972719,0.056379246454,20.5247886803,-17.692943530333118,0.05746022278665081
N2188-1.Q2.I.170120_2003.S.051849.061035N3413.0060.nh.fits,2017-01-20T20:03:00.000,S,1032.0,385.835671296,92.6548065702,-34.1411559323,45.6632275855,25.4880051421,19.460397621,0.0453166821001,21.1606791848,-17.15154318123312,0.046654683028954314
N2188-1.Q2.I.170114_0612.C.049386.061035N3413.0060.nh.fits,2017-01-14T06:12:00.000,C,1033.0,379.258761574,92.6548415455,-34.1411832026,61.0239646093,14.8300783473,19.1440518795,0.078109522432,21.0714497117,-17.467888922733117,0.07889331572779652
N2188-1.Q2.I.170113_0601.C.049142.061035N3413.0060.nh.fits,2017-01-13T06:01:00.000,C,1034.0,378.25087963,92.6548361707,-34.1411444578,57.2690386064,28.2666257428,19.2133341632,0.0416946930609,22.2087400975,-17.39860663903312,0.04314516428770825
N2188-1.Q2.I.170120_1855.S.051818.061035N3413.0060.nh.fits,2017-01-20T18:55:00.000,S,1035.0,385.788368056,92.6547900322,-34.1411699033,45.0245010038,15.4444263607,19.4757652755,0.0729788819327,20.8329303493,-17.13617552673312,0.07381717266407349
N2188-1.Q2.I.170108_0426.C.047885.061035N3413.0060.nh.fits,2017-01-08T04:26:00.000,C,1037.0,373.184733796,92.6548641072,-34.1411274255,58.7385024911,18.3919903703,19.1856946833,0.0618270516438,21.8046690487,-17.42624611893312,0.06281434618728261
N2188-1.Q2.I.161217_1523.A.037980.061035N3413.0060.nh.fits,2016-12-17T15:23:00.000,A,1038.0,351.641481481,92.6548155893,-34.1411740018,3.36706671206,1.18250133239,22.3047726096,0.936314360346,21.2778041355,-14.307168192633117,0.9363800719590897
N2188-1.Q2.I.161219_1404.A.038331.061035N3413.0060.nh.fits,2016-12-19T14:04:00.000,A,1039.0,353.586423611,92.6548122511,-34.1411692936,3.59138028894,2.31927368692,22.2344123097,0.477474700098,22.1806447503,-14.377528492533116,0.4776035458470192
N2188-1.Q2.I.170223_1941.S.057839.061035N3413.0060.nh.fits,2017-02-23T19:41:00.000,S,1041.0,419.820590278,92.6548815487,-34.1412170729,74.2551699735,24.4998572493,18.9299634715,0.0480974189552,21.6657482465,-17.68197733073312,0.04936010010243806
N2188-1.Q2.I.170218_0329.C.056328.061035N3413.0060.nh.fits,2017-02-18T03:29:00.000,C,1042.0,414.14525463,92.6548618839,-34.1411429123,63.2639589051,47.5436839485,19.1047241431,0.0258260639607,22.655668577,-17.507216659133118,0.028107709826181868
N2188-1.Q2.I.170330_1817.S.000986.061035N3413.0060.nh.fits,2017-03-30T18:17:00.000,S,1044.0,454.761979167,92.6548011868,-34.1411941318,48.5159705108,26.4211406682,19.3942865081,0.0433609635757,21.8648584607,-17.21765429413312,0.044757467915241315
N2188-1.Q2.I.170309_1106.A.048453.061035N3413.0060.nh.fits,2017-03-09T11:06:00.000,A,1045.0,433.462534722,92.6548623276,-34.141212878,47.2470949302,17.7749955882,19.4231986561,0.0635123315295,21.11993787,-17.18874214613312,0.06447382436527085
N2188-1.Q2.I.170311_0222.C.061233.061035N3413.0060.nh.fits,2017-03-11T02:22:00.000,C,1046.0,435.098645833,92.6548059393,-34.1411983391,63.8012767192,41.4295765726,19.0954975573,0.0326266848598,22.6815534554,-17.516443244933118,0.03446096831070444
N2188-1.Q2.I.161201_0415.C.040296.061035N3413.0060.nh.fits,2016-12-01T04:15:00.000,C,1047.0,335.17755787,92.6548210641,-34.1411851685,15.1040496795,1.80625089407,20.6673462988,0.613116526869,20.4585005036,-15.94459450343312,0.6132168729673669
N2188-1.Q2.I.170318_1823.S.063708.061035N3413.0060.nh.fits,2017-03-18T18:23:00.000,S,1048.0,442.766574074,92.6547743196,-34.1412100577,39.6412118516,21.7770875296,19.6146838636,0.052320060068,21.2052256648,-16.997256938633118,0.053483141806458995
N2188-1.Q2.I.170309_1840.S.061616.061035N3413.0060.nh.fits,2017-03-09T18:40:00.000,S,1049.0,433.778032407,92.654850918,-34.1411868782,63.9376186604,37.6387780653,19.0931687131,0.0313184203264,22.061688335,-17.51877208913312,0.03322500900995721
N2188-1.Q2.I.170119_1908.S.051584.061035N3413.0060.nh.fits,2017-01-19T19:08:00.000,S,1050.0,384.797650463,92.6548803112,-34.1411443506,52.9731779471,15.9012321563,19.2984001915,0.0710724105975,20.6154078861,-17.313540610733117,0.07193292236598137
N2188-1.Q2.I.170315_0959.A.049330.061035N3413.0060.nh.fits,2017-03-15T09:59:00.000,A,1051.0,439.41619213,92.6548618455,-34.1412149157,57.1051856455,2.83947490905,19.2164599573,0.390635285251,19.2918254218,-17.395480844933118,0.39079276330953316
N2188-1.Q2.I.170307_2108.S.061106.061035N3413.0060.nh.fits,2017-03-07T21:08:00.000,S,1052.0,431.880833333,92.6548392777,-34.141150585,54.0179991174,25.2621696877,19.2770922377,0.0453683017358,21.5844485841,-17.334848564533118,0.04670482388748797
N2188-1.Q2.I.170331_0237.C.000918.061035N3413.0060.nh.fits,2017-03-31T02:37:00.000,C,1053.0,455.109664352,92.6548069253,-34.141135567,42.8715949893,23.1079330278,19.5292187944,0.0496565603582,22.0786974228,-17.08272200783312,0.050880563662151324
N2188-1.Q2.I.161216_0050.S.046075.061035N3413.0060.nh.fits,2016-12-16T00:50:00.000,S,1054.0,350.035196759,92.6547780428,-34.1411377537,8.50010502164,3.27854857115,21.2945151127,0.337906034318,21.1092267945,-15.317425689533117,0.3380880740287774
N2188-1.Q2.I.170330_2028.S.001047.061035N3413.0060.nh.fits,2017-03-30T20:28:00.000,S,1055.0,454.85287037,92.6548144009,-34.1411229079,46.5344589549,20.2697456413,19.4397789651,0.0560649739896,21.5496797412,-17.172161837133118,0.057151894810454
N2188-1.Q2.I.161213_1551.A.037658.061035N3413.0060.nh.fits,2016-12-13T15:51:00.000,A,1056.0,347.660868056,92.6548621921,-34.1411146149,5.93219154151,1.01215040391,21.686912438,1.09343340721,20.2710960956,-14.925028364233118,1.0934896770316767
N2188-1.Q2.I.161206_0543.C.041539.061035N3413.0060.nh.fits,2016-12-06T05:43:00.000,C,1057.0,340.238831019,92.6548362118,-34.1411492913,-3.52231354488,-1.18338097264,nan,nan,22.1170736505,nan,nan
N2188-1.Q2.I.161029_1606.A.030276.061035N3413.0060.nh.fits,2016-10-29T16:06:00.000,A,1058.0,302.67099537,92.6548855034,-34.1412013803,-3.55947325136,-0.731739862532,nan,nan,20.1059895622,nan,nan
N2188-1.Q2.I.170416_0907.A.054231.061035N3413.0060.nh.fits,2017-04-16T09:07:00.000,A,1060.0,471.380277778,92.6548440393,-34.1411986095,25.2833296197,1.26483665815,20.1053092555,0.876396873304,18.6265139357,-16.506631546733118,0.8764670771392375
N2188-1.Q2.I.161119_0211.S.041915.061035N3413.0060.nh.fits,2016-11-19T02:11:00.000,S,1061.0,323.091319444,92.6548615671,-34.1411280169,1.85823556283,0.923458829737,22.9532478057,1.19838144385,21.5618945282,-13.65869299653312,1.1984327860735375
N2188-1.Q2.I.161219_0343.C.043815.061035N3413.0060.nh.fits,2016-12-19T03:43:00.000,C,1063.0,353.154872685,92.6548457112,-34.1411589059,-1.91163693433,-0.43145071726,nan,nan,21.5393353709,nan,nan
N2188-1.Q2.I.170311_1117.A.049002.061035N3413.0060.nh.fits,2017-03-11T11:17:00.000,A,1064.0,435.470729167,92.6547687349,-34.1411508126,57.5174621771,29.7096989961,19.2086120477,0.0392694363614,22.1030885535,-17.403328754533117,0.04080620546084526
N2188-1.Q2.I.170329_1818.S.000675.061035N3413.0060.nh.fits,2017-03-29T18:18:00.000,S,1065.0,453.762916667,92.6548861503,-34.1411503177,47.3354155483,29.0353789882,19.4211612138,0.0398762793751,21.8785491814,-17.190779588433116,0.04139052341746476
N2188-1.Q2.I.161116_0758.C.037426.061035N3413.0060.nh.fits,2016-11-16T07:58:00.000,C,1067.0,320.332071759,92.6548192482,-34.1411372597,-2.58597206653,-1.71105786614,nan,nan,22.5724750865,nan,nan
N2188-1.Q2.I.170327_1818.S.000149.061035N3413.0060.nh.fits,2017-03-27T18:18:00.000,S,1068.0,451.762928241,92.6548550117,-34.1411139775,47.2891052939,21.296467426,19.4222290569,0.0533341362206,21.8707496509,-17.189711745333117,0.05447557120736037
N2188-1.Q2.I.170328_1944.S.000420.061035N3413.0060.nh.fits,2017-03-28T19:44:00.000,S,1069.0,452.822349537,92.6547642299,-34.1412062138,44.8999322677,21.150337705,19.4787877704,0.0535626292878,21.3680839315,-17.133153031833118,0.054699296414057866
N2188-1.Q2.I.170206_0223.C.053379.061035N3413.0060.nh.fits,2017-02-06T02:23:00.000,C,1070.0,402.099710648,92.6548810389,-34.1411345253,58.7695211298,31.2305920753,19.1851187275,0.0373783260845,22.0546171597,-17.426822074733117,0.03898970419033577
N2188-1.Q2.I.161220_0005.S.047041.061035N3413.0060.nh.fits,2016-12-20T00:05:00.000,S,1073.0,354.0040625,92.6548554723,-34.1412093997,0.866734004786,0.385553412826,23.785259714,2.8700440728,21.4251132729,-12.82668108823312,2.870065511026949
N2188-1.Q2.I.170303_0324.C.059502.061035N3413.0060.nh.fits,2017-03-03T03:24:00.000,C,1075.0,427.142013889,92.6547837212,-34.1411343856,62.1900706235,42.2896233634,19.1234016556,0.0298378894202,22.4409666555,-17.48853914663312,0.03183327531095028
N2188-1.Q2.I.170301_0108.C.058965.061035N3413.0060.nh.fits,2017-03-01T01:08:00.000,C,1076.0,425.047685185,92.6548586767,-34.1411681796,54.9383015452,31.6853775582,19.2586623585,0.0367250198992,21.8249351506,-17.353278443733117,0.03836384832843688
N2188-1.Q2.I.161212_1658.A.037445.061035N3413.0060.nh.fits,2016-12-12T16:58:00.000,A,1077.0,346.707280093,92.6547958804,-34.1411470998,0.141250036467,0.0331193692624,25.7644576489,33.4107377416,20.7172162724,-10.847483153333119,33.410739583190114
N2188-1.Q2.I.170327_0050.C.065261.061035N3413.0060.nh.fits,2017-03-27T00:50:00.000,C,1078.0,451.03525463,92.6548594314,-34.1412108739,50.0411973068,38.5301307494,19.3605177703,0.0331352322079,22.8848958137,-17.25142303193312,0.034942830243729926
N2188-1.Q2.I.161025_1628.A.029616.061035N3413.0060.nh.fits,2016-10-25T16:28:00.000,A,1080.0,298.686458333,92.654756125,-34.1411248114,-0.17845447633,-0.0662770628405,nan,nan,21.228433569,nan,nan
N2188-1.Q2.I.161025_0820.C.032888.061035N3413.0060.nh.fits,2016-10-25T08:20:00.000,C,1081.0,298.347615741,92.6547857546,-34.1412104893,-2.27365158813,-1.86737901029,nan,nan,22.4798096235,nan,nan
N2188-1.Q2.I.161217_2345.S.046537.061035N3413.0060.nh.fits,2016-12-17T23:45:00.000,S,1082.0,351.990150463,92.6547938323,-34.1412095043,3.9949764996,2.01296427196,22.1182251902,0.549965219554,21.1583488558,-14.493715612033117,0.5500770859534598
N2188-1.Q2.I.161227_2049.S.048538.061035N3413.0060.nh.fits,2016-12-27T20:49:00.000,S,1083.0,361.867731481,92.6547569605,-34.1411508525,34.6820841954,3.83038354921,19.7604847005,0.289379074955,19.4851108795,-16.851456101733117,0.2895916207243956
N2188-1.Q2.I.170113_0241.C.049051.061035N3413.0060.nh.fits,2017-01-13T02:41:00.000,C,1084.0,378.112453704,92.6548367379,-34.1411960353,52.9801428626,10.1754906321,19.2982567631,0.110376698284,21.5317441202,-17.31368403913312,0.11093274221819202
N2188-1.Q2.I.170112_0710.C.048934.061035N3413.0060.nh.fits,2017-01-12T07:10:00.000,C,1085.0,377.299282407,92.6548621367,-34.1411226165,52.7044227817,13.1559569567,19.3039491153,0.0858683226049,21.199046306,-17.307991686933118,0.08658190687984328
N2188-1.Q2.I.170216_0210.C.055784.061035N3413.0060.nh.fits,2017-02-16T02:10:00.000,C,1086.0,412.090833333,92.654773815,-34.1411174073,56.1311378934,30.576199397,19.2352288712,0.0386335086465,21.7309102867,-17.376711931033118,0.04019459867083964
N2188-1.Q2.I.170227_2007.S.058907.061035N3413.0060.nh.fits,2017-02-27T20:07:00.000,S,1087.0,423.838819444,92.6547862669,-34.1411522633,61.7539370182,29.6941109242,19.1310793311,0.0406683326845,21.5680673647,-17.480861471133117,0.042154134498383955
N2188-1.Q2.I.170420_1003.A.055416.061035N3413.0060.nh.fits,2017-04-20T10:03:00.000,A,1088.0,475.419456019,92.6548780934,-34.1412040273,10.5847433272,3.12892946443,21.0552319414,0.354066507021,21.0978653353,-15.556708860833119,0.35424024216063105
N2188-1.Q2.I.161117_0649.C.037659.061035N3413.0060.nh.fits,2016-11-17T06:49:00.000,C,1089.0,321.284467593,92.6547762974,-34.1412179082,2.04398252967,0.997457833417,22.8493102584,1.10950120049,22.0989182315,-13.762630543833119,1.1095566554533038
N2188-1.Q2.I.170119_1224.A.042221.061035N3413.0060.nh.fits,2017-01-19T12:24:00.000,A,1092.0,384.516921296,92.6548731477,-34.1411898915,42.6455597477,14.6372619699,19.5349858995,0.0767846194468,20.7524717536,-17.076954902733117,0.07758179912557178
N2188-1.Q2.I.161228_1102.A.040068.061035N3413.0060.nh.fits,2016-12-28T11:02:00.000,A,1095.0,362.459976852,92.6548532503,-34.1411729324,56.7456375259,1.52368737425,19.2233505445,0.727922242193,18.3316275129,-17.388590257733117,0.7280067640147687
N2188-1.Q2.I.161027_0821.C.033416.061035N3413.0060.nh.fits,2016-10-27T08:21:00.000,C,1096.0,300.348078704,92.6548482761,-34.141199998,1.34640973636,1.15130065647,23.3047356975,0.961317899844,22.8508893036,-13.307205104733118,0.9613819024365132
N2188-1.Q2.I.170331_1056.A.051265.061035N3413.0060.nh.fits,2017-03-31T10:56:00.000,A,1097.0,455.456238426,92.6548687748,-34.1411265565,19.2316718073,3.22944527318,20.4037781311,0.34393654863,19.5230728117,-16.208162671133117,0.344115398166788
N2188-1.Q2.I.170203_0132.C.052947.061035N3413.0060.nh.fits,2017-02-03T01:32:00.000,C,1099.0,399.06412037,92.6548813233,-34.141190645,63.9693601302,34.8345585135,19.0926272527,0.036248244033,22.1349519092,-17.519313549533116,0.037907690083235
N2188-1.Q2.I.170305_0102.C.059922.061035N3413.0060.nh.fits,2017-03-05T01:02:00.000,C,1100.0,429.043356481,92.6548756586,-34.1411316501,56.9030531316,43.7029634001,19.2203283837,0.0285602876039,22.8286255643,-17.391612418533118,0.030638991497569847
N2188-1.Q2.I.170216_0106.C.055754.061035N3413.0060.nh.fits,2017-02-16T01:06:00.000,C,1101.0,412.045960648,92.6548524309,-34.1411466651,61.6083357703,20.1371400122,19.1336545662,0.0564286182024,20.8701654936,-17.478286236033117,0.057508666513864694
N2188-1.Q2.I.170223_0220.C.057605.061035N3413.0060.nh.fits,2017-02-23T02:20:00.000,C,1102.0,419.097268519,92.6548445184,-34.1411721799,60.845633769,33.8723203828,19.1472446325,0.0347830035948,21.7953789956,-17.464696169733116,0.036509109973355186
N2188-1.Q2.I.170227_1900.S.058877.061035N3413.0060.nh.fits,2017-02-27T19:00:00.000,S,1104.0,423.791701389,92.654803538,-34.1411128172,58.6756061491,41.7397510319,19.1868634803,0.0297941498881,22.2844842187,-17.425077321933117,0.03179228113119979
N2188-1.Q2.I.161213_0754.C.042944.061035N3413.0060.nh.fits,2016-12-13T07:54:00.000,C,1106.0,347.329548611,92.6548343504,-34.1411432966,2.83587293563,1.0560064723,22.4920797723,1.04817096537,21.9463880387,-14.11986102993312,1.0482296649192144
N2188-1.Q2.I.161202_1707.A.035733.061035N3413.0060.nh.fits,2016-12-02T17:07:00.000,A,1108.0,336.713240741,92.6548383027,-34.141136435,1.95134376757,0.7968618195,22.8999104637,1.38872907606,21.3284826519,-13.712030338533118,1.3887733812492344
N2188-1.Q2.I.170114_0400.C.049326.061035N3413.0060.nh.fits,2017-01-14T04:00:00.000,C,1110.0,379.167037037,92.6548364555,-34.1411426403,50.1371619599,12.2137516906,19.3584276492,0.0918293550402,21.7132860359,-17.25351315303312,0.09249696329647682
N2188-1.Q2.I.161218_0449.C.043606.061035N3413.0060.nh.fits,2016-12-18T04:49:00.000,C,1111.0,352.201331019,92.654758831,-34.1412016089,15.0357114687,0.508351738993,20.6722934876,2.176913368,19.6579819935,-15.939647314633117,2.1769416320951454
N2188-1.Q2.I.170108_0528.C.047915.061035N3413.0060.nh.fits,2017-01-08T05:28:00.000,C,1112.0,373.227905093,92.6547723199,-34.1411549644,52.194996479,12.2678043763,19.3145452052,0.0913817901482,21.4886219065,-17.297395597033116,0.09205264440883998
N2188-1.Q2.I.161203_0421.C.040773.061035N3413.0060.nh.fits,2016-12-03T04:21:00.000,C,1113.0,337.181319444,92.6547930275,-34.1411349044,6.06783141413,2.24526671485,21.6622487661,0.493151972076,21.6371776357,-14.949692036133118,0.4932767228791751
N2188-1.Q2.I.170119_1108.A.042190.061035N3413.0060.nh.fits,2017-01-19T11:08:00.000,A,1114.0,384.464016204,92.6547823793,-34.1412166395,53.1266670078,26.3135167029,19.295243756,0.0441406995047,22.0265496765,-17.316697046233116,0.045513285145492376
N2188-1.Q2.I.170412_1805.S.003905.061035N3413.0060.nh.fits,2017-04-12T18:05:00.000,S,1115.0,467.753587963,92.6547945368,-34.1411814569,31.1695559573,12.3023507646,19.8769776275,0.0909175748167,21.3757868409,-16.734963174733117,0.09159182923449512
N2188-1.Q2.I.161221_1131.A.038754.061035N3413.0060.nh.fits,2016-12-21T11:31:00.000,A,1116.0,355.480462963,92.6547612924,-34.141159015,2.12965775445,1.01253138755,22.8045146755,1.09299992329,21.3422997098,-13.80742612673312,1.0930562154271466
N2188-1.Q2.I.170410_1755.S.003295.061035N3413.0060.nh.fits,2017-04-10T17:55:00.000,S,1117.0,465.747175926,92.6548209645,-34.1411656485,34.3586675178,17.1465220804,19.7707057153,0.065753992907,21.7285624608,-16.841235086933118,0.06668317145415685
N2188-1.Q2.I.170319_1823.S.063895.061035N3413.0060.nh.fits,2017-03-19T18:23:00.000,S,1118.0,443.766041667,92.6547902775,-34.1411796605,45.79135278,23.6412572497,19.4573408472,0.0481543852299,21.3721730897,-17.154599955033117,0.04941561078080777
N2188-1.Q2.I.170208_0122.C.053768.061035N3413.0060.nh.fits,2017-02-08T01:22:00.000,C,1119.0,404.057048611,92.6547797645,-34.1411384538,59.2982355275,16.4270893867,19.1753480052,0.0685573151368,20.9650643735,-17.436592797033118,0.06944899733428252
N2188-1.Q2.I.170410_1903.S.003325.061035N3413.0060.nh.fits,2017-04-10T19:03:00.000,S,1120.0,465.79400463,92.6548580686,-34.1411204062,33.8469029477,20.1424454396,19.7870773657,0.0562659472152,21.9993648891,-16.824863436533118,0.057349059172704366
N2188-1.Q2.I.161129_0513.C.039849.061035N3413.0060.nh.fits,2016-11-29T05:13:00.000,C,1121.0,333.217418981,92.6548122309,-34.1411996598,0.398666056161,0.279109066772,24.6324984725,3.9646214236,22.2911697505,-11.979442329733118,3.96463694305545
N2188-1.Q2.I.170213_0115.C.054968.061035N3413.0060.nh.fits,2017-02-13T01:15:00.000,C,1122.0,409.052407407,92.6548791073,-34.1411874332,64.1160499127,10.9670469709,19.0901284364,0.102199222317,21.2603788424,-17.521812365833117,0.10279950784984462
N2188-1.Q2.I.170303_1305.A.047447.061035N3413.0060.nh.fits,2017-03-03T13:05:00.000,A,1123.0,427.545266204,92.6548538175,-34.141177473,47.4183644999,19.2685104967,19.4192511476,0.0589958835233,21.0943434899,-17.192689654633117,0.06002975965856813
N2188-1.Q2.I.170301_1240.A.047104.061035N3413.0060.nh.fits,2017-03-01T12:40:00.000,A,1124.0,425.527974537,92.6548797454,-34.1411118586,56.3979396167,24.0952376793,19.2300556789,0.0472581837438,21.4923523412,-17.381885123333117,0.04854269978826308
N2188-1.Q2.I.170331_0132.C.000888.061035N3413.0060.nh.fits,2017-03-31T01:32:00.000,C,1126.0,455.064027778,92.6548138861,-34.141113382,49.7416367755,31.6009583848,19.3670681127,0.0367062009977,22.3044691372,-17.244872689533118,0.038345833719639295
N2188-1.Q2.I.170211_0230.C.054505.061035N3413.0060.nh.fits,2017-02-11T02:30:00.000,C,1127.0,407.104282407,92.6547626121,-34.1411154961,62.5470663958,27.2841918427,19.1171570872,0.0428864675212,22.0448909415,-17.49478371503312,0.04429793300389552
N2188-1.Q2.I.170217_0217.C.056041.061035N3413.0060.nh.fits,2017-02-17T02:17:00.000,C,1128.0,413.095671296,92.6548370379,-34.141173744,65.2609966831,47.8556085899,19.0708188334,0.0267663507603,22.7275643049,-17.541121968833117,0.028974045368123622
N2188-1.Q2.I.161217_0143.S.046346.061035N3413.0060.nh.fits,2016-12-17T01:43:00.000,S,1130.0,351.071886574,92.6548001233,-34.1411542274,-2.76771640319,-1.05066906344,nan,nan,21.2893964156,nan,nan
N2188-1.Q2.I.170321_0153.C.063670.061035N3413.0060.nh.fits,2017-03-21T01:53:00.000,C,1131.0,445.078969907,92.6548699128,-34.141184122,57.64717588,26.1792082697,19.2061545064,0.0454804428882,21.857394574,-17.405786295833117,0.04681376354532389
N2188-1.Q2.I.170208_1920.S.055444.061035N3413.0060.nh.fits,2017-02-08T19:20:00.000,S,1132.0,404.806215278,92.6548233041,-34.1411649786,50.8995571584,22.2927392871,19.3419633556,0.0514592212827,21.1745622661,-17.269977446633117,0.05264132622752355
N2188-1.Q2.I.170131_1928.S.053840.061035N3413.0060.nh.fits,2017-01-31T19:28:00.000,S,1133.0,396.811388889,92.6548115629,-34.1412154209,61.7290250785,44.8522179367,19.1315195153,0.0279582515812,22.3230592153,-17.48042128693312,0.0300785904498257
N2188-1.Q2.I.170327_1031.A.050455.061035N3413.0060.nh.fits,2017-03-27T10:31:00.000,A,1134.0,451.438634259,92.6548236225,-34.1411953249,52.2423703141,37.0180942727,19.3135554755,0.0322494586228,22.6119319394,-17.29838532673312,0.03410403720139835
N2188-1.Q2.I.170220_0213.C.056830.061035N3413.0060.nh.fits,2017-02-20T02:13:00.000,C,1135.0,416.0928125,92.6548013304,-34.141217984,63.8915181832,37.6338613683,19.093955595,0.0335773630612,22.4608987272,-17.517985207233117,0.03536236816326519
N2188-1.Q2.I.161116_1612.A.033215.061035N3413.0060.nh.fits,2016-11-16T16:12:00.000,A,1136.0,320.675289352,92.6547913327,-34.1411910807,2.05208736232,1.36184170136,22.8449929686,0.812755950851,22.2392272902,-13.766947833633118,0.8128316513372766
N2188-1.Q2.I.170125_1951.S.052601.061035N3413.0060.nh.fits,2017-01-25T19:51:00.000,S,1139.0,390.82755787,92.6547778103,-34.1411495447,54.2598357595,29.6190049597,19.2722190044,0.0391172877422,21.6316398927,-17.339721797833118,0.04065980782390325
N2188-1.Q2.I.161121_1730.A.034148.061035N3413.0060.nh.fits,2016-11-21T17:30:00.000,A,1140.0,325.729652778,92.6547776931,-34.1411420864,4.70105561189,1.73710175427,21.9406741166,0.637245769611,21.0786580445,-14.671266685633118,0.6373423167020109
N2188-1.Q2.I.161201_1728.A.035676.061035N3413.0060.nh.fits,2016-12-01T17:28:00.000,A,1142.0,335.728217593,92.6547931608,-34.1411605985,-2.85924810408,-1.10673541061,nan,nan,21.3888688865,nan,nan
N2188-1.Q2.I.170319_1928.S.063925.061035N3413.0060.nh.fits,2017-03-19T19:28:00.000,S,1143.0,443.811446759,92.6547895933,-34.1411905831,47.382911763,24.8616750941,19.4200671089,0.0458508926043,21.4731632945,-17.191873693333118,0.04717374401700301
N2188-1.Q2.I.161116_0026.S.041445.061035N3413.0060.nh.fits,2016-11-16T00:26:00.000,S,1144.0,320.01869213,92.654789236,-34.1411968034,2.18531958544,1.91479187706,22.7763673587,0.578158888391,22.6462236299,-13.835573443533118,0.5782653007033082
N2188-1.Q2.I.170217_0332.C.056071.061035N3413.0060.nh.fits,2017-02-17T03:32:00.000,C,1145.0,413.147384259,92.6547612941,-34.1411157515,73.1153282257,20.9387743436,18.9468397472,0.0551132432344,21.6911068584,-17.66510105503312,0.05621856767816849
N2188-1.Q2.I.161208_0602.C.042051.061035N3413.0060.nh.fits,2016-12-08T06:02:00.000,C,1146.0,342.251782407,92.6548751314,-34.1412014089,1.23021245613,0.607673826899,23.4031988718,1.82104047829,21.6767093805,-13.208741930433117,1.8210742657405938
N2188-1.Q2.I.161213_1705.A.037690.061035N3413.0060.nh.fits,2016-12-13T17:05:00.000,A,1147.0,347.711990741,92.654802266,-34.1412173178,nan,nan,nan,nan,nan,nan,nan
N2188-1.Q2.I.170122_0231.C.051104.061035N3413.0060.nh.fits,2017-01-22T02:31:00.000,C,1148.0,387.105092593,92.6548729119,-34.1411357149,58.0613870513,24.38154899,19.1983437677,0.0467678849429,21.582015221,-17.41359703453312,0.048065505656374886
N2188-1.Q2.I.170216_0438.C.055844.061035N3413.0060.nh.fits,2017-02-16T04:38:00.000,C,1149.0,412.193738426,92.6547814439,-34.1411625178,64.8260191316,30.8907641529,19.0781145584,0.0381728849028,21.9306982754,-17.53382624383312,0.039752068043978406
N2188-1.Q2.I.170207_2026.S.055261.061035N3413.0060.nh.fits,2017-02-07T20:26:00.000,S,1150.0,403.851469907,92.654783964,-34.1411962435,58.5958155177,13.6415701358,19.1883480265,0.0822438753541,21.1415717541,-17.423592775733116,0.08298863057811841
N2188-1.Q2.I.161220_2239.S.047229.061035N3413.0060.nh.fits,2016-12-20T22:39:00.000,S,1152.0,354.94412037,92.6547772725,-34.141150986,1.37414822239,0.668267428782,23.2824885793,1.65592117759,21.5758489628,-13.329452222933117,1.655958334066115
N2188-1.Q2.I.170117_0233.C.049993.061035N3413.0060.nh.fits,2017-01-17T02:33:00.000,C,1153.0,382.10693287,92.6548798672,-34.1411861074,55.764662099,31.1522679588,19.2423749369,0.0373812634887,22.1411748416,-17.36956586533312,0.03899252020557647
N2188-1.Q2.I.161219_1726.A.038423.061035N3413.0060.nh.fits,2016-12-19T17:26:00.000,A,1154.0,353.726736111,92.6548422512,-34.1411896165,4.8878461496,1.47250807716,21.8981657041,0.751694594437,21.0285475207,-14.71377509813312,0.7517764435507253
N2188-1.Q2.I.170108_0630.C.047945.061035N3413.0060.nh.fits,2017-01-08T06:30:00.000,C,1155.0,373.271319444,92.6548670449,-34.1411607445,49.1210713161,37.9387841295,19.3807641441,0.033324565965,22.8953256093,-17.23117665813312,0.03512242116834074
N2188-1.Q2.I.161214_0047.S.045625.061035N3413.0060.nh.fits,2016-12-14T00:47:00.000,S,1157.0,348.033125,92.6548214384,-34.1411557545,24.4860092861,1.64492135017,20.1402668925,0.673076197484,18.772012007,-16.471673909733116,0.6731676057205154
N2188-1.Q2.I.170303_2122.S.059913.061035N3413.0060.nh.fits,2017-03-03T21:22:00.000,S,1158.0,427.890833333,92.6547740722,-34.1411754045,62.5068976516,31.2473620395,19.1178579367,0.0370431018022,21.6054203751,-17.49408286553312,0.03866845178047379
N2188-1.Q2.I.161217_1310.A.037921.061035N3413.0060.nh.fits,2016-12-17T13:10:00.000,A,1159.0,351.548726852,92.6547687916,-34.1411933952,-0.327610171244,-0.110408667759,nan,nan,21.2016092812,nan,nan
N2188-1.Q2.I.170309_0959.A.048422.061035N3413.0060.nh.fits,2017-03-09T09:59:00.000,A,1160.0,433.416226852,92.654840905,-34.1412076747,62.6179822568,27.5291108477,19.1159208714,0.042244415112,21.6820270716,-17.496019930833118,0.04367663425821233
N2188-1.Q2.I.161207_0610.C.041803.061035N3413.0060.nh.fits,2016-12-07T06:10:00.000,C,1161.0,341.257222222,92.6548487561,-34.1411472385,-3.77521563598,-3.09449594858,nan,nan,22.9299734131,nan,nan
N2188-1.Q2.I.161115_1719.A.033017.061035N3413.0060.nh.fits,2016-11-15T17:19:00.000,A,1162.0,319.722025463,92.6547745444,-34.1411760201,-0.640183098349,-0.252425239715,nan,nan,21.6797041368,nan,nan
N2188-1.Q2.I.170416_1015.A.054263.061035N3413.0060.nh.fits,2017-04-16T10:15:00.000,A,1163.0,471.427118056,92.6547848644,-34.1411545368,19.5100608373,6.83289402354,20.3880992707,0.162680878266,20.8686439385,-16.223841531533118,0.1630586579282676
N2188-1.Q2.I.161225_2053.S.048043.061035N3413.0060.nh.fits,2016-12-25T20:53:00.000,S,1164.0,359.870277778,92.6548293582,-34.1411112084,28.4976405623,16.7716505311,19.9747489653,0.0674621175464,21.9744048088,-16.637191836933116,0.06836808521389906
N2188-1.Q2.I.161026_1624.A.029737.061035N3413.0060.nh.fits,2016-10-26T16:24:00.000,A,1165.0,299.683935185,92.6548852693,-34.1411358583,0.925925337829,0.0668812303814,23.7131900999,16.5447873557,19.4185199988,-12.898750702333118,16.544791074628368
N2188-1.Q2.I.170227_2115.S.058938.061035N3413.0060.nh.fits,2017-02-27T21:15:00.000,S,1167.0,423.885694444,92.6547759245,-34.1411948427,56.2561646499,25.5347469706,19.2328015914,0.0462930887278,21.496472554,-17.379139210833117,0.047603653598548894
N2188-1.Q2.I.161223_1145.A.039209.061035N3413.0060.nh.fits,2016-12-23T11:45:00.000,A,1168.0,357.490266204,92.6547819486,-34.141200484,-10.171434609,-2.22745840156,nan,nan,20.0909790843,nan,nan
N2188-1.Q2.I.161121_0756.C.038502.061035N3413.0060.nh.fits,2016-11-21T07:56:00.000,C,1169.0,325.330949074,92.6548466848,-34.141203007,-0.0495409979388,-0.040984072656,nan,nan,23.021600595,nan,nan
N2188-1.Q2.I.170317_0938.A.049706.061035N3413.0060.nh.fits,2017-03-17T09:38:00.000,A,1170.0,441.401493056,92.6548319618,-34.1411209174,53.857421539,22.1864623674,19.280340093,0.0513622539075,21.2686669423,-17.33160070923312,0.05254654030884596
N2188-1.Q2.I.161120_0642.C.038309.061035N3413.0060.nh.fits,2016-11-20T06:42:00.000,C,1173.0,324.279259259,92.6548003225,-34.1411134589,5.87367546254,1.12428914354,21.6977271468,0.984390837451,20.9009206261,-14.91421365543312,0.9844533399960873
N2188-1.Q2.I.161205_0756.C.041353.061035N3413.0060.nh.fits,2016-12-05T07:56:00.000,C,1174.0,339.330740741,92.6547803677,-34.1411456391,-0.323299898,-0.228768696999,nan,nan,22.5419482323,nan,nan
N2188-1.Q2.I.161024_1731.A.029383.061035N3413.0060.nh.fits,2016-10-24T17:31:00.000,A,1175.0,297.730520833,92.6548414767,-34.1411266377,0.903598703085,0.692957046188,23.7398182288,1.59694014959,22.2639148948,-12.872122573433117,1.5969786783625204
N2188-1.Q2.I.161218_0157.S.046598.061035N3413.0060.nh.fits,2016-12-18T01:57:00.000,S,1176.0,352.081655093,92.6548754382,-34.1411292563,-4.0858270418,-2.08142715513,nan,nan,21.8432900797,nan,nan
N2188-1.Q2.I.170305_2109.S.060508.061035N3413.0060.nh.fits,2017-03-05T21:09:00.000,S,1177.0,429.881875,92.6548177906,-34.1411286842,59.7530616298,37.7836939929,19.1670122048,0.0315840099901,22.3488986114,-17.44492859743312,0.033475475486173606
N2188-1.Q2.I.170110_0217.C.048313.061035N3413.0060.nh.fits,2017-01-10T02:17:00.000,C,1178.0,375.095381944,92.6547595457,-34.1411578985,55.4524978106,29.5031763704,19.2484990965,0.0426253555325,22.4276213467,-17.363441705733116,0.0440451893654994
N2188-1.Q2.I.161220_0358.C.044064.061035N3413.0060.nh.fits,2016-12-20T03:58:00.000,C,1179.0,354.165555556,92.6547884676,-34.141127962,-0.712733761582,-0.470573281102,nan,nan,22.9016162691,nan,nan
N2188-1.Q2.I.161130_0511.C.040092.061035N3413.0060.nh.fits,2016-11-30T05:11:00.000,C,1180.0,334.216064815,92.6548212827,-34.1411376615,-0.613442234236,-0.455420592819,nan,nan,22.6151479565,nan,nan
N2188-1.Q2.I.170118_0131.C.050177.061035N3413.0060.nh.fits,2017-01-18T01:31:00.000,C,1181.0,383.063483796,92.6547667807,-34.1411587755,62.2036353714,43.1015380997,19.1231637267,0.0294134760405,22.8048357153,-17.488777075533118,0.03143581309200926
N2188-1.Q2.I.170420_0859.A.055386.061035N3413.0060.nh.fits,2017-04-20T08:59:00.000,A,1182.0,475.374525463,92.6548334742,-34.1411894694,17.7464610283,14.1078090617,20.4914601929,0.0795700702472,22.6000775917,-16.120480609333118,0.08033961570181311
N2188-1.Q2.I.170305_2000.S.060477.061035N3413.0060.nh.fits,2017-03-05T20:00:00.000,S,1183.0,429.833553241,92.6548796661,-34.1411707323,60.4498298475,41.889631378,19.1543644854,0.0284193115658,22.3092271054,-17.45757631683312,0.030507622684252
N2188-1.Q2.I.170331_0023.C.000858.061035N3413.0060.nh.fits,2017-03-31T00:23:00.000,C,1184.0,455.016493056,92.6547834778,-34.1411453037,46.2724006314,34.8896584057,19.4459399902,0.0337305665841,22.4898700474,-17.16600081203312,0.035507870874709975
N2188-1.Q2.I.170227_1255.A.046949.061035N3413.0060.nh.fits,2017-02-27T12:55:00.000,A,1185.0,423.538842593,92.6548044628,-34.1411322466,53.1157453968,23.9529029394,19.2954680526,0.0489751575444,21.3476365699,-17.316472749633117,0.05021577270608782
N2188-1.Q2.I.170315_2047.S.062884.061035N3413.0060.nh.fits,2017-03-15T20:47:00.000,S,1187.0,439.86599537,92.6547699601,-34.1411894586,54.7599710663,20.6117926787,19.2622093497,0.055478009073,21.3803268237,-17.349731452533117,0.05657620756709081
N2188-1.Q2.I.161118_0753.C.037905.061035N3413.0060.nh.fits,2016-11-18T07:53:00.000,C,1188.0,322.328912037,92.6548788791,-34.1411124656,1.66555181061,1.26681968013,23.0726748682,0.873710139447,22.5998167454,-13.539265934033118,0.8737805591476999
N2188-1.Q2.I.170112_0605.C.048904.061035N3413.0060.nh.fits,2017-01-12T06:05:00.000,C,1189.0,377.253912037,92.6548499671,-34.14111996,61.2724063726,28.4612732488,19.1396194118,0.043224907296,22.2539750348,-17.47232139043312,0.04462566954924562
N2188-1.Q2.I.170206_2020.S.055046.061035N3413.0060.nh.fits,2017-02-06T20:20:00.000,S,1190.0,402.847534722,92.6548552426,-34.1411787275,59.0898741708,36.7985063457,19.1791881135,0.0329508692666,22.1559447957,-17.432752688733117,0.03476805369006493
N2188-1.Q2.I.161201_1402.A.035583.061035N3413.0060.nh.fits,2016-12-01T14:02:00.000,A,1191.0,335.585300926,92.6548729616,-34.141109598,2.34738471727,1.00114865898,22.6983212401,1.10544721945,21.6247989989,-13.913619562133118,1.105502877771789
N2188-1.Q2.I.161116_0132.S.041475.061035N3413.0060.nh.fits,2016-11-16T01:32:00.000,S,1193.0,320.064270833,92.6548860326,-34.1411493206,-483382.79207,-0.0380856898719,nan,nan,5.20170160952,nan,nan
N2188-1.Q2.I.170223_1319.A.046327.061035N3413.0060.nh.fits,2017-02-23T13:19:00.000,A,1194.0,419.554907407,92.654842741,-34.141121765,62.3143841514,39.8509568175,19.1212231054,0.0307321232022,22.3854280092,-17.49071769683312,0.03267294245221683
N2188-1.Q2.I.170329_1921.S.000705.061035N3413.0060.nh.fits,2017-03-29T19:21:00.000,S,1195.0,453.806493056,92.6548683943,-34.1411809431,38.8316623636,20.2538758946,19.6371937443,0.0558495285145,21.334071734,-16.97474705793312,0.056940562056082854
N2188-1.Q2.I.170131_1113.A.043573.061035N3413.0060.nh.fits,2017-01-31T11:13:00.000,A,1196.0,396.467905093,92.6548693418,-34.1412083114,65.5966823796,13.7741798303,19.0652216632,0.0826120152266,20.9486420617,-17.54671913903312,0.08335348122166622
N2188-1.Q2.I.170109_0430.C.048132.061035N3413.0060.nh.fits,2017-01-09T04:30:00.000,C,1197.0,374.187592593,92.6548532708,-34.1412113551,52.7942029981,29.5355994663,19.3020923034,0.0419362136565,22.3389083705,-17.30984849883312,0.043378609795777116
N2188-1.Q2.I.161207_0354.C.041743.061035N3413.0060.nh.fits,2016-12-07T03:54:00.000,C,1198.0,341.162986111,92.6547954524,-34.1411229726,2.23124029571,0.652173174228,22.7536805156,1.69695477599,21.5884450241,-13.858260286633119,1.6969910340149832
N2188-1.Q2.I.170404_1822.S.002463.061035N3413.0060.nh.fits,2017-04-04T18:22:00.000,S,1199.0,459.765868056,92.6548789227,-34.1411926795,50.3634617508,15.4514933671,19.3535146117,0.0729148115981,21.2078481621,-17.258426190533118,0.07375383056056879
N2188-1.Q2.I.170121_0244.C.050906.061035N3413.0060.nh.fits,2017-01-21T02:44:00.000,C,1201.0,386.114560185,92.6547686332,-34.1411591638,63.4439458033,36.4806263633,19.1016247874,0.0334474353967,22.1833706333,-17.51031601483312,0.03523902249761042
N2188-1.Q2.I.170117_1211.A.041922.061035N3413.0060.nh.fits,2017-01-17T12:11:00.000,A,1202.0,382.508055556,92.6547978619,-34.1412080061,62.1153929876,34.07281935,19.1247124493,0.0365176901257,22.1853470138,-17.48722835293312,0.03816542236222888
N2188-1.Q2.I.170215_0333.C.055558.061035N3413.0060.nh.fits,2017-02-15T03:33:00.000,C,1203.0,411.148032407,92.6547959122,-34.1411376381,66.1587117519,37.9610377141,19.0559142888,0.0353950711552,22.3811589265,-17.556026513433117,0.037092705941361895
N2188-1.Q2.I.170223_2206.S.057902.061035N3413.0060.nh.fits,2017-02-23T22:06:00.000,S,1204.0,419.921261574,92.6548685934,-34.1411993369,64.8320325211,27.1491288687,19.0780133646,0.0440451814758,21.6631898516,-17.533927437633118,0.045420653707392074
N2188-1.Q2.I.170416_1753.S.004649.061035N3413.0060.nh.fits,2017-04-16T17:53:00.000,S,1206.0,471.745787037,92.6547968507,-34.1411590346,17.2611764136,8.9582692728,20.5217081106,0.124305088338,21.5192170991,-16.09023269163312,0.12479908957475874
N2188-1.Q2.I.170121_0130.C.050873.061035N3413.0060.nh.fits,2017-01-21T01:30:00.000,C,1207.0,386.062986111,92.6548724153,-34.1411735167,59.2949972936,35.4616209418,19.1754075827,0.0341428188521,22.1602098244,-17.436533219533118,0.03589971937408409
N2188-1.Q2.I.170301_0340.C.059029.061035N3413.0060.nh.fits,2017-03-01T03:40:00.000,C,1208.0,425.152858796,92.654835946,-34.1411937691,60.3477282244,26.7244775901,19.1562086876,0.0450570426113,21.7424312907,-17.45573211463312,0.04640253075907798
N2188-1.Q2.I.170119_0311.C.050474.061035N3413.0060.nh.fits,2017-01-19T03:11:00.000,C,1209.0,384.133229167,92.6548508706,-34.1412157475,63.1154077,25.690991636,19.1072888287,0.0454156043394,22.0031841654,-17.504651973533118,0.04675077421266521
N2188-1.Q2.I.170125_0241.C.051535.061035N3413.0060.nh.fits,2017-01-25T02:41:00.000,C,1210.0,390.112361111,92.6548733969,-34.1411859588,58.3542761504,45.4490936023,19.1928543453,0.0265979740759,22.8188773888,-17.41908645693312,0.028818570348178654
N2188-1.Q2.I.170105_0330.C.047135.061035N3413.0060.nh.fits,2017-01-05T03:30:00.000,C,1211.0,370.145856481,92.6548666323,-34.1411774416,53.7768140803,35.4486464345,19.2819741185,0.033780131824,22.583286209,-17.32996668373312,0.03555495855738677
N2188-1.Q2.I.161207_0502.C.041773.061035N3413.0060.nh.fits,2016-12-07T05:02:00.000,C,1212.0,341.210081019,92.6548645292,-34.1412127476,1.28343156094,0.596509617146,23.3569966736,1.8551403645,22.1965828349,-13.254944128633117,1.855173530904633
N2188-1.Q2.I.170303_2007.S.059880.061035N3413.0060.nh.fits,2017-03-03T20:07:00.000,S,1213.0,427.838263889,92.6548112074,-34.1411542626,61.7159006304,39.7789728181,19.1317514906,0.0298452996788,22.3576637774,-17.48018931163312,0.031840221181519024
N2188-1.Q2.I.170227_1145.A.046917.061035N3413.0060.nh.fits,2017-02-27T11:45:00.000,A,1214.0,423.490034722,92.6548629662,-34.1411208149,47.1983834467,23.1145732468,19.4243239972,0.0496874493045,21.4411827193,-17.18761680503312,0.050910709976958006
N2188-1.Q2.I.170330_0140.C.000631.061035N3413.0060.nh.fits,2017-03-30T01:40:00.000,C,1215.0,454.070069444,92.6548321585,-34.1412054823,40.7476778529,20.6039933378,19.5846505389,0.0549286583669,21.413604029,-17.027290263333118,0.05603762380720909
N2188-1.Q2.I.170114_0242.C.049291.061035N3413.0060.nh.fits,2017-01-14T02:42:00.000,C,1216.0,379.113136574,92.6547885529,-34.1411816497,59.287855718,39.45370824,19.1755389859,0.0313533827752,23.0351110887,-17.436401816333117,0.03325796721717792
N2188-1.Q2.I.170414_0932.A.053764.061035N3413.0060.nh.fits,2017-04-14T09:32:00.000,A,1217.0,469.3978125,92.6548389253,-34.1411505518,28.7807729309,17.7621271723,19.9639635711,0.0636448646974,22.0262074078,-16.64797723113312,0.06460438510133058
N2188-1.Q2.I.161025_0714.C.032858.061035N3413.0060.nh.fits,2016-10-25T07:14:00.000,C,1218.0,298.301377315,92.6547618956,-34.1411547997,-1.74926606147,-0.948377225484,nan,nan,22.02593261,nan,nan
N2188-1.Q2.I.161201_1511.A.035614.061035N3413.0060.nh.fits,2016-12-01T15:11:00.000,A,1219.0,335.632893519,92.6548347789,-34.1411951739,1.57650037666,1.14440830368,23.1326214072,0.967076465517,22.1491241544,-13.47931939503312,0.9671400870240174
N2188-1.Q2.I.170201_1921.S.054072.061035N3413.0060.nh.fits,2017-02-01T19:21:00.000,S,1220.0,397.806666667,92.654765863,-34.1412181379,55.4790105313,40.4715459255,19.2479776217,0.0297296282151,22.2526789069,-17.36396318053312,0.03173182260411059
N2188-1.Q2.I.170112_0355.C.048844.061035N3413.0060.nh.fits,2017-01-12T03:55:00.000,C,1221.0,377.163298611,92.6548194422,-34.1411942172,54.8976565593,29.5989564175,19.2594697728,0.0407413902676,22.7187790004,-17.35247102943312,0.04222462140632602
N2188-1.Q2.I.161217_1620.A.038007.061035N3413.0060.nh.fits,2016-12-17T16:20:00.000,A,1222.0,351.680671296,92.6548765129,-34.1411398633,1.69553178668,0.609591199461,23.0532124219,1.81530201127,21.0198739337,-13.558728380333118,1.8153359055262688
N2188-1.Q2.I.170331_0946.A.051233.061035N3413.0060.nh.fits,2017-03-31T09:46:00.000,A,1224.0,455.407060185,92.6548531297,-34.1411310563,40.4751988446,17.3274140636,19.5919701878,0.0650576311584,21.0675197093,-17.019970614433117,0.06599661463979113
N2188-1.Q2.I.170120_0236.C.050690.061035N3413.0060.nh.fits,2017-01-20T02:36:00.000,C,1225.0,385.109027778,92.654842177,-34.1411731406,70.0880844902,5.28370220904,18.9929707258,0.210070266389,20.1946860449,-17.61897007643312,0.2103629591746515
N2188-1.Q2.I.161030_0559.C.034165.061035N3413.0060.nh.fits,2016-10-30T05:59:00.000,C,1226.0,303.249953704,92.6548356871,-34.1411439606,4.76988759591,2.28701476156,21.9248164734,0.48418642635,21.8864214594,-14.687124328833118,0.48431348652866835
N2188-1.Q2.I.170121_1201.A.042337.061035N3413.0060.nh.fits,2017-01-21T12:01:00.000,A,1227.0,386.501400463,92.6548309317,-34.141177156,55.1954371621,21.855406832,19.2535681516,0.0520042457769,21.2669633844,-17.358372650633118,0.053174235780073936
N2188-1.Q2.I.161027_0601.C.033356.061035N3413.0060.nh.fits,2016-10-27T06:01:00.000,C,1228.0,300.250902778,92.6548386308,-34.1412127782,-1.29198565836,-0.871482790729,nan,nan,22.3563715971,nan,nan
N2188-1.Q2.I.170330_1920.S.001016.061035N3413.0060.nh.fits,2017-03-30T19:20:00.000,S,1229.0,454.80599537,92.6548029315,-34.1411678336,51.3970948395,19.0211303153,19.3313512411,0.0594530303904,21.461734333,-17.28058956113312,0.060479092210221706
N2188-1.Q2.I.161227_1200.A.039856.061035N3413.0060.nh.fits,2016-12-27T12:00:00.000,A,1230.0,361.500092593,92.6548767541,-34.1411572908,38.0064555659,15.372451957,19.6606272205,0.0747063846345,21.3889732159,-16.951313581733118,0.07552550348808361
N2188-1.Q2.I.170121_1053.A.042307.061035N3413.0060.nh.fits,2017-01-21T10:53:00.000,A,1231.0,386.453703704,92.6547883563,-34.1411627693,59.514623165,20.8198299967,19.1713742288,0.0547969942586,21.3143124031,-17.440566573433117,0.05590857136207037
N2188-1.Q2.I.161129_0350.C.039812.061035N3413.0060.nh.fits,2016-11-29T03:50:00.000,C,1232.0,333.160162037,92.6548718442,-34.1411162351,2.11998823898,0.445973245015,22.8094793028,2.48137065008,21.0762123731,-13.802461499433118,2.4813954462863057
N2188-1.Q2.I.170227_1036.A.046887.061035N3413.0060.nh.fits,2017-02-27T10:36:00.000,A,1233.0,423.442303241,92.6547908094,-34.1411519624,60.7947378846,27.8383135579,19.1481575655,0.0418384763982,21.5621572266,-17.463783236733118,0.04328412964694348
N2188-1.Q2.I.161226_2100.S.048298.061035N3413.0060.nh.fits,2016-12-26T21:00:00.000,S,1234.0,360.875219907,92.6548540822,-34.1411791111,33.3797154069,17.3064646162,19.8022405677,0.0651765596373,21.5230471105,-16.809700234533118,0.06611385405590266
N2188-1.Q2.I.170309_0339.C.060791.061035N3413.0060.nh.fits,2017-03-09T03:39:00.000,C,1235.0,433.15275463,92.6547715916,-34.1411848024,80.156195695,12.075078716,18.8465389458,0.0980879251491,20.6335046385,-17.76540185643312,0.09871321508301772
N2188-1.Q2.I.170203_1919.S.054458.061035N3413.0060.nh.fits,2017-02-03T19:19:00.000,S,1236.0,399.805150463,92.6547874806,-34.1411124618,62.6822408786,39.598983283,19.114801914,0.0300288119555,22.1201267341,-17.497138888233117,0.03201229950237023
N2188-1.Q2.I.170117_1104.A.041891.061035N3413.0060.nh.fits,2017-01-17T11:04:00.000,A,1238.0,382.461168981,92.654834129,-34.1411293564,58.3706761396,33.9980655847,19.1925477865,0.0366325587105,22.335104464,-17.419393015733117,0.03827534623813223
N2188-1.Q2.I.161026_0646.C.033100.061035N3413.0060.nh.fits,2016-10-26T06:46:00.000,C,1239.0,299.282118056,92.6548430572,-34.1412167865,-1.10357670035,-0.428653872378,nan,nan,21.6458972227,nan,nan
N2188-1.Q2.I.170319_0038.C.063115.061035N3413.0060.nh.fits,2017-03-19T00:38:00.000,C,1240.0,443.026481481,92.6547740978,-34.1411958422,54.3046293506,24.3053293731,19.2713187565,0.0469695172963,21.5985026023,-17.340622045733117,0.04826171699202276
N2188-1.Q2.I.161218_1305.A.038171.061035N3413.0060.nh.fits,2016-12-18T13:05:00.000,A,1241.0,352.545810185,92.6548235784,-34.1411636287,0.796447591446,0.320358001308,23.8775220387,3.4558154643,20.5087188592,-12.734418763533117,3.45583326870192
N2188-1.Q2.I.161224_2052.S.047826.061035N3413.0060.nh.fits,2016-12-24T20:52:00.000,S,1242.0,358.870092593,92.6548550736,-34.1411232478,6.20824660773,3.16392245869,21.637290906,0.350199101072,20.9778667343,-14.974649896233117,0.35037475389018474
N2188-1.Q2.I.170329_0050.C.000338.061035N3413.0060.nh.fits,2017-03-29T00:50:00.000,C,1243.0,453.035243056,92.6547991646,-34.1411238204,46.710292192,16.5545179014,19.4356645223,0.0688117548828,21.4082325678,-17.176276279933116,0.06970018208025876
N2188-1.Q2.I.170221_1144.A.045774.061035N3413.0060.nh.fits,2017-02-21T11:44:00.000,A,1244.0,417.489571759,92.654846636,-34.1411860449,62.5608097305,37.1477569322,19.1169174019,0.0320367480178,22.0755268705,-17.495023400333118,0.03390296440617967
N2188-1.Q2.I.170111_0219.C.048558.061035N3413.0060.nh.fits,2017-01-11T02:19:00.000,C,1245.0,376.097013889,92.6547623875,-34.1412107384,55.3877411662,32.1252049917,19.2497738343,0.0386146539485,22.6623063774,-17.362166967933117,0.040176476594309264
N2188-1.Q2.I.161104_1549.A.031463.061035N3413.0060.nh.fits,2016-11-04T15:49:00.000,A,1246.0,308.659212963,92.6548045152,-34.1412016143,5.51909010387,1.47754879752,21.7656578126,0.749124894567,20.8717568512,-14.846282989633117,0.7492070244144736
N2188-1.Q2.I.170406_1801.S.002849.061035N3413.0060.nh.fits,2017-04-06T18:01:00.000,S,1247.0,461.750972222,92.654816524,-34.1411746513,25.3928981604,2.62432169034,20.1005917087,0.423316137562,19.0422862286,-16.511349093533116,0.42346146234619836
N2188-1.Q2.I.170303_1148.A.047417.061035N3413.0060.nh.fits,2017-03-03T11:48:00.000,A,1248.0,427.492337963,92.6548662491,-34.1411356071,42.0848615112,15.4391866434,19.5494246665,0.0731550539191,20.6436805053,-17.06251613573312,0.07399134872319264
N2188-1.Q2.I.170202_0254.C.052767.061035N3413.0060.nh.fits,2017-02-02T02:54:00.000,C,1250.0,398.121122685,92.6547582794,-34.1412173023,54.5126819812,38.0512810108,19.2671470889,0.0310722643247,22.4059332421,-17.344793713333118,0.03299308082363176
N2188-1.Q2.I.170123_1213.A.042716.061035N3413.0060.nh.fits,2017-01-23T12:13:00.000,A,1251.0,388.509224537,92.6547801134,-34.1412030656,59.9687770116,21.4176526374,19.1630808509,0.0538221236604,21.3522771371,-17.44885995133312,0.05495342361751507
N2188-1.Q2.I.170318_0029.C.062826.061035N3413.0060.nh.fits,2017-03-18T00:29:00.000,C,1252.0,442.020162037,92.6547707402,-34.1411738522,56.680782769,36.0956016605,19.224598105,0.0329760449868,22.3303821725,-17.38734269723312,0.03479191450527163
N2188-1.Q2.I.161225_1138.A.039411.061035N3413.0060.nh.fits,2016-12-25T11:38:00.000,A,1253.0,359.485115741,92.6548761427,-34.1411454725,22.0223099667,8.78686611001,20.2559574011,0.127018033645,21.3460025211,-16.355983401133116,0.12750152408113805
N2188-1.Q2.I.170327_0926.A.050424.061035N3413.0060.nh.fits,2017-03-27T09:26:00.000,A,1254.0,451.393402778,92.6547996703,-34.1412127309,48.1742679517,30.0602661515,19.401997342,0.0408659202363,22.4432460834,-17.209943460233116,0.04234478962907134
N2188-1.Q2.I.170309_1225.A.048491.061035N3413.0060.nh.fits,2017-03-09T12:25:00.000,A,1255.0,433.517743056,92.6547923743,-34.1412161564,51.0746774385,18.7181339261,19.3382163843,0.0604694535735,20.9380936739,-17.273724417933117,0.06147855388221445
N2188-1.Q2.I.170419_0943.A.055125.061035N3413.0060.nh.fits,2017-04-19T09:43:00.000,A,1257.0,474.405289352,92.6547801437,-34.1411158942,11.4016390592,4.9262000552,20.9741271046,0.225174535697,21.107422466,-15.637813697633117,0.22544761985510114
N2188-1.Q2.I.170404_1932.S.002494.061035N3413.0060.nh.fits,2017-04-04T19:32:00.000,S,1259.0,459.814155093,92.6548575424,-34.1412110731,38.4648745313,9.24351084707,19.647547361,0.120631868947,21.1710560292,-16.964393441233117,0.12114085016053361
N2188-1.Q2.I.161227_1054.A.039824.061035N3413.0060.nh.fits,2016-12-27T10:54:00.000,A,1260.0,361.454583333,92.6547946843,-34.1411903633,35.7692548886,12.5249414717,19.726812081,0.0898976562954,21.258135507,-16.88512872123312,0.09057950308638564
N2188-1.Q2.I.170112_0500.C.048874.061035N3413.0060.nh.fits,2017-01-12T05:00:00.000,C,1261.0,377.208888889,92.6548247276,-34.1411157125,57.5481741332,37.4600181936,19.208029682,0.0330794435495,22.8162786997,-17.40391112023312,0.03488993203655219
N2188-1.Q2.I.170329_0206.C.000369.061035N3413.0060.nh.fits,2017-03-29T02:06:00.000,C,1262.0,453.088090278,92.6548114142,-34.1411801478,49.493948202,20.8849289339,19.3725140594,0.0557271538393,21.4458403152,-17.239426742833118,0.056820537193867524
N2188-1.Q2.I.161219_2146.S.046980.061035N3413.0060.nh.fits,2016-12-19T21:46:00.000,S,1263.0,353.907314815,92.6547875924,-34.1412110028,3.9494431774,2.25348964068,22.1307308283,0.491325150042,21.5490210288,-14.481209973933119,0.4914503645697747
N2188-1.Q2.I.170211_1238.A.044425.061035N3413.0060.nh.fits,2017-02-11T12:38:00.000,A,1264.0,407.526493056,92.6548752929,-34.1411642911,62.0045956115,23.02473236,19.1266601482,0.0496842588912,21.3886039639,-17.48528065403312,0.050907596226284935
N2188-1.Q2.I.170331_2020.S.001313.061035N3413.0060.nh.fits,2017-03-31T20:20:00.000,S,1265.0,455.847685185,92.6547878839,-34.1411299941,48.7114243888,25.3822687775,19.3899002905,0.0454219182017,21.9435979501,-17.222040511733116,0.04675690777941373
N2188-1.Q2.I.161220_0115.S.047073.061035N3413.0060.nh.fits,2016-12-20T01:15:00.000,S,1267.0,354.052592593,92.6547683525,-34.1411249395,4.32155627157,1.900656864,22.0325008202,0.582442438407,21.1783234025,-14.579439982033119,0.5825480682565711
N2188-1.Q2.I.170122_0128.C.051074.061035N3413.0060.nh.fits,2017-01-22T01:28:00.000,C,1268.0,387.061701389,92.6548757082,-34.1411824149,61.9813576426,23.4880641257,19.1270690882,0.0522787200535,21.3602129991,-17.48487171403312,0.053442701488630756
N2188-1.Q2.I.170303_1858.S.059848.061035N3413.0060.nh.fits,2017-03-03T18:58:00.000,S,1270.0,427.790949074,92.6548502375,-34.1411646229,59.4779817637,45.0447409139,19.1720461001,0.0268204039075,22.3671306849,-17.439894702133117,0.029023987281766
N2188-1.Q2.I.161121_0649.C.038472.061035N3413.0060.nh.fits,2016-11-21T06:49:00.000,C,1271.0,325.284050926,92.6548069394,-34.1411210825,5.67665591224,1.14228192541,21.7349483962,0.968903424245,21.6132352601,-14.876992406033118,0.9689669257955388
N2188-1.Q2.I.161212_1558.A.037418.061035N3413.0060.nh.fits,2016-12-12T15:58:00.000,A,1272.0,346.665578704,92.6548545127,-34.1411483466,-0.488810931047,-0.103586230387,nan,nan,20.5647043168,nan,nan
N2188-1.Q2.I.170123_0139.C.051269.061035N3413.0060.nh.fits,2017-01-23T01:39:00.000,C,1273.0,388.068981481,92.6548256751,-34.1411904541,60.7579579038,24.3113354329,19.1488177736,0.047819134844,21.5688373593,-17.463123028633117,0.049088974619555144
N2188-1.Q2.I.170404_0021.C.001940.061035N3413.0060.nh.fits,2017-04-04T00:21:00.000,C,1274.0,459.015011574,92.6548259306,-34.1411215669,50.5334914842,5.04907795088,19.3498377172,0.220036602645,19.6702022989,-17.262103085033118,0.22031605541930957
N2188-1.Q2.I.170305_1851.S.060446.061035N3413.0060.nh.fits,2017-03-05T18:51:00.000,S,1275.0,429.785972222,92.6548581448,-34.1411781272,59.3538695904,33.3582351675,19.1743249494,0.0349815794026,21.811395358,-17.43761585283312,0.03669834695829067
N2188-1.Q2.I.170307_1857.S.061045.061035N3413.0060.nh.fits,2017-03-07T18:57:00.000,S,1276.0,431.790150463,92.6547583312,-34.1411560632,60.8790977197,38.3248433425,19.1466447968,0.0310905247849,22.1344031893,-17.465296005433117,0.033010278753308864
N2188-1.Q2.I.170209_1351.A.044075.061035N3413.0060.nh.fits,2017-02-09T13:51:00.000,A,1277.0,405.577106481,92.6547711219,-34.1411105562,65.4467794505,36.4443211783,19.067717573,0.0343119592099,22.2648659515,-17.54422322923312,0.036060620027843604
N2188-1.Q2.I.170125_2101.S.052632.061035N3413.0060.nh.fits,2017-01-25T21:01:00.000,S,1280.0,390.875775463,92.6548161073,-34.1411534146,51.0092546559,26.7206353952,19.3396147013,0.0431820675737,21.1875213814,-17.272326100933117,0.0445841758016257
N2188-1.Q2.I.170109_0326.C.048102.061035N3413.0060.nh.fits,2017-01-09T03:26:00.000,C,1281.0,374.143391204,92.6548377296,-34.1412008787,56.2597719703,25.9511320076,19.2327316387,0.0442830889018,22.0690086658,-17.37920916353312,0.04565139356750674
N2188-1.Q2.I.161217_2241.S.046507.061035N3413.0060.nh.fits,2016-12-17T22:41:00.000,S,1282.0,351.945486111,92.6548286931,-34.1411108218,1.8133904493,1.22565493467,22.9798987272,0.90298876578,22.0984582657,-13.63204207503312,0.9030569023582392
N2188-1.Q2.I.170327_1138.A.050486.061035N3413.0060.nh.fits,2017-03-27T11:38:00.000,A,1283.0,451.485381944,92.6547878317,-34.1411229635,50.4903152921,29.3317568144,19.3507702295,0.0396927657744,22.0838075382,-17.261170572733118,0.04121375288410476
N2188-1.Q2.I.170327_0209.C.065293.061035N3413.0060.nh.fits,2017-03-27T02:09:00.000,C,1284.0,451.089872685,92.654795428,-34.1412029492,55.0529855297,37.9671083676,19.2563873733,0.0352067639993,22.7646035603,-17.355553428933117,0.03691306006379151
N2188-1.Q2.I.161217_1417.A.037952.061035N3413.0060.nh.fits,2016-12-17T14:17:00.000,A,1286.0,351.595590278,92.6548103008,-34.1411560327,1.41922356244,0.502631056422,23.2472772914,2.20157442298,21.1115462785,-13.364663510833118,2.201602370477396
N2188-1.Q2.I.170109_0537.C.048162.061035N3413.0060.nh.fits,2017-01-09T05:37:00.000,C,1287.0,374.234340278,92.6548808701,-34.1411907373,53.3682112835,27.8542416485,19.290294924,0.0414360215556,22.0731727708,-17.321645878233117,0.04289524046239654
N2188-1.Q2.I.170204_1922.S.054657.061035N3413.0060.nh.fits,2017-02-04T19:22:00.000,S,1288.0,400.807002315,92.6547895904,-34.1411242931,62.4526236373,11.3957912049,19.1188056054,0.0981104319731,20.1733669329,-17.49313519683312,0.09873557937197187
N2188-1.Q2.I.170417_1917.S.005002.061035N3413.0060.nh.fits,2017-04-17T19:17:00.000,S,1289.0,472.80380787,92.6548508217,-34.1411575662,18.4488416755,9.30634205719,20.4491145444,0.119686192591,21.4138865136,-16.162826257833117,0.1201991783204054
N2188-1.Q2.I.161120_0033.S.042069.061035N3413.0060.nh.fits,2016-11-20T00:33:00.000,S,1290.0,324.023402778,92.6547816111,-34.1411866449,3.48425015451,0.340724515196,22.2674503014,3.24765351815,19.4849132386,-14.344490500833118,3.2476724637383065
N2188-1.Q2.I.161217_0039.S.046316.061035N3413.0060.nh.fits,2016-12-17T00:39:00.000,S,1291.0,351.027569444,92.6548010726,-34.1411870992,5.13186377802,1.72368031247,21.8450178323,0.642188255753,21.5162239657,-14.766922969933116,0.642284059897995
N2188-1.Q2.I.161219_0711.C.043902.061035N3413.0060.nh.fits,2016-12-19T07:11:00.000,C,1292.0,353.299675926,92.6548110588,-34.1411215735,3.28631680109,0.362486000064,22.3312548523,3.05276941682,20.6130596434,-14.280685949933119,3.0527895718577613
N2188-1.Q2.I.170112_0140.C.048783.061035N3413.0060.nh.fits,2017-01-12T01:40:00.000,C,1293.0,377.07005787,92.6548005565,-34.1411468496,57.9366418399,1.21825562924,19.2006901966,0.909177284493,18.8292039955,-17.411250605633118,0.9092449573190032
N2188-1.Q2.I.170307_1134.A.048079.061035N3413.0060.nh.fits,2017-03-07T11:34:00.000,A,1294.0,431.482222222,92.654830519,-34.1411494634,56.7380574024,13.7933699994,19.2234962839,0.0824652768247,20.582015092,-17.388444518333117,0.08320805041427828
N2188-1.Q2.I.170121_2022.S.052069.061035N3413.0060.nh.fits,2017-01-21T20:22:00.000,S,1295.0,386.847777778,92.6548313176,-34.1411361697,58.0928999007,37.4453738891,19.1977518159,0.0322675263033,22.1441037312,-17.41418898633312,0.03412112286699883
N2188-1.Q2.I.170319_0143.C.063146.061035N3413.0060.nh.fits,2017-03-19T01:43:00.000,C,1296.0,443.072060185,92.6548626136,-34.1411184852,52.5983604834,35.3114485476,19.3061467488,0.0335438426606,22.4484961941,-17.305794053433118,0.035330541354609356
N2188-1.Q2.I.161207_0720.C.041834.061035N3413.0060.nh.fits,2016-12-07T07:20:00.000,C,1297.0,341.30556713,92.65487401,-34.1411144026,-0.0878915515666,-0.0402816339449,nan,nan,22.3035543509,nan,nan
N2188-1.Q2.I.170404_1005.A.052106.061035N3413.0060.nh.fits,2017-04-04T10:05:00.000,A,1298.0,459.420671296,92.6548261616,-34.1411696418,30.2213794913,12.6926922464,19.910679451,0.0883162028153,20.7897274128,-16.701261351233118,0.08901016487842206
N2188-1.Q2.I.170205_0124.C.053158.061035N3413.0060.nh.fits,2017-02-05T01:24:00.000,C,1299.0,401.058530093,92.6548074459,-34.141207881,57.926812469,34.4960017626,19.2008752994,0.0339156360256,22.0630281023,-17.411065502833118,0.035683723726534625
N2188-1.Q2.I.170223_0104.C.057572.061035N3413.0060.nh.fits,2017-02-23T01:04:00.000,C,1301.0,419.045046296,92.6548130161,-34.1411585915,56.5780350055,22.34026594,19.2265775088,0.0512754634211,21.1886172847,-17.38536329343312,0.05246170909357832
N2188-1.Q2.I.170331_1812.S.001253.061035N3413.0060.nh.fits,2017-03-31T18:12:00.000,S,1302.0,455.758564815,92.6548218876,-34.1411651741,50.6529022102,38.6171178772,19.3472628468,0.0305616321488,22.6042602186,-17.26467795543312,0.03251263033913496
N2188-1.Q2.I.161119_0753.C.038139.061035N3413.0060.nh.fits,2016-11-19T07:53:00.000,C,1303.0,323.328784722,92.6548037187,-34.1411607291,-0.0774669433314,-0.0377301013487,nan,nan,22.0533879202,nan,nan
N2188-1.Q2.I.161212_0754.C.042700.061035N3413.0060.nh.fits,2016-12-12T07:54:00.000,C,1305.0,346.32931713,92.6547815366,-34.14113891,9.28345901324,1.36674749698,21.1983418545,0.809891935684,20.8139076425,-15.413598947733117,0.809967903844311
N2188-1.Q2.I.161202_0640.C.040592.061035N3413.0060.nh.fits,2016-12-02T06:40:00.000,C,1308.0,336.278344907,92.654839265,-34.1411973202,6.19812519363,1.08596701805,21.6390709488,1.01911811963,21.2533121121,-14.972869853433117,1.0191784924782106
N2188-1.Q2.I.161213_0645.C.042914.061035N3413.0060.nh.fits,2016-12-13T06:45:00.000,C,1309.0,347.28130787,92.6548395735,-34.1411744722,8.01100887937,0.898115068892,21.3591666539,1.232317414,20.8561729607,-15.252774148333117,1.2323673424022636
N2188-1.Q2.I.170215_0117.C.055498.061035N3413.0060.nh.fits,2017-02-15T01:17:00.000,C,1311.0,411.053993056,92.654792308,-34.1411201681,63.2800114796,35.0202859367,19.1044473615,0.0337598750909,22.3526251108,-17.507493440733118,0.03553571355867001
N2188-1.Q2.I.170303_0105.C.059441.061035N3413.0060.nh.fits,2017-03-03T01:05:00.000,C,1312.0,427.04525463,92.6548704156,-34.1411281689,58.8899880304,39.5403957327,19.1828847705,0.0311150454106,22.4026131173,-17.42905603173312,0.033033374379169526
N2188-1.Q2.I.161218_0556.C.043636.061035N3413.0060.nh.fits,2016-12-18T05:56:00.000,C,1313.0,352.247800926,92.6547762209,-34.1411749514,1.69551440429,0.616497595059,23.0532236062,1.79503568166,22.2333361471,-13.558717196033118,1.7950699585822696
N2188-1.Q2.I.170319_2033.S.063955.061035N3413.0060.nh.fits,2017-03-19T20:33:00.000,S,1314.0,443.856678241,92.6547639329,-34.1411458293,38.3576389741,18.5124472378,19.6505930428,0.0609960443932,21.0469168375,-16.961347759433117,0.061996574127833055
N2188-1.Q2.I.170303_0217.C.059472.061035N3413.0060.nh.fits,2017-03-03T02:17:00.000,C,1315.0,427.095833333,92.6547610268,-34.1411207591,61.7811998964,15.0722052145,19.1305978102,0.0757058230689,20.7095052724,-17.481342992033117,0.0765142432394797
N2188-1.Q2.I.161215_0151.S.045905.061035N3413.0060.nh.fits,2016-12-15T01:51:00.000,S,1318.0,349.077719907,92.6548495615,-34.1411785139,2.59357494827,2.00669299052,22.5895151411,0.551783682372,22.5871012096,-14.022425661133116,0.5518951801782426
N2188-1.Q2.I.161219_1622.A.038393.061035N3413.0060.nh.fits,2016-12-19T16:22:00.000,A,1319.0,353.681944444,92.6548852947,-34.1411135829,-0.514582365119,-0.201842672229,nan,nan,21.2661371585,nan,nan
N2188-1.Q2.I.170218_0223.C.056298.061035N3413.0060.nh.fits,2017-02-18T02:23:00.000,C,1320.0,414.099247685,92.6548686963,-34.1411780722,56.3458346718,37.9172222417,19.2310640499,0.0309832156111,22.1560971748,-17.38087675233312,0.032909230036185656
N2188-1.Q2.I.170321_0301.C.063700.061035N3413.0060.nh.fits,2017-03-21T03:01:00.000,C,1321.0,445.126157407,92.6548605712,-34.1411156201,52.2921039621,23.9241740718,19.31251741,0.0479619041803,21.7333607885,-17.299423392233116,0.0492280613529616
N2188-1.Q2.I.161228_2049.S.048659.061035N3413.0060.nh.fits,2016-12-28T20:49:00.000,S,1322.0,362.86744213,92.6548317346,-34.1411880454,36.2560613068,18.2010921023,19.420648094,0.0621699400052,21.3004723703,-17.191292708233117,0.06315187417821296
N2188-1.Q2.I.161121_1609.A.034115.061035N3413.0060.nh.fits,2016-11-21T16:09:00.000,A,1323.0,325.673414352,92.6547887229,-34.1411465894,1.22419373962,0.430004877943,23.4085493458,2.5735045082,20.5037767647,-13.203391456433117,2.573528416687427
N2188-1.Q2.I.161221_0159.S.047323.061035N3413.0060.nh.fits,2016-12-21T01:59:00.000,S,1324.0,355.082766204,92.654877217,-34.1411771633,4.52482276164,2.04941164845,21.9823577832,0.54019236314,21.2711302923,-14.629583019033117,0.5403062529406338
N2188-1.Q2.I.170320_0240.C.063432.061035N3413.0060.nh.fits,2017-03-20T02:40:00.000,C,1327.0,444.111215278,92.6548038369,-34.1412154209,55.5253759161,30.5766839881,19.2470662665,0.0391289131715,22.0922419498,-17.36487453573312,0.040670992340407185
N2188-1.Q2.I.170105_0223.C.047105.061035N3413.0060.nh.fits,2017-01-05T02:23:00.000,C,1328.0,370.099872685,92.6548131328,-34.1411298835,47.8399305555,18.526174751,19.4095950954,0.0612677468829,21.9516493393,-17.202345706833118,0.0622639107354957
N2188-1.Q2.I.161207_0236.C.041707.061035N3413.0060.nh.fits,2016-12-07T02:36:00.000,C,1329.0,341.108425926,92.6548379744,-34.1411955355,-17.267990076,-3.24872657597,nan,nan,20.8512544993,nan,nan
N2188-1.Q2.I.170318_0133.C.062856.061035N3413.0060.nh.fits,2017-03-18T01:33:00.000,C,1330.0,442.064710648,92.6548446442,-34.1411783687,56.1591271119,33.6071159577,19.2346850169,0.0369867137326,22.5715932857,-17.37725578533312,0.0386144372574297
N2188-1.Q2.I.170208_0119.C.053767.061035N3413.0060.nh.fits,2017-02-08T01:19:00.000,C,1331.0,404.055543981,92.654850334,-34.1411392746,57.4649937167,15.0372793004,19.209607684,0.0747801828602,20.871446725,-17.402333118233116,0.07559850210536993
N2188-1.Q2.I.170223_2053.S.057870.061035N3413.0060.nh.fits,2017-02-23T20:53:00.000,S,1333.0,419.8703125,92.6548481974,-34.1411762291,63.5786644466,32.8866537878,19.0993106946,0.0368514572458,21.9123828225,-17.512630107633118,0.038484901885150996
N2188-1.Q2.I.170119_0202.C.050444.061035N3413.0060.nh.fits,2017-01-19T02:02:00.000,C,1334.0,384.085358796,92.6548852033,-34.1411185437,65.3845160885,26.9135630544,19.0687559496,0.0454460520801,21.6558772705,-17.543184852633118,0.04678035294477624
N2188-1.Q2.I.161206_0429.C.041509.061035N3413.0060.nh.fits,2016-12-06T04:29:00.000,C,1335.0,340.186967593,92.6548536567,-34.1411122293,0.256161451396,0.0807763180579,25.1150423298,13.7046784631,21.9902393109,-11.496898472433116,13.704682952725648
N2188-1.Q2.I.170116_0130.C.049733.061035N3413.0060.nh.fits,2017-01-16T01:30:00.000,C,1336.0,381.063009259,92.6548605335,-34.1411869652,54.2559469078,33.2784180207,19.2722971964,0.0359374846326,22.0985001617,-17.339643605833118,0.03761064442001805
N2188-1.Q2.I.170212_0221.C.054734.061035N3413.0060.nh.fits,2017-02-12T02:21:00.000,C,1337.0,408.098287037,92.6548193016,-34.1411300675,63.3614852313,44.1804890791,19.103043657,0.029416946393,22.9376294385,-17.508897145233117,0.031439060212724385
N2188-1.Q2.I.170108_0734.C.047975.061035N3413.0060.nh.fits,2017-01-08T07:34:00.000,C,1338.0,373.315439815,92.6547659951,-34.141137014,53.5487006819,35.6471921338,19.2866116023,0.0345013577258,22.5810467136,-17.32532919993312,0.03624088101708198
N2188-1.Q2.I.170215_0226.C.055528.061035N3413.0060.nh.fits,2017-02-15T02:26:00.000,C,1340.0,411.101736111,92.6548104546,-34.1411306587,61.677440549,25.0855113257,19.1324315588,0.0469824242802,22.0872251842,-17.479509243433117,0.048274278484669246
N2188-1.Q2.I.170116_1927.S.050910.061035N3413.0060.nh.fits,2017-01-16T19:27:00.000,S,1341.0,381.810798611,92.654833478,-34.1411281771,56.7892805489,11.2422600387,19.22251182,0.0993776756725,20.2510547677,-17.389428982233117,0.09999490084018921
N2188-1.Q2.I.170404_0119.C.001968.061035N3413.0060.nh.fits,2017-04-04T01:19:00.000,C,1342.0,459.055486111,92.654847236,-34.1411987117,44.5321868589,16.2703327083,19.4877597882,0.070423664103,21.6209839983,-17.124181014033116,0.07129200682869605
N2188-1.Q2.I.170118_2034.S.051385.061035N3413.0060.nh.fits,2017-01-18T20:34:00.000,S,1343.0,383.857013889,92.6547553741,-34.1411935225,58.9345873327,27.459285326,19.1820588731,0.0425648951652,21.5420089979,-17.429881929133117,0.043986680624879385
N2188-1.Q2.I.170218_0439.C.056359.061035N3413.0060.nh.fits,2017-02-18T04:39:00.000,C,1344.0,414.19369213,92.6548534469,-34.141162589,74.5471737523,15.855400851,18.9256818015,0.0717227962493,21.0969527515,-17.686259000733116,0.07257559695785683
N2188-1.Q2.I.161201_0626.C.040356.061035N3413.0060.nh.fits,2016-12-01T06:26:00.000,C,1346.0,335.268506944,92.6548467465,-34.1411948324,1.48492203702,0.988232540041,23.1979093583,1.1198741748,22.7287890384,-13.41403144393312,1.1199291161301022
N2188-1.Q2.I.170223_0335.C.057639.061035N3413.0060.nh.fits,2017-02-23T03:35:00.000,C,1347.0,419.149918981,92.6548241058,-34.1412166159,64.7785963579,25.8564897309,19.0789129215,0.047603191227,21.5729120525,-17.53302788073312,0.04887864141897771
N2188-1.Q2.I.170309_1221.A.048489.061035N3413.0060.nh.fits,2017-03-09T12:21:00.000,A,1348.0,433.514768519,92.6547922371,-34.1411987611,47.0855469864,17.3530387166,19.426935232,0.0651656870258,20.9379232646,-17.185005570233116,0.0661031356103112
N2188-1.Q2.I.170105_0752.C.047255.061035N3413.0060.nh.fits,2017-01-05T07:52:00.000,C,1349.0,370.327939815,92.6548221785,-34.1411403257,51.5474639866,25.5240879875,19.3281641859,0.0457902388037,22.0381195757,-17.283776616333117,0.04711479323599486
N2188-1.Q2.I.170205_1917.S.054867.061035N3413.0060.nh.fits,2017-02-05T19:17:00.000,S,1351.0,401.803518519,92.6547874135,-34.1412181368,60.3750934579,27.0000780502,19.1557140994,0.0425454333651,21.6498758424,-17.456226702833117,0.04396784816425336
N2188-1.Q2.I.170109_0748.C.048223.061035N3413.0060.nh.fits,2017-01-09T07:48:00.000,C,1352.0,374.325694444,92.6548774058,-34.1411584745,52.7684480979,32.1404650548,19.3026246366,0.0375100011565,22.4791795828,-17.309316165633117,0.0391159552961615
N2188-1.Q2.I.170330_1100.A.051106.061035N3413.0060.nh.fits,2017-03-30T11:00:00.000,A,1353.0,454.458784722,92.6548561854,-34.1411692552,17.2967309698,7.17077184835,20.5194632886,0.155427426486,20.3076157747,-16.092477513633117,0.1558227925434261
N2188-1.Q2.I.161129_0238.C.039781.061035N3413.0060.nh.fits,2016-11-29T02:38:00.000,C,1354.0,333.109849537,92.6548436528,-34.1411139815,-0.25239842932,-0.0859588676512,nan,nan,21.2987034061,nan,nan
N2188-1.Q2.I.170131_2034.S.053870.061035N3413.0060.nh.fits,2017-01-31T20:34:00.000,S,1355.0,396.857199074,92.6548687542,-34.141198313,64.0689113158,24.1505877936,19.0909308042,0.047631986275,21.5127325496,-17.52100999803312,0.04890668551918503
N2188-1.Q2.I.170213_0222.C.054998.061035N3413.0060.nh.fits,2017-02-13T02:22:00.000,C,1357.0,409.09875,92.6548231026,-34.1412137211,59.0489240146,34.5865253775,19.1799444185,0.0360105597415,22.7510267825,-17.431996383733118,0.03768047484927457
N2188-1.Q2.I.170109_1621.A.041309.061035N3413.0060.nh.fits,2017-01-09T16:21:00.000,A,1358.0,374.681712963,92.6548706998,-34.1411088654,46.3842521222,14.6041354257,19.44330609,0.0771587456033,21.0848806701,-17.168634712233118,0.07795209936265629
N2188-1.Q2.I.161119_0109.S.041888.061035N3413.0060.nh.fits,2016-11-19T01:09:00.000,S,1359.0,323.048310185,92.6548826812,-34.1411637837,3.91852541355,1.46223112586,22.1393047919,0.75693782968,21.2218034402,-14.472636010333119,0.7570191118939068
N2188-1.Q2.I.161026_0537.C.033069.061035N3413.0060.nh.fits,2016-10-26T05:37:00.000,C,1360.0,299.234502315,92.6547607598,-34.1411769287,-0.397328511929,-0.150497753385,nan,nan,21.4308247202,nan,nan
N2188-1.Q2.I.161217_1728.A.038035.061035N3413.0060.nh.fits,2016-12-17T17:28:00.000,A,1361.0,351.728298611,92.6548232922,-34.1411379154,-5.80228127974,-1.26993249396,nan,nan,20.3435529611,nan,nan
N2188-1.Q2.I.161218_0053.S.046568.061035N3413.0060.nh.fits,2016-12-18T00:53:00.000,S,1362.0,352.037476852,92.6547911859,-34.1412071396,0.494238763589,0.252969249012,24.3980596803,4.3742418735,21.5872630114,-12.213881121933117,4.374255939660225
N2188-1.Q2.I.170412_1023.A.053337.061035N3413.0060.nh.fits,2017-04-12T10:23:00.000,A,1363.0,467.433217593,92.6547647748,-34.1411592044,10.4318535051,3.85966506683,21.0711048964,0.287333223454,20.4194805676,-15.540835905833116,0.28754728145547986
N2188-1.Q2.I.170221_1039.A.045744.061035N3413.0060.nh.fits,2017-02-21T10:39:00.000,A,1364.0,417.444039352,92.6548191741,-34.1411187578,60.6657809018,43.5945346438,19.150474127,0.0286029782181,22.788792851,-17.46146667523312,0.030678789658586218
N2188-1.Q2.I.170211_1346.A.044455.061035N3413.0060.nh.fits,2017-02-11T13:46:00.000,A,1365.0,407.573854167,92.6548439327,-34.1411304579,58.394242385,12.076907176,19.1921074224,0.0930567111669,20.5994614687,-17.41983337983312,0.09371557642767037
N2188-1.Q2.I.170209_1922.S.055621.061035N3413.0060.nh.fits,2017-02-09T19:22:00.000,S,1369.0,405.807581019,92.6548467352,-34.1411323622,62.449304711,25.4505835466,19.1188635833,0.0450466844616,21.5007652863,-17.493077218933117,0.04639247302045482
N2188-1.Q2.I.170329_2031.S.000738.061035N3413.0060.nh.fits,2017-03-29T20:31:00.000,S,1371.0,453.855196759,92.6547712505,-34.1411409091,47.3875364671,27.1160260939,19.4199606346,0.0429753306649,22.1912336262,-17.19198016763312,0.044383970279011406
N2188-1.Q2.I.170202_1921.S.054287.061035N3413.0060.nh.fits,2017-02-02T19:21:00.000,S,1372.0,398.806863426,92.6548049427,-34.1411517566,41.7458536482,22.7703618821,19.5582482075,0.050211154219,21.0048218059,-17.053692594733118,0.05142195814994675
N2188-1.Q2.I.170331_1917.S.001283.061035N3413.0060.nh.fits,2017-03-31T19:17:00.000,S,1373.0,455.803622685,92.6548350998,-34.1411844067,44.1829118496,34.3255776793,19.4963500452,0.0342835095023,22.6686037076,-17.115590757033118,0.03603355097357139
N2188-1.Q2.I.161118_0647.C.037875.061035N3413.0060.nh.fits,2016-11-18T06:47:00.000,C,1374.0,322.283310185,92.6548763223,-34.1411609509,-0.480340345457,-0.42201078428,nan,nan,22.8741083877,nan,nan
N2188-1.Q2.I.161115_0634.C.036954.061035N3413.0060.nh.fits,2016-11-15T06:34:00.000,C,1375.0,319.27412037,92.6548255681,-34.1411992867,nan,0.405145591149,nan,nan,nan,nan,nan
N2188-1.Q2.I.170114_0135.C.049260.061035N3413.0060.nh.fits,2017-01-14T01:35:00.000,C,1376.0,379.066516204,92.6547959704,-34.141125032,72.2794007041,5.92316655308,18.9593844012,0.187663186933,20.194556284,-17.652556401033117,0.18799076972506062
N2188-1.Q2.I.161219_1514.A.038363.061035N3413.0060.nh.fits,2016-12-19T15:14:00.000,A,1377.0,353.635393519,92.6547618003,-34.1412160935,-7.00852788456,-2.97567900187,nan,nan,21.7363188179,nan,nan
N2188-1.Q2.I.161228_1212.A.040099.061035N3413.0060.nh.fits,2016-12-28T12:12:00.000,A,1378.0,362.508460648,92.6547901095,-34.1411965731,44.6149076485,13.091765943,19.4857351774,0.0870168572876,20.9808595449,-17.12620562483312,0.0877210990821548
N2188-1.Q2.I.170402_1049.A.051808.061035N3413.0060.nh.fits,2017-04-02T10:49:00.000,A,1379.0,457.451296296,92.6547970082,-34.1411400024,32.4432951687,13.6521391918,19.8332830393,0.0823915046752,20.8093211211,-16.77865776293312,0.08313493738864651
N2188-1.Q2.I.161130_0621.C.040121.061035N3413.0060.nh.fits,2016-11-30T06:21:00.000,C,1380.0,334.264768519,92.6547627726,-34.1411269012,2.51839539638,1.13355516005,22.6216056543,0.976347720569,21.8988951306,-13.990335147933116,0.9764107379746767
N2188-1.Q2.I.170402_1927.S.001874.061035N3413.0060.nh.fits,2017-04-02T19:27:00.000,S,1381.0,457.810983796,92.6547948403,-34.141210171,41.8239154267,18.4437743444,19.5562101177,0.0611959100692,21.4762307221,-17.055730684533117,0.06219322455998151
N2188-1.Q2.I.161221_2115.S.047440.061035N3413.0060.nh.fits,2016-12-21T21:15:00.000,S,1382.0,355.885729167,92.6547931,-34.1412084265,2.49628314857,1.40155706992,22.6312267946,0.789690491528,21.7070955813,-13.980714007633118,0.7897684028762514
N2188-1.Q2.I.170328_2048.S.000451.061035N3413.0060.nh.fits,2017-03-28T20:48:00.000,S,1383.0,452.867361111,92.6548473751,-34.1411596905,50.6666258878,21.1105959654,19.3469673102,0.0537666407215,21.4150434824,-17.264973492033118,0.0548990840219173
N2188-1.Q2.I.170315_1830.S.062821.061035N3413.0060.nh.fits,2017-03-15T18:30:00.000,S,1384.0,439.771053241,92.6548385764,-34.1411489944,54.4720216701,27.9955432899,19.2679611165,0.0414098500444,21.80607021,-17.343979685733117,0.04286995979319748
N2188-1.Q2.I.170116_0236.C.049763.061035N3413.0060.nh.fits,2017-01-16T02:36:00.000,C,1385.0,381.108611111,92.6548488705,-34.1411866275,62.6710330528,42.4536180582,19.1149969971,0.0309779674019,22.6537505491,-17.496943805133117,0.032904289026263016
N2188-1.Q2.I.170415_0941.A.054053.061035N3413.0060.nh.fits,2017-04-15T09:41:00.000,A,1387.0,470.403645833,92.654821972,-34.1411109517,22.8263949393,19.0261974694,20.2168343676,0.0598102947921,22.9179354651,-16.395106434633117,0.06083033071658067
N2188-1.Q2.I.170315_1107.A.049361.061035N3413.0060.nh.fits,2017-03-15T11:07:00.000,A,1388.0,439.463414352,92.6548383187,-34.1411925449,55.0765524545,8.93171807605,19.2559204634,0.125728183186,20.7345671252,-17.35602033883312,0.1262166146718531
N2188-1.Q2.I.170221_1251.A.045805.061035N3413.0060.nh.fits,2017-02-21T12:51:00.000,A,1389.0,417.535555556,92.6547765096,-34.1411904162,59.9813665534,35.9387902239,19.1628518468,0.0327084832646,22.1575955716,-17.44908895543312,0.034538422798982754
N2188-1.Q2.I.170213_0434.C.055058.061035N3413.0060.nh.fits,2017-02-13T04:34:00.000,C,1391.0,409.19056713,92.6548757328,-34.1411503587,62.9208077501,32.2249910694,19.1106576786,0.0442508021476,22.3944796494,-17.50128312363312,0.045620075215596856
N2188-1.Q2.I.170113_0707.C.049172.061035N3413.0060.nh.fits,2017-01-13T07:07:00.000,C,1392.0,378.296574074,92.6547618664,-34.1412120274,54.1123057703,10.4237934604,19.2751892808,0.107412983752,20.8972162567,-17.33675152143312,0.10798428983179956
N2188-1.Q2.I.170129_2035.S.053376.061035N3413.0060.nh.fits,2017-01-29T20:35:00.000,S,1394.0,394.858240741,92.6548089723,-34.1411191385,59.4477322864,31.3406077531,19.1726010784,0.0379272053314,21.6882508077,-17.43933972383312,0.03951620776619196
N2188-1.Q2.I.170117_0127.C.049963.061035N3413.0060.nh.fits,2017-01-17T01:27:00.000,C,1395.0,382.060972222,92.6548732464,-34.1411516,55.7682659399,18.1346082736,19.2423044357,0.0631587584817,21.3589806498,-17.36963636653312,0.06412555297945105
N2188-1.Q2.I.161219_1256.A.038301.061035N3413.0060.nh.fits,2016-12-19T12:56:00.000,A,1396.0,353.539571759,92.6548860578,-34.1411858223,1.51752400613,0.744114886655,23.1742163813,1.48719894644,21.8442611937,-13.437724420933119,1.4872403181948157
N2188-1.Q2.I.170118_0241.C.050207.061035N3413.0060.nh.fits,2017-01-18T02:41:00.000,C,1397.0,383.11224537,92.6547584463,-34.1411375994,61.3522375283,38.8940595865,19.138198953,0.0323171024069,22.6601963679,-17.473741849233118,0.034168009598873846
N2188-1.Q2.I.161218_0704.C.043666.061035N3413.0060.nh.fits,2016-12-18T07:04:00.000,C,1398.0,352.294976852,92.6547587708,-34.1411122466,-0.251911358033,-0.136632270257,nan,nan,22.5492227591,nan,nan
N2188-1.Q2.I.170124_2047.S.052406.061035N3413.0060.nh.fits,2017-01-24T20:47:00.000,S,1399.0,389.864965278,92.6548840997,-34.1412143112,45.9412960611,28.0292469423,19.4537743868,0.0410726380785,21.3516958814,-17.15816641543312,0.04254432242612546
N2188-1.Q2.I.170417_0906.A.054568.061035N3413.0060.nh.fits,2017-04-17T09:06:00.000,A,1400.0,472.379710648,92.6547905039,-34.1411150473,6.60830404602,2.0991412888,21.5691628117,0.529527289315,19.9858258584,-15.042777990533118,0.5296434724427956
N2188-1.Q2.I.161202_0527.C.040559.061035N3413.0060.nh.fits,2016-12-02T05:27:00.000,C,1401.0,336.227106481,92.6548802979,-34.1411109634,-2.14722128939,-0.933201496528,nan,nan,22.3213470562,nan,nan
N2188-1.Q2.I.161115_0744.C.036984.061035N3413.0060.nh.fits,2016-11-15T07:44:00.000,C,1402.0,319.322581019,92.6548272559,-34.1411121274,-3.19516470324,-0.893510185721,nan,nan,20.6227188686,nan,nan
N2188-1.Q2.I.170130_1922.S.053588.061035N3413.0060.nh.fits,2017-01-30T19:22:00.000,S,1403.0,395.806990741,92.6548862895,-34.1412127482,55.351744243,23.4885136844,19.2504830802,0.0488579935334,21.2357819483,-17.36145772203312,0.050101509998007346
N2188-1.Q2.I.170211_0124.C.054475.061035N3413.0060.nh.fits,2017-02-11T01:24:00.000,C,1404.0,407.05900463,92.6547953458,-34.1411900655,58.9468107853,39.4404236594,19.1818326262,0.0307276498896,22.7441124078,-17.43010817603312,0.03266873489605173
N2188-1.Q2.I.161205_0644.C.041323.061035N3413.0060.nh.fits,2016-12-05T06:44:00.000,C,1405.0,339.280902778,92.6548576371,-34.1411980935,-0.00744653438528,-0.00650890239162,nan,nan,22.8802295977,nan,nan
N2188-1.Q2.I.170415_1853.S.004359.061035N3413.0060.nh.fits,2017-04-15T18:53:00.000,S,1406.0,470.78744213,92.6548503396,-34.1411479223,21.3381246759,10.3562390192,20.2903884375,0.107717585644,21.2347152508,-16.32155236473312,0.10828728470574533
N2188-1.Q2.I.161130_1401.A.035425.061035N3413.0060.nh.fits,2016-11-30T14:01:00.000,A,1407.0,334.58431713,92.6547761542,-34.1411571911,7.43257551234,2.95177250226,21.4409269358,0.375281804116,20.8157285831,-15.171013866433118,0.37544572213907357
N2188-1.Q2.I.170126_0129.C.051732.061035N3413.0060.nh.fits,2017-01-26T01:29:00.000,C,1408.0,391.062256944,92.6547772685,-34.1411828904,62.1349922186,9.85154193472,19.1243682776,0.113191584713,20.5263103543,-17.48757252463312,0.11373386752331485
N2188-1.Q2.I.170113_0130.C.049021.061035N3413.0060.nh.fits,2017-01-13T01:30:00.000,C,1409.0,378.063113426,92.6548177564,-34.1412080083,72.1073652861,3.65109142755,18.9619841096,0.303909694203,19.7831599194,-17.64995669263312,0.30411208460456096
N2188-1.Q2.I.170315_1939.S.062853.061035N3413.0060.nh.fits,2017-03-15T19:39:00.000,S,1410.0,439.819224537,92.6548360387,-34.1411409529,56.3036624529,32.1659409997,19.2318808789,0.0359911680518,21.8232952188,-17.380059923333118,0.037661942988958794
N2188-1.Q2.I.170309_0217.C.060756.061035N3413.0060.nh.fits,2017-03-09T02:17:00.000,C,1414.0,433.095532407,92.6547838991,-34.1412140526,69.5601507655,20.2284661112,19.0012193205,0.0578329913983,21.7255057974,-17.61072148173312,0.05888728781364035
N2188-1.Q2.I.170307_0209.C.060360.061035N3413.0060.nh.fits,2017-03-07T02:09:00.000,C,1416.0,431.089872685,92.654877248,-34.1411533279,59.6677684508,25.6752324229,19.1685705664,0.0460426221518,22.1559904537,-17.443370235833118,0.047360118523754755
N2188-1.Q2.I.170201_2027.S.054102.061035N3413.0060.nh.fits,2017-02-01T20:27:00.000,S,1417.0,397.852361111,92.6548039608,-34.141214634,60.9707588191,28.9402081372,19.1450034737,0.0398254998854,21.5583439448,-17.466937328533117,0.04134160390082451
N2188-1.Q2.I.170309_0101.C.060724.061035N3413.0060.nh.fits,2017-03-09T01:01:00.000,C,1418.0,433.043020833,92.6547700314,-34.1411260814,65.3631320384,30.1742516378,19.0691128032,0.0423959231745,21.9891571079,-17.54282799903312,0.04382319104981721
N2188-1.Q2.I.170216_0329.C.055814.061035N3413.0060.nh.fits,2017-02-16T03:29:00.000,C,1419.0,412.145185185,92.6548146498,-34.1411207069,65.9977533287,20.315426059,19.0585717042,0.0557403012771,21.2617263198,-17.55336909803312,0.05683343169677993
N2188-1.Q2.I.161201_1622.A.035646.061035N3413.0060.nh.fits,2016-12-01T16:22:00.000,A,1421.0,335.682430556,92.6548513273,-34.1411268083,-7.08705232786,-3.42511058292,nan,nan,21.8948607745,nan,nan
N2188-1.Q2.I.170307_0316.C.060390.061035N3413.0060.nh.fits,2017-03-07T03:16:00.000,C,1422.0,431.136666667,92.6547927169,-34.1411813397,71.8867316175,31.1551187776,18.965327302,0.0484598567696,22.168621442,-17.64661350023312,0.049713333122018886
N2188-1.Q2.I.170402_2032.S.001905.061035N3413.0060.nh.fits,2017-04-02T20:32:00.000,S,1423.0,457.855578704,92.6548255704,-34.1412179318,43.5488192449,21.3239497795,19.5121202558,0.0532798369632,21.8380034069,-17.09982054643312,0.05442241081389033
N2188-1.Q2.I.170319_0252.C.063176.061035N3413.0060.nh.fits,2017-03-19T02:52:00.000,C,1424.0,443.119537037,92.6548472921,-34.141133362,57.1595452925,36.9669551419,19.2154219548,0.0323569020186,22.4213823197,-17.396518847433118,0.034205655675808265
N2188-1.Q2.I.170416_1901.S.004681.061035N3413.0060.nh.fits,2017-04-16T19:01:00.000,S,1425.0,471.79255787,92.654760321,-34.1411757194,26.0224585379,4.9215112468,20.0738739403,0.225353141292,20.3250794471,-16.538066861933117,0.2256260092767294
N2188-1.Q2.I.170130_2032.S.053620.061035N3413.0060.nh.fits,2017-01-30T20:32:00.000,S,1426.0,395.855972222,92.6547823314,-34.1411951695,64.0477904443,37.3041325468,19.0912905039,0.0320880515395,21.840210743,-17.520650298333116,0.03395144803351223
N2188-1.Q2.I.170209_2029.S.055651.061035N3413.0060.nh.fits,2017-02-09T20:29:00.000,S,1428.0,405.853587963,92.6548035624,-34.1411440038,60.7042243866,27.7487947756,19.1497830199,0.0415705775587,21.7387597599,-17.46215778233312,0.04302523318396503
N2188-1.Q2.I.170213_0327.C.055028.061035N3413.0060.nh.fits,2017-02-13T03:27:00.000,C,1430.0,409.144224537,92.6548070864,-34.1411731182,61.9087157323,37.178423343,19.1283484245,0.0347658994602,22.4880269165,-17.483592377733117,0.03649281487152516
N2188-1.Q2.I.170415_0020.C.004720.061035N3413.0060.nh.fits,2017-04-15T00:20:00.000,C,1431.0,470.014409722,92.6548641588,-34.1411253324,27.0947625272,18.9719277653,20.0298209366,0.0607582962985,22.5928781051,-16.582119865633118,0.06176267757365278
N2188-1.Q2.I.170207_0138.C.053564.061035N3413.0060.nh.fits,2017-02-07T01:38:00.000,C,1432.0,403.068275463,92.6548863724,-34.1411146197,53.7401441336,19.4235024908,19.2827182801,0.0585119211965,21.2608439855,-17.32922252213312,0.059554199634249974
N2188-1.Q2.I.170301_0110.C.058966.061035N3413.0060.nh.fits,2017-03-01T01:10:00.000,C,1433.0,425.04912037,92.6548265223,-34.141118784,61.0135726451,27.1560954888,19.1442376762,0.0423871376753,21.7359479695,-17.46770312603312,0.04381469174004891
N2188-1.Q2.I.161220_2133.S.047199.061035N3413.0060.nh.fits,2016-12-20T21:33:00.000,S,1434.0,354.898402778,92.6548300174,-34.141134999,3.04640063002,1.37117074346,22.4139559478,0.807196463203,21.0610042202,-14.197984854433116,0.8072726850200017
N2188-1.Q2.I.161208_0345.C.041989.061035N3413.0060.nh.fits,2016-12-08T03:45:00.000,C,1435.0,342.156516204,92.6548368797,-34.1411360319,-1.03431611306,-0.0874381023978,nan,nan,19.4715566528,nan,nan
N2188-1.Q2.I.170122_1050.A.042502.061035N3413.0060.nh.fits,2017-01-22T10:50:00.000,A,1436.0,387.451435185,92.6548332966,-34.1412141771,58.0290454598,33.6409648199,19.1989516212,0.0362456924781,22.1555654314,-17.41298918103312,0.0379052502324898
N2188-1.Q2.I.161027_0709.C.033386.061035N3413.0060.nh.fits,2016-10-27T07:09:00.000,C,1437.0,300.298101852,92.6547956146,-34.1412009216,-0.527198506986,-0.282657668215,nan,nan,22.3588027733,nan,nan
N2188-1.Q2.I.170305_0316.C.059980.061035N3413.0060.nh.fits,2017-03-05T03:16:00.000,C,1438.0,429.136319444,92.6548177144,-34.1412154749,66.4138675185,18.7963134533,19.0517148992,0.0656671879444,21.5592089102,-17.560225903033118,0.06659757761732649
N2188-1.Q2.I.170402_1823.S.001844.061035N3413.0060.nh.fits,2017-04-02T18:23:00.000,S,1441.0,457.766296296,92.654804738,-34.1411363087,45.7033102344,36.1389348482,19.4594404198,0.0325605109109,22.5979300915,-17.152500382433118,0.034398323254913335
N2188-1.Q2.I.161207_1701.A.036516.061035N3413.0060.nh.fits,2016-12-07T17:01:00.000,A,1444.0,341.709178241,92.6548437824,-34.1411452058,0.107152062213,0.0656796976052,26.0658675925,16.8475262193,21.9930379035,-10.54607320973312,16.84752987140171
N2188-1.Q2.I.161119_0009.S.041861.061035N3413.0060.nh.fits,2016-11-19T00:09:00.000,S,1445.0,323.006388889,92.6548805433,-34.1412079581,3.92911423836,2.17898582455,22.1363607573,0.508110371284,21.8805328893,-14.475580044933118,0.5082314504026045
N2188-1.Q2.I.161220_0730.C.044155.061035N3413.0060.nh.fits,2016-12-20T07:30:00.000,C,1446.0,354.312638889,92.6548239604,-34.1411987203,-1.00352860553,-0.563314912584,nan,nan,22.271990645,nan,nan
N2188-1.Q2.I.170212_0114.C.054704.061035N3413.0060.nh.fits,2017-02-12T01:14:00.000,C,1447.0,408.051793981,92.6548425023,-34.1411451469,56.6320315962,36.2919834014,19.2255368335,0.0333950664419,22.6698730263,-17.386403968733116,0.03518931989438825
N2188-1.Q2.I.161115_1604.A.032986.061035N3413.0060.nh.fits,2016-11-15T16:04:00.000,A,1448.0,319.66994213,92.6548759471,-34.1411279262,0.374819294392,0.119831338729,24.6997882231,9.23411340899,20.8890012596,-11.912152579133117,9.234120072202922
N2188-1.Q2.I.170320_0040.C.063375.061035N3413.0060.nh.fits,2017-03-20T00:40:00.000,C,1449.0,444.027847222,92.6547790571,-34.1412108946,50.8489794685,23.6973026479,19.3430479436,0.0485228321044,21.5557278631,-17.26889285863312,0.04977472257484179
N2188-1.Q2.I.161214_0153.S.045655.061035N3413.0060.nh.fits,2016-12-14T01:53:00.000,S,1451.0,348.079143519,92.6548839421,-34.1411293687,2.38442163871,0.800093638527,22.6812427006,1.38315963236,21.4063361702,-13.93069810163312,1.383204115943204
N2188-1.Q2.I.170219_0330.C.056591.061035N3413.0060.nh.fits,2017-02-19T03:30:00.000,C,1452.0,415.146168981,92.6548489727,-34.1411458115,65.244681259,50.2331402026,19.0710916074,0.02558120874,22.9779468605,-17.540849194833118,0.02788289820965758
N2188-1.Q2.I.170321_0044.C.063639.061035N3413.0060.nh.fits,2017-03-21T00:44:00.000,C,1453.0,445.030625,92.6547690216,-34.1412111611,56.6145156502,12.9545096106,19.2258743092,0.0869804646969,21.1053218032,-17.386066493033116,0.08768499877892079
N2188-1.Q2.I.170328_1841.S.000390.061035N3413.0060.nh.fits,2017-03-28T18:41:00.000,S,1454.0,452.778726852,92.6548304076,-34.1412033622,41.642545144,20.8322072589,19.560951323,0.0543924444665,21.3334053272,-17.050989479233117,0.05551212288331226
N2188-1.Q2.I.161208_0709.C.042081.061035N3413.0060.nh.fits,2016-12-08T07:09:00.000,C,1455.0,342.298344907,92.6547677221,-34.1411840728,7.48071920092,2.08042369024,21.43388323,0.532153846493,20.6428461999,-15.178057572233119,0.5322694562994068
