Name,KSPtime,Location,index,time,RA,DEC,I,SN,M,Merr,Mlim
N300-1.Q2.B.171210_1958.S.055502.005606N3754.0060.nh.fits,2017-12-10T19:58:00.000,S,0,709.832604167,13.6771926595,-37.6201617401,12.8391677916,8.62919251116,21.3419850529,0.127024419421,22.516444557
N300-1.Q2.B.171125_1946.S.052784.005606N3754.0060.nh.fits,2017-11-25T19:46:00.000,S,1,694.823877315,13.6773027144,-37.6202985567,-3.06736804788,-1.01347579556,nan,nan,21.7008710752
N300-1.Q2.B.171225_1917.S.057899.005606N3754.0060.nh.fits,2017-12-25T19:17:00.000,S,2,724.80380787,13.6770673527,-37.6202788294,8.16406531485,2.62757357236,21.8359206278,0.415535684773,21.6670962792
N300-1.Q2.B.171213_1133.A.032815.005606N3754.0060.nh.fits,2017-12-13T11:33:00.000,A,3,712.481400463,13.6771268067,-37.6201516957,9.40002256265,5.58825012009,21.682129895,0.195646797797,22.3534967439
N300-1.Q2.B.171206_1922.S.054706.005606N3754.0060.nh.fits,2017-12-06T19:22:00.000,S,4,705.807013889,13.6772181167,-37.6202092654,31.849152014,18.331896164,20.3508478231,0.0608098791467,22.4121203938
N300-1.Q2.B.171202_2030.S.054095.005606N3754.0060.nh.fits,2017-12-02T20:30:00.000,S,5,701.854571759,13.6771743952,-37.6200653671,27.243009328,4.375573311,20.5212689231,0.250281040172,20.9295641016
N300-1.Q2.B.171212_1915.S.055948.005606N3754.0060.nh.fits,2017-12-12T19:15:00.000,S,6,711.802141204,13.6771328414,-37.6202484033,11.4313144535,7.54923192549,21.468692099,0.145056858732,22.4949588285
N300-1.Q2.B.171211_1144.A.032363.005606N3754.0060.nh.fits,2017-12-11T11:44:00.000,A,7,710.488888889,13.6771415324,-37.6202047904,18.0078225184,10.2337042731,20.9729111432,0.107406208701,22.3538431577
N300-1.Q2.B.171205_1025.A.031508.005606N3754.0060.nh.fits,2017-12-05T10:25:00.000,A,8,704.434212963,13.6772096425,-37.6201878465,28.3090575931,14.9142684387,20.479393047,0.0742729515459,22.1598631505
N300-1.Q2.B.171227_1059.A.034381.005606N3754.0060.nh.fits,2017-12-27T10:59:00.000,A,9,726.458055556,13.6771909194,-37.6201822344,8.09077802095,2.59190804562,21.8457580834,0.421232126361,21.6214204545
N300-1.Q2.B.171201_1956.S.053881.005606N3754.0060.nh.fits,2017-12-01T19:56:00.000,S,10,700.831134259,13.6770795853,-37.6201342826,37.1620423277,5.71783440421,20.1825395528,0.192054421318,20.867326075
N300-1.Q2.B.171208_2040.S.055062.005606N3754.0060.nh.fits,2017-12-08T20:40:00.000,S,11,707.861550926,13.6772140979,-37.6201864611,18.4608074307,10.6528705275,20.9458079433,0.103324203037,22.2581580157
N300-1.Q2.B.171210_1912.S.055481.005606N3754.0060.nh.fits,2017-12-10T19:12:00.000,S,12,709.800625,13.6771563706,-37.6202013202,13.2843644333,8.00908309198,21.3047976394,0.136807336165,22.3934739403
N300-1.Q2.B.171121_0155.C.051718.005606N3754.0060.nh.fits,2017-11-21T01:55:00.000,C,13,690.080474537,13.6773273297,-37.6201896613,nan,nan,nan,nan,22.7834168927
N300-1.Q2.B.171225_1048.A.034208.005606N3754.0060.nh.fits,2017-12-25T10:48:00.000,A,14,724.450578704,13.6771945375,-37.6202001237,nan,nan,nan,nan,20.8744748755
N300-1.Q2.B.171123_1210.A.030385.005606N3754.0060.nh.fits,2017-11-23T12:10:00.000,A,15,692.507222222,13.6772569552,-37.6202300223,-2.74495631249,-2.02083735699,nan,nan,22.4782985304
N300-1.Q2.B.171226_0201.C.057720.005606N3754.0060.nh.fits,2017-12-26T02:01:00.000,C,16,725.084641204,13.6772588066,-37.6201819618,9.89823716789,4.64608803063,21.6257883486,0.23530798166,22.086832884
N300-1.Q2.B.171225_1042.A.034205.005606N3754.0060.nh.fits,2017-12-25T10:42:00.000,A,17,724.446064815,13.6764105479,-37.6202650893,7.12302822072,1.18154609795,21.9847360434,0.923561549033,20.8383581589
N300-1.Q2.B.171124_0049.C.052367.005606N3754.0060.nh.fits,2017-11-24T00:49:00.000,C,18,693.034525463,13.677260048,-37.6202000493,nan,nan,nan,nan,22.5623159486
N300-1.Q2.B.171121_0057.C.051695.005606N3754.0060.nh.fits,2017-11-21T00:57:00.000,C,19,690.040243056,13.6773109093,-37.620274285,-1.7411111085,-1.12453634122,nan,nan,22.2017743127
N300-1.Q2.B.171204_1104.A.031301.005606N3754.0060.nh.fits,2017-12-04T11:04:00.000,A,20,703.461261574,13.6772686902,-37.6201703335,27.3783000548,6.19695314847,20.5158646069,0.177161458256,21.3075855318
N300-1.Q2.B.171126_0138.C.052885.005606N3754.0060.nh.fits,2017-11-26T01:38:00.000,C,21,695.068460648,13.6772949919,-37.6202776258,-3.85185642236,-1.92307045709,nan,nan,22.1685088631
N300-1.Q2.B.171229_0150.C.058403.005606N3754.0060.nh.fits,2017-12-29T01:50:00.000,C,22,728.076770833,13.6772007167,-37.6201851004,8.69579415427,3.1777355574,21.7670848442,0.34376086997,21.7980428908
N300-1.Q2.B.171206_1148.A.031749.005606N3754.0060.nh.fits,2017-12-06T11:48:00.000,A,23,705.491701389,13.6771515656,-37.6201046033,28.5098537306,3.56215672998,20.471682269,0.307176480349,20.6808036637
N300-1.Q2.B.171209_1901.S.055265.005606N3754.0060.nh.fits,2017-12-09T19:01:00.000,S,24,708.792534722,13.6768729997,-37.6203492757,10.5384685463,3.43901645056,21.5574125927,0.317639117318,21.6296743689
N300-1.Q2.B.171206_2043.S.054743.005606N3754.0060.nh.fits,2017-12-06T20:43:00.000,S,25,705.863888889,13.6772481014,-37.6202145255,33.852584988,9.03267767233,20.2842949871,0.122253860188,21.4773972327
N300-1.Q2.B.171205_1924.S.054582.005606N3754.0060.nh.fits,2017-12-05T19:24:00.000,S,26,704.808622685,13.6770249668,-37.6202598616,19.0606893703,8.17743242188,20.9109215092,0.134181683059,21.9605086755
N300-1.Q2.B.171204_2032.S.054479.005606N3754.0060.nh.fits,2017-12-04T20:32:00.000,S,27,703.855856481,13.6772346256,-37.6201301856,24.6253184272,5.40318965306,20.631478462,0.202893258464,21.2620857012
N300-1.Q2.B.171205_2010.S.054602.005606N3754.0060.nh.fits,2017-12-05T20:10:00.000,S,28,704.840868056,13.6771269399,-37.620146509,19.884379055,5.12333005933,20.8647674537,0.213780707041,21.4021591435
N300-1.Q2.B.171128_0132.C.053306.005606N3754.0060.nh.fits,2017-11-28T01:32:00.000,C,29,697.063981481,13.6772996902,-37.6202071102,28.9493782877,10.5382929356,20.4549919076,0.104822749403,21.8392716572
N300-1.Q2.B.171122_1121.A.030301.005606N3754.0060.nh.fits,2017-11-22T11:21:00.000,A,30,691.473113426,13.6772424642,-37.6202582175,-2.26643998825,-1.16872908102,nan,nan,22.1887250123
N300-1.Q2.B.171209_2110.S.055323.005606N3754.0060.nh.fits,2017-12-09T21:10:00.000,S,31,708.882268519,13.6770780343,-37.6201786965,8.40039589396,3.95112305086,21.8047886998,0.276456962677,22.0710091319
N300-1.Q2.B.171125_1046.A.030750.005606N3754.0060.nh.fits,2017-11-25T10:46:00.000,A,32,694.448738426,13.6772539297,-37.6202459228,-6.14840806495,-2.6581071683,nan,nan,21.9993463592
N300-1.Q2.B.171211_1016.A.032322.005606N3754.0060.nh.fits,2017-12-11T10:16:00.000,A,33,710.4278125,13.6771981227,-37.6201825145,18.1117885259,7.98824509616,20.966630799,0.137408081866,22.0584616825
N300-1.Q2.B.171212_2040.S.055986.005606N3754.0060.nh.fits,2017-12-12T20:40:00.000,S,34,711.861527778,13.6771259971,-37.6201693143,11.9269611695,7.11746318912,21.4223868108,0.153805736395,22.366170036
N300-1.Q2.B.171202_1900.S.054053.005606N3754.0060.nh.fits,2017-12-02T19:00:00.000,S,35,701.792013889,13.6771825748,-37.6201415419,42.1463678212,8.07379401614,20.0452321774,0.136782576266,21.1044947574
N300-1.Q2.B.171227_0155.C.057948.005606N3754.0060.nh.fits,2017-12-27T01:55:00.000,C,36,726.0803125,13.6771838841,-37.6201932272,11.462020244,4.07229290681,21.4657656199,0.268597963987,21.7678249653
N300-1.Q2.B.171130_1949.S.053692.005606N3754.0060.nh.fits,2017-11-30T19:49:00.000,S,37,699.825729167,13.6772642472,-37.6201515395,93.1577888975,24.3818934367,19.1799511218,0.0486868500678,21.5616175784
N300-1.Q2.B.171212_1209.A.032579.005606N3754.0060.nh.fits,2017-12-12T12:09:00.000,A,38,711.50650463,13.677195869,-37.6201574135,12.9853792413,7.04438103276,21.3296316316,0.155464674379,22.2934899982
N300-1.Q2.B.171228_1150.A.034596.005606N3754.0060.nh.fits,2017-12-28T11:50:00.000,A,39,727.493472222,13.6769449274,-37.6197192723,6.43671905418,1.14362831658,22.0952643228,0.954167184101,20.9742934943
N300-1.Q2.B.171214_1120.A.033045.005606N3754.0060.nh.fits,2017-12-14T11:20:00.000,A,40,713.472824074,13.6772413665,-37.6201968351,11.0847582066,5.5844232794,21.5022774066,0.195836415883,22.1592235686
N300-1.Q2.B.171207_1059.A.031948.005606N3754.0060.nh.fits,2017-12-07T10:59:00.000,A,41,706.458032407,13.6772313326,-37.6201573052,26.1672588276,12.852201152,20.5652210077,0.0861015243928,22.0701541252
N300-1.Q2.B.171121_1132.A.030121.005606N3754.0060.nh.fits,2017-11-21T11:32:00.000,A,42,690.481099537,13.6772006253,-37.6202478526,nan,nan,nan,nan,22.2410513214
N300-1.Q2.B.171227_1136.A.034399.005606N3754.0060.nh.fits,2017-12-27T11:36:00.000,A,43,726.483680556,13.6771294496,-37.6200820214,11.4329454135,3.67624285068,21.4685364594,0.297257270034,21.6976915283
N300-1.Q2.B.171123_0146.C.052155.005606N3754.0060.nh.fits,2017-11-23T01:46:00.000,C,44,692.073993056,13.6772509331,-37.6202810134,nan,nan,nan,nan,22.2982047326
N300-1.Q2.B.171124_1953.S.052573.005606N3754.0060.nh.fits,2017-11-24T19:53:00.000,S,45,693.828865741,13.6772734249,-37.6202668504,-3.76233080177,-2.22457320407,nan,nan,22.3402578734
N300-1.Q2.B.171127_0054.C.053112.005606N3754.0060.nh.fits,2017-11-27T00:54:00.000,C,46,696.037581019,13.6772241063,-37.6201554966,5.39514500947,3.01701997867,22.2878378392,0.362492610437,21.8533380249
N300-1.Q2.B.171211_1909.S.055703.005606N3754.0060.nh.fits,2017-12-11T19:09:00.000,S,47,710.798321759,13.6771750551,-37.6201837147,13.8148461376,8.67107047005,21.2620803983,0.126410223109,22.4310018864
N300-1.Q2.B.171120_1038.A.030005.005606N3754.0060.nh.fits,2017-11-20T10:38:00.000,A,48,689.443460648,13.677209477,-37.6202653428,-1.22157994635,-0.782352880827,nan,nan,22.2696126574
N300-1.Q2.B.171126_1910.S.053001.005606N3754.0060.nh.fits,2017-11-26T19:10:00.000,S,49,695.798657407,13.6773074143,-37.6202774074,nan,nan,nan,nan,21.8757507279
N300-1.Q2.B.171218_1912.S.056899.005606N3754.0060.nh.fits,2017-12-18T19:12:00.000,S,50,717.800636574,13.6773046251,-37.6202585397,4.70840903967,2.19300648467,22.4363697295,0.497667859837,22.0628072647
N300-1.Q2.B.171225_2039.S.057937.005606N3754.0060.nh.fits,2017-12-25T20:39:00.000,S,51,724.860856481,13.6770682536,-37.6201985261,6.09118969669,2.02223970067,22.1554579442,0.53974099003,21.6706507238
N300-1.Q2.B.171204_1900.S.054437.005606N3754.0060.nh.fits,2017-12-04T19:00:00.000,S,52,703.79181713,13.6772181318,-37.6201811745,26.5268900761,9.12777412726,20.5503296014,0.120688409238,21.8066010665
N300-1.Q2.B.171203_1014.A.031140.005606N3754.0060.nh.fits,2017-12-03T10:14:00.000,A,53,702.426458333,13.6772562425,-37.6200678985,32.2052933376,4.68608838016,20.3387164067,0.233910869904,20.8105040386
N300-1.Q2.B.171227_1022.A.034363.005606N3754.0060.nh.fits,2017-12-27T10:22:00.000,A,54,726.432060185,13.6772051234,-37.6201593849,12.2873737416,4.32999798418,21.3899085023,0.252541690129,21.7561708784
N300-1.Q2.B.171128_0048.C.053285.005606N3754.0060.nh.fits,2017-11-28T00:48:00.000,C,55,697.033344907,13.6772267099,-37.620200346,30.556175805,11.6828762179,20.3960609936,0.0949942543901,21.7059087758
N300-1.Q2.B.171202_1945.S.054074.005606N3754.0060.nh.fits,2017-12-02T19:45:00.000,S,56,701.823425926,13.6771699426,-37.6201103206,29.7389477752,5.66866497834,20.4256357791,0.193578513381,21.0808405958
N300-1.Q2.B.171206_2008.S.054727.005606N3754.0060.nh.fits,2017-12-06T20:08:00.000,S,57,705.839409722,13.6772382843,-37.6201843061,30.0316505517,17.9939290166,20.4149507268,0.0619385537447,22.4683228345
N300-1.Q2.B.171123_0051.C.052131.005606N3754.0060.nh.fits,2017-11-23T00:51:00.000,C,58,692.035659722,13.677271871,-37.6202458252,nan,nan,nan,nan,22.1127158071
N300-1.Q2.B.171228_0121.C.058158.005606N3754.0060.nh.fits,2017-12-28T01:21:00.000,C,59,727.056284722,13.6772379532,-37.6201434601,8.85461902709,3.38750372487,21.7473389426,0.322463250313,21.870246367
N300-1.Q2.B.171211_1101.A.032343.005606N3754.0060.nh.fits,2017-12-11T11:01:00.000,A,60,710.45943287,13.6771669207,-37.620183735,14.6503074849,9.19299985571,21.1980226712,0.119358027003,22.4504421315
N300-1.Q2.B.171218_2032.S.056935.005606N3754.0060.nh.fits,2017-12-18T20:32:00.000,S,61,717.856099537,13.6770825,-37.6201768659,7.37061770346,3.27593983999,21.9474599203,0.333375840102,22.0045135124
N300-1.Q2.B.171124_1051.A.030538.005606N3754.0060.nh.fits,2017-11-24T10:51:00.000,A,62,693.452696759,13.6772647197,-37.6202278858,-3.08067461574,-1.43443992265,nan,nan,22.1078880498
N300-1.Q2.B.171205_2052.S.054620.005606N3754.0060.nh.fits,2017-12-05T20:52:00.000,S,63,704.869953704,13.6773302083,-37.6202426811,20.4713695129,4.13686889583,20.8330286754,0.26448323748,21.141860342
N300-1.Q2.B.171214_1035.A.033024.005606N3754.0060.nh.fits,2017-12-14T10:35:00.000,A,64,713.441331019,13.6771313177,-37.6202465976,15.1240640859,5.33279423859,21.1633023873,0.205221721441,21.5958445891
N300-1.Q2.B.171213_2001.S.056214.005606N3754.0060.nh.fits,2017-12-13T20:01:00.000,S,65,712.834178241,13.6771801029,-37.6201848337,12.5664030644,8.96590906124,21.3654116863,0.122325527132,22.613607106
N300-1.Q2.B.171123_1959.S.052368.005606N3754.0060.nh.fits,2017-11-23T19:59:00.000,S,66,692.832916667,13.6772808949,-37.6202671393,nan,nan,nan,nan,22.3449456095
N300-1.Q2.B.171213_1055.A.032797.005606N3754.0060.nh.fits,2017-12-13T10:55:00.000,A,67,712.455555556,13.6772243514,-37.6201408342,13.3598104062,7.79603845779,21.2986193409,0.140552631591,22.3308025697
N300-1.Q2.B.171215_1926.S.056489.005606N3754.0060.nh.fits,2017-12-15T19:26:00.000,S,68,714.809988426,13.677197129,-37.6201987879,16.4896319347,10.7725526655,21.0689957456,0.102258406399,22.3795980711
N300-1.Q2.B.171207_1012.A.031927.005606N3754.0060.nh.fits,2017-12-07T10:12:00.000,A,69,706.425300926,13.6772022861,-37.6201408954,27.8208489516,10.3099506351,20.4983712915,0.107339714767,21.843986513
N300-1.Q2.B.171213_1007.A.032775.005606N3754.0060.nh.fits,2017-12-13T10:07:00.000,A,70,712.421805556,13.6772563048,-37.6201158274,13.9905792432,3.94109402248,21.2482904143,0.27742906746,21.5279064613
N300-1.Q2.B.171127_0139.C.053133.005606N3754.0060.nh.fits,2017-11-27T01:39:00.000,C,71,696.068993056,13.6771677386,-37.6201942452,6.83760582439,3.16328246401,22.0293506809,0.345336624709,21.8207951068
N300-1.Q2.B.171124_1904.S.052551.005606N3754.0060.nh.fits,2017-11-24T19:04:00.000,S,72,693.794837963,13.6772008113,-37.6202846287,-2.17349760216,-1.40479604435,nan,nan,22.4525837871
N300-1.Q2.B.171206_1100.A.031728.005606N3754.0060.nh.fits,2017-12-06T11:00:00.000,A,73,705.458831019,13.6772270873,-37.620190176,43.4947613798,24.6332079682,20.010876057,0.0471401436974,22.219637807
N300-1.Q2.B.171121_1041.A.030100.005606N3754.0060.nh.fits,2017-11-21T10:41:00.000,A,74,690.445162037,13.6773203431,-37.6202262855,-2.09179132872,-1.24222932833,nan,nan,22.2179900279
N300-1.Q2.B.171206_1012.A.031707.005606N3754.0060.nh.fits,2017-12-06T10:12:00.000,A,75,705.424976852,13.6772064649,-37.6201847154,34.678940413,20.2427165647,20.2579843433,0.0556365619292,22.3534377923
N300-1.Q2.B.171124_0142.C.052389.005606N3754.0060.nh.fits,2017-11-24T01:42:00.000,C,76,693.071527778,13.6772834047,-37.6202285075,nan,nan,nan,nan,22.1391789054
N300-1.Q2.B.171216_1029.A.033324.005606N3754.0060.nh.fits,2017-12-16T10:29:00.000,A,77,715.436886574,13.6772099519,-37.6201583682,12.8612462685,7.3152196875,21.3401106496,0.149770178181,22.3205978809
N300-1.Q2.B.171203_1204.A.031183.005606N3754.0060.nh.fits,2017-12-03T12:04:00.000,A,78,702.502800926,13.6772293938,-37.6201702803,27.4084155029,3.84113143672,20.5146652511,0.28491378588,20.7585996005
N300-1.Q2.B.171120_0142.C.051496.005606N3754.0060.nh.fits,2017-11-20T01:42:00.000,C,79,689.071273148,13.6773072772,-37.6202198297,nan,nan,nan,nan,22.0467832631
N300-1.Q2.B.171122_1211.A.030322.005606N3754.0060.nh.fits,2017-11-22T12:11:00.000,A,80,691.508310185,13.6772435613,-37.620292532,-3.50067019279,-1.84918273378,nan,nan,22.2272887485
N300-1.Q2.B.171120_1129.A.030026.005606N3754.0060.nh.fits,2017-11-20T11:29:00.000,A,81,689.479097222,13.6772782696,-37.6202509258,nan,nan,nan,nan,22.67288496
N300-1.Q2.B.171129_1856.S.053481.005606N3754.0060.nh.fits,2017-11-29T18:56:00.000,S,82,698.7890625,13.6772055352,-37.6201653169,56.1861907111,13.7316160735,19.7315601543,0.0816437099862,21.4164401691
N300-1.Q2.B.171214_1158.A.033063.005606N3754.0060.nh.fits,2017-12-14T11:58:00.000,A,83,713.498761574,13.677195896,-37.6201855034,13.311206917,7.32624677936,21.3025954866,0.149532284489,22.2818963409
N300-1.Q2.B.171215_1159.A.033248.005606N3754.0060.nh.fits,2017-12-15T11:59:00.000,A,84,714.499872685,13.677002375,-37.6201288783,3.49046893379,0.876070509966,22.762905634,1.24542231941,21.3858464009
N300-1.Q2.B.171212_2001.S.055968.005606N3754.0060.nh.fits,2017-12-12T20:01:00.000,S,85,711.834560185,13.6770635672,-37.6201564836,10.8156380876,6.74209444642,21.5290906898,0.162300477829,22.4434145746
N300-1.Q2.B.171122_0136.C.051920.005606N3754.0060.nh.fits,2017-11-22T01:36:00.000,C,86,691.067210648,13.6771977329,-37.620269218,-0.790205413999,-0.475112616502,nan,nan,22.343024723
N300-1.Q2.B.171227_0112.C.057929.005606N3754.0060.nh.fits,2017-12-27T01:12:00.000,C,87,726.050335648,13.6772369897,-37.6201652342,8.39547151453,3.6965080871,21.8054284097,0.295539194214,22.0197387635
N300-1.Q2.B.171125_2032.S.052805.005606N3754.0060.nh.fits,2017-11-25T20:32:00.000,S,88,694.856076389,13.6772484035,-37.6202099675,-3.85638950209,-1.79575174004,nan,nan,22.0475396513
N300-1.Q2.B.171229_0116.C.058386.005606N3754.0060.nh.fits,2017-12-29T01:16:00.000,C,89,728.052928241,13.6770812411,-37.6202064607,10.9094935944,3.41242923735,21.5196645476,0.320189907102,21.6808487467
N300-1.Q2.B.171215_2047.S.056526.005606N3754.0060.nh.fits,2017-12-15T20:47:00.000,S,90,714.866168981,13.6771616578,-37.6201999044,13.4402132087,8.76008371996,21.2920734124,0.125214186684,22.4206537433
N300-1.Q2.B.171204_1009.A.031280.005606N3754.0060.nh.fits,2017-12-04T10:09:00.000,A,91,703.423483796,13.6772595768,-37.6201383181,28.1872576272,7.49177033751,20.4840969857,0.146787609804,21.4947263174
N300-1.Q2.B.171226_0119.C.057702.005606N3754.0060.nh.fits,2017-12-26T01:19:00.000,C,92,725.055439815,13.6772019134,-37.6201459117,12.0051516145,5.68346749174,21.4152581471,0.192701522753,22.0603244413
N300-1.Q2.B.171216_1110.A.033343.005606N3754.0060.nh.fits,2017-12-16T11:10:00.000,A,93,715.465555556,13.6772274054,-37.6201699255,16.010871245,7.10071767,21.1011392896,0.154496418514,22.0610100265
N300-1.Q2.B.171225_1122.A.034224.005606N3754.0060.nh.fits,2017-12-25T11:22:00.000,A,94,724.474027778,13.6769855126,-37.6201976139,9.85422700284,2.1511296178,21.6306498048,0.507557035543,21.1942732578
N300-1.Q2.B.171125_1900.S.052763.005606N3754.0060.nh.fits,2017-11-25T19:00:00.000,S,95,694.792372685,13.677261695,-37.620215198,-3.78159682757,-1.24567541039,nan,nan,21.5241112886
N300-1.Q2.B.171211_2041.S.055743.005606N3754.0060.nh.fits,2017-12-11T20:41:00.000,S,96,710.862060185,13.6771902575,-37.6201832144,9.13015990869,5.74437299226,21.7139079813,0.190340329091,22.4016271656
N300-1.Q2.B.171213_2050.S.056234.005606N3754.0060.nh.fits,2017-12-13T20:50:00.000,S,97,712.868576389,13.6771740132,-37.6201758547,17.6313132974,10.7235658707,20.9959626093,0.102665038809,22.3260288928
N300-1.Q2.B.171210_2038.S.055520.005606N3754.0060.nh.fits,2017-12-10T20:38:00.000,S,98,709.860023148,13.677187779,-37.6202055115,11.4768409322,6.74517138139,21.4643559075,0.162257430973,22.3220649497
N300-1.Q2.B.171213_1922.S.056196.005606N3754.0060.nh.fits,2017-12-13T19:22:00.000,S,99,712.807071759,13.6772099091,-37.6202105512,14.2702240849,7.94455970417,21.2266995301,0.138011600297,22.3150427806
N300-1.Q2.B.171225_1956.S.057917.005606N3754.0060.nh.fits,2017-12-25T19:56:00.000,S,100,724.830740741,13.6770764808,-37.6201550468,7.53991088555,2.39914529945,21.9226857549,0.455028164769,21.6098897028
N300-1.Q2.B.171120_0055.C.051475.005606N3754.0060.nh.fits,2017-11-20T00:55:00.000,C,101,689.038263889,13.6773064425,-37.6202398695,nan,nan,nan,nan,22.1566661174
N300-1.Q2.B.171205_1113.A.031529.005606N3754.0060.nh.fits,2017-12-05T11:13:00.000,A,102,704.46744213,13.6771940893,-37.6201884081,27.9139339442,9.21149202459,20.4947272132,0.11969735646,21.7402938774
N300-1.Q2.B.171207_1938.S.054856.005606N3754.0060.nh.fits,2017-12-07T19:38:00.000,S,103,706.818668981,13.6772123123,-37.6201813299,18.7945811727,11.9404699591,20.9262596597,0.0922678501493,22.4834911901
N300-1.Q2.B.171122_2001.S.052151.005606N3754.0060.nh.fits,2017-11-22T20:01:00.000,S,104,691.834097222,13.677266792,-37.6202538472,-6.11255976353,-3.93477062802,nan,nan,22.4249718165
N300-1.Q2.B.171203_1108.A.031162.005606N3754.0060.nh.fits,2017-12-03T11:08:00.000,A,105,702.463946759,13.6771579233,-37.6200474104,28.5450582673,4.05380413569,20.470335976,0.2700357254,20.7870607015
N300-1.Q2.B.171214_1922.S.056323.005606N3754.0060.nh.fits,2017-12-14T19:22:00.000,S,106,713.807627315,13.6772002652,-37.6202330289,9.61966353798,5.60930507165,21.6569320577,0.194877620496,22.3491561387
N300-1.Q2.B.171215_2007.S.056508.005606N3754.0060.nh.fits,2017-12-15T20:07:00.000,S,107,714.838483796,13.6771989412,-37.6202192946,18.6366452315,12.1428790417,20.9354659239,0.0909954712123,22.389835783
N300-1.Q2.B.171225_0138.C.057493.005606N3754.0060.nh.fits,2017-12-25T01:38:00.000,C,108,724.068518519,13.6772332321,-37.6201693351,14.5253765484,6.59433362959,21.2073656539,0.166300568345,21.9044768115
N300-1.Q2.B.171209_1949.S.055287.005606N3754.0060.nh.fits,2017-12-09T19:49:00.000,S,109,708.826018519,13.6770469421,-37.6203078745,12.0717848067,5.74113423702,21.4092197114,0.190519415336,22.0899214844
N300-1.Q2.B.171127_2034.S.053117.005606N3754.0060.nh.fits,2017-11-27T20:34:00.000,S,110,696.857627315,13.6771644279,-37.6201827118,17.4546507044,6.12186046907,21.0069488421,0.1789990132,21.7637859917
N300-1.Q2.B.171130_2042.S.053714.005606N3754.0060.nh.fits,2017-11-30T20:42:00.000,S,111,699.862916667,13.6772351456,-37.6201470124,84.5492298514,19.0234899233,19.2857302259,0.0607621129239,21.3077514512
N300-1.Q2.B.171209_2028.S.055305.005606N3754.0060.nh.fits,2017-12-09T20:28:00.000,S,112,708.853310185,13.6771362751,-37.6200436156,7.56869358794,3.59591893448,21.9185291219,0.303704177558,22.0756933949
N300-1.Q2.B.171122_0044.C.051897.005606N3754.0060.nh.fits,2017-11-22T00:44:00.000,C,113,691.031076389,13.677261739,-37.6202028073,-2.82343036852,-1.90350086068,nan,nan,22.492836524
N300-1.Q2.B.171203_1903.S.054251.005606N3754.0060.nh.fits,2017-12-03T19:03:00.000,S,114,702.794409722,13.6772172925,-37.6201120803,31.2182315923,6.36203713264,20.372676037,0.172719965882,21.1772250936
N300-1.Q2.B.171226_2015.S.058147.005606N3754.0060.nh.fits,2017-12-26T20:15:00.000,S,115,725.843865741,13.6772239999,-37.6201349312,11.6467210715,4.11939885815,21.4483260511,0.265408075825,21.7951142576
N300-1.Q2.B.171203_1951.S.054273.005606N3754.0060.nh.fits,2017-12-03T19:51:00.000,S,116,702.827326389,13.6771952852,-37.6201695027,25.1111414558,4.96612047116,20.6101651481,0.220720066208,21.1547146634
N300-1.Q2.B.171126_0051.C.052865.005606N3754.0060.nh.fits,2017-11-26T00:51:00.000,C,117,695.035439815,13.6772778942,-37.6202648258,nan,nan,nan,nan,22.047772867
N300-1.Q2.B.171130_1856.S.053668.005606N3754.0060.nh.fits,2017-11-30T18:56:00.000,S,118,699.7890625,13.6772302335,-37.6201143152,94.2253058334,23.8125232778,19.1675207818,0.0495871437372,21.4426711742
N300-1.Q2.B.171212_1127.A.032560.005606N3754.0060.nh.fits,2017-12-12T11:27:00.000,A,119,711.477268519,13.6771737183,-37.6201718203,14.5998208771,8.08969263026,21.2017886927,0.135518214118,22.3062510973
N300-1.Q2.B.171208_1909.S.055022.005606N3754.0060.nh.fits,2017-12-08T19:09:00.000,S,120,707.798287037,13.677209649,-37.6202173132,24.6724081966,15.4767316068,20.6293942891,0.0718549196742,22.4105175004
N300-1.Q2.B.171207_2024.S.054875.005606N3754.0060.nh.fits,2017-12-07T20:24:00.000,S,121,706.850150463,13.6771836881,-37.620201047,20.0520908308,12.787896194,20.8556046079,0.0862915876475,22.4980128492
N300-1.Q2.B.171225_0238.C.057517.005606N3754.0060.nh.fits,2017-12-25T02:38:00.000,C,122,724.109780093,13.6772111341,-37.6201540714,12.1900203728,5.73765470013,21.39858655,0.191068750361,22.0132956929
N300-1.Q2.B.171214_2041.S.056359.005606N3754.0060.nh.fits,2017-12-14T20:41:00.000,S,123,713.862453704,13.6771733906,-37.6202190414,13.9595503419,9.02126161284,21.2507126516,0.121597813545,22.4947458879
N300-1.Q2.B.171214_2003.S.056341.005606N3754.0060.nh.fits,2017-12-14T20:03:00.000,S,124,713.835625,13.6771573027,-37.6202100249,11.4589315788,7.86004094394,21.4660596366,0.139370481413,22.5852442788
N300-1.Q2.B.171218_1952.S.056917.005606N3754.0060.nh.fits,2017-12-18T19:52:00.000,S,125,717.827986111,13.6770349488,-37.6202103189,5.5821334026,2.70847321201,22.2506675515,0.403028108478,22.1013922675
N300-1.Q2.B.171124_1142.A.030560.005606N3754.0060.nh.fits,2017-11-24T11:42:00.000,A,126,693.488148148,13.6772811777,-37.6202071402,-2.55237544523,-1.52873667115,nan,nan,22.3752542656
N300-1.Q2.B.171226_1930.S.058129.005606N3754.0060.nh.fits,2017-12-26T19:30:00.000,S,127,725.81255787,13.6772670003,-37.6202041116,9.93614453929,3.67716294273,21.6216183158,0.297170318015,21.8449124142
N300-1.Q2.B.171120_1851.S.052005.005606N3754.0060.nh.fits,2017-11-20T18:51:00.000,S,128,689.785925926,13.6772269921,-37.6202132122,-8.05263477428,-3.72466384382,nan,nan,22.0354754876
N300-1.Q2.B.171205_1204.A.031551.005606N3754.0060.nh.fits,2017-12-05T12:04:00.000,A,129,704.503101852,13.6772941753,-37.620200794,25.4051080368,6.04499303061,20.597468014,0.181492721943,21.3413893644
N300-1.Q2.B.171127_1901.S.053074.005606N3754.0060.nh.fits,2017-11-27T19:01:00.000,S,130,696.792719907,13.6772597595,-37.6201850978,16.2565861151,5.97546389133,21.0845239573,0.183324912007,21.8227855582
N300-1.Q2.B.171201_2041.S.053902.005606N3754.0060.nh.fits,2017-12-01T20:41:00.000,S,131,700.862118056,13.6769654234,-37.6202990885,31.5562323309,3.21597890529,20.3609277979,0.340121838401,20.4364322587
N300-1.Q2.B.171203_2037.S.054295.005606N3754.0060.nh.fits,2017-12-03T20:37:00.000,S,132,702.859699074,13.6773419353,-37.6201322984,26.4314665156,4.51731920198,20.5542610765,0.242475119298,20.9798605631
N300-1.Q2.B.171211_1103.A.032344.005606N3754.0060.nh.fits,2017-12-11T11:03:00.000,A,133,710.460833333,13.6772161639,-37.6202135548,16.315077129,9.15284992827,21.0806057841,0.119934403718,22.3062464314
N300-1.Q2.B.171208_1956.S.055043.005606N3754.0060.nh.fits,2017-12-08T19:56:00.000,S,134,707.831064815,13.677210096,-37.6201813458,20.6706181768,11.6021040604,20.8224617781,0.0949776387738,22.3597700734
N300-1.Q2.B.171211_2004.S.055726.005606N3754.0060.nh.fits,2017-12-11T20:04:00.000,S,135,710.836747685,13.6772101842,-37.6202106255,15.1214671183,9.37760718767,21.1634897311,0.117027653694,22.4251466875
